{
"type": "FeatureCollection",
"name": "aspen_roads",
"crs": { "type": "name", "properties": { "name": "urn:ogc:def:crs:OGC:1.3:CRS84" } },
"features": [
{"type":"Feature","properties":{"full_id":"w17117504","osm_id":"17117504","osm_type":"way","highway":"residential","crossing:markings":null,"crossing":null,"footway":null,"maxheight":null,"oneway:bicycle":null,"bus":null,"wheelchair":null,"source:geometry":null,"operator":null,"motor_vehicle":null,"dog":null,"cycleway:both:lane":null,"parking:lanes:both":null,"maxweight:signed":null,"sidewalk:both:surface":null,"turn:lanes:forward":null,"horse":null,"mtb:scale:imba":null,"wikipedia":null,"wikidata":null,"segregated":null,"tunnel":null,"layer":null,"bridge":null,"foot":null,"turn:lanes:backward":null,"source:hgv:national_network":null,"hgv:national_network":null,"hgv":null,"alt_name":null,"parking:right:orientation":null,"parking:right":null,"parking:left:orientation":null,"parking:left":null,"cycleway:right":null,"sidewalk":null,"cycleway:both":null,"bicycle":null,"tiger:name_direction_suffix":null,"tracktype":null,"source:maxspeed":null,"smoothness":null,"parking:lane:both":null,"lanes:forward":null,"lanes:backward":null,"CDOT_route":null,"lit":null,"sidewalk:right":null,"sidewalk:left":null,"tiger:name_type_1":null,"tiger:name_direction_prefix_1":null,"tiger:name_base_1":null,"railway":null,"old_railway_operator":null,"name_1":null,"maxspeed":null,"cycleway":null,"ref":null,"tiger:name_direction_prefix":null,"parking:both:orientation":null,"parking:both":null,"oneway":null,"access":null,"service":null,"tiger:reviewed":null,"surface":null,"lanes":null,"tiger:name_type":"Ct","tiger:name_base":"Ute","tiger:county":"Pitkin, CO","tiger:cfcc":"A41","name":"Ute Court","is_in:state_code":"CO","is_in:state":"Colorado","is_in:city":"Aspen"},"geometry":{"type":"LineString","coordinates":[[-106.8152531,39.1841387],[-106.8155548,39.183974],[-106.8155976,39.1839319],[-106.8156091,39.1838815],[-106.8155852,39.183826],[-106.8155087,39.1837667],[-106.8154807,39.1837284],[-106.8154783,39.1836704]]}},
{"type":"Feature","properties":{"full_id":"w17117510","osm_id":"17117510","osm_type":"way","highway":"residential","crossing:markings":null,"crossing":null,"footway":null,"maxheight":null,"oneway:bicycle":null,"bus":null,"wheelchair":null,"source:geometry":null,"operator":null,"motor_vehicle":null,"dog":null,"cycleway:both:lane":null,"parking:lanes:both":null,"maxweight:signed":null,"sidewalk:both:surface":null,"turn:lanes:forward":null,"horse":null,"mtb:scale:imba":null,"wikipedia":null,"wikidata":null,"segregated":null,"tunnel":null,"layer":null,"bridge":null,"foot":null,"turn:lanes:backward":null,"source:hgv:national_network":null,"hgv:national_network":null,"hgv":null,"alt_name":null,"parking:right:orientation":null,"parking:right":null,"parking:left:orientation":null,"parking:left":null,"cycleway:right":null,"sidewalk":null,"cycleway:both":null,"bicycle":null,"tiger:name_direction_suffix":null,"tracktype":null,"source:maxspeed":null,"smoothness":null,"parking:lane:both":null,"lanes:forward":null,"lanes:backward":null,"CDOT_route":null,"lit":null,"sidewalk:right":null,"sidewalk:left":null,"tiger:name_type_1":null,"tiger:name_direction_prefix_1":null,"tiger:name_base_1":null,"railway":null,"old_railway_operator":null,"name_1":null,"maxspeed":null,"cycleway":null,"ref":null,"tiger:name_direction_prefix":null,"parking:both:orientation":null,"parking:both":null,"oneway":null,"access":null,"service":null,"tiger:reviewed":null,"surface":"paved","lanes":"2","tiger:name_type":null,"tiger:name_base":null,"tiger:county":null,"tiger:cfcc":null,"name":"Silverlode Drive","is_in:state_code":null,"is_in:state":null,"is_in:city":null},"geometry":{"type":"LineString","coordinates":[[-106.8083352,39.1919694],[-106.8082379,39.1920426],[-106.808186,39.1921021],[-106.8081418,39.1921679],[-106.8081203,39.1922295],[-106.8081185,39.192292],[-106.8081348,39.1923582],[-106.808174,39.1924267],[-106.8082249,39.1924801],[-106.8083019,39.1925327],[-106.8084784,39.1926377],[-106.8085764,39.1927064],[-106.8086242,39.1927599],[-106.8086529,39.1928144],[-106.8086634,39.1928701],[-106.8086601,39.192918],[-106.80864,39.1929687],[-106.8086018,39.1930214],[-106.8085123,39.1931329],[-106.8084867,39.1931773],[-106.8084663,39.193237],[-106.8084522,39.1935229],[-106.8084375,39.1936267],[-106.8084152,39.19373],[-106.8083491,39.1939293],[-106.8082836,39.1941265],[-106.8082991,39.194248],[-106.8083496,39.1944004],[-106.808476,39.1946548],[-106.8086599,39.1952329],[-106.8087222,39.1953322],[-106.8087926,39.1954239],[-106.8088903,39.195504],[-106.809012,39.1955643],[-106.8092313,39.1956423],[-106.8094855,39.1957427],[-106.8097646,39.1958208],[-106.8103514,39.1959185]]}},
{"type":"Feature","properties":{"full_id":"w17117517","osm_id":"17117517","osm_type":"way","highway":"residential","crossing:markings":null,"crossing":null,"footway":null,"maxheight":null,"oneway:bicycle":null,"bus":null,"wheelchair":null,"source:geometry":null,"operator":null,"motor_vehicle":null,"dog":null,"cycleway:both:lane":null,"parking:lanes:both":null,"maxweight:signed":null,"sidewalk:both:surface":null,"turn:lanes:forward":null,"horse":null,"mtb:scale:imba":null,"wikipedia":null,"wikidata":null,"segregated":null,"tunnel":null,"layer":null,"bridge":null,"foot":null,"turn:lanes:backward":null,"source:hgv:national_network":null,"hgv:national_network":null,"hgv":null,"alt_name":null,"parking:right:orientation":null,"parking:right":null,"parking:left:orientation":null,"parking:left":null,"cycleway:right":null,"sidewalk":null,"cycleway:both":null,"bicycle":null,"tiger:name_direction_suffix":null,"tracktype":null,"source:maxspeed":null,"smoothness":null,"parking:lane:both":null,"lanes:forward":null,"lanes:backward":null,"CDOT_route":null,"lit":null,"sidewalk:right":null,"sidewalk:left":null,"tiger:name_type_1":null,"tiger:name_direction_prefix_1":null,"tiger:name_base_1":null,"railway":null,"old_railway_operator":null,"name_1":null,"maxspeed":null,"cycleway":null,"ref":null,"tiger:name_direction_prefix":null,"parking:both:orientation":null,"parking:both":null,"oneway":null,"access":null,"service":null,"tiger:reviewed":null,"surface":"asphalt","lanes":null,"tiger:name_type":"Aly","tiger:name_base":"Race","tiger:county":"Pitkin, CO","tiger:cfcc":"A41","name":"Race Alley","is_in:state_code":"CO","is_in:state":"Colorado","is_in:city":"Aspen"},"geometry":{"type":"LineString","coordinates":[[-106.8121569,39.1939088],[-106.8122192,39.1939742],[-106.8126589,39.1939737],[-106.8127222,39.1939577],[-106.8127461,39.1939397],[-106.8127617,39.1939056],[-106.8127733,39.19287],[-106.8127726,39.1928217]]}},
{"type":"Feature","properties":{"full_id":"w17117518","osm_id":"17117518","osm_type":"way","highway":"residential","crossing:markings":null,"crossing":null,"footway":null,"maxheight":null,"oneway:bicycle":null,"bus":null,"wheelchair":null,"source:geometry":null,"operator":null,"motor_vehicle":null,"dog":null,"cycleway:both:lane":null,"parking:lanes:both":null,"maxweight:signed":null,"sidewalk:both:surface":null,"turn:lanes:forward":null,"horse":null,"mtb:scale:imba":null,"wikipedia":null,"wikidata":null,"segregated":null,"tunnel":null,"layer":null,"bridge":null,"foot":null,"turn:lanes:backward":null,"source:hgv:national_network":null,"hgv:national_network":null,"hgv":null,"alt_name":null,"parking:right:orientation":null,"parking:right":null,"parking:left:orientation":null,"parking:left":null,"cycleway:right":null,"sidewalk":null,"cycleway:both":null,"bicycle":null,"tiger:name_direction_suffix":null,"tracktype":null,"source:maxspeed":null,"smoothness":null,"parking:lane:both":null,"lanes:forward":null,"lanes:backward":null,"CDOT_route":null,"lit":null,"sidewalk:right":null,"sidewalk:left":null,"tiger:name_type_1":null,"tiger:name_direction_prefix_1":null,"tiger:name_base_1":null,"railway":null,"old_railway_operator":null,"name_1":null,"maxspeed":null,"cycleway":null,"ref":null,"tiger:name_direction_prefix":null,"parking:both:orientation":null,"parking:both":null,"oneway":null,"access":null,"service":null,"tiger:reviewed":"no","surface":null,"lanes":null,"tiger:name_type":"St","tiger:name_base":"Walnut","tiger:county":"Pitkin, CO","tiger:cfcc":"A41","name":"Walnut Street","is_in:state_code":"CO","is_in:state":"Colorado","is_in:city":"Aspen"},"geometry":{"type":"LineString","coordinates":[[-106.8133923,39.1928012],[-106.813387,39.1928644],[-106.8133548,39.1932494],[-106.8133859,39.1932895],[-106.8133943,39.1933004],[-106.8135534,39.1933247],[-106.8136339,39.1933704],[-106.8136634,39.193439],[-106.8136419,39.1935512],[-106.8136017,39.1936302],[-106.8136301,39.1936608],[-106.8136374,39.1936686],[-106.8136959,39.193688],[-106.8141209,39.1936957],[-106.8142144,39.193689]]}},
{"type":"Feature","properties":{"full_id":"w17117873","osm_id":"17117873","osm_type":"way","highway":"service","crossing:markings":null,"crossing":null,"footway":null,"maxheight":null,"oneway:bicycle":null,"bus":null,"wheelchair":null,"source:geometry":null,"operator":null,"motor_vehicle":null,"dog":null,"cycleway:both:lane":null,"parking:lanes:both":null,"maxweight:signed":null,"sidewalk:both:surface":null,"turn:lanes:forward":null,"horse":null,"mtb:scale:imba":null,"wikipedia":null,"wikidata":null,"segregated":null,"tunnel":null,"layer":null,"bridge":null,"foot":null,"turn:lanes:backward":null,"source:hgv:national_network":null,"hgv:national_network":null,"hgv":null,"alt_name":null,"parking:right:orientation":null,"parking:right":null,"parking:left:orientation":null,"parking:left":null,"cycleway:right":null,"sidewalk":null,"cycleway:both":null,"bicycle":null,"tiger:name_direction_suffix":null,"tracktype":null,"source:maxspeed":null,"smoothness":null,"parking:lane:both":null,"lanes:forward":null,"lanes:backward":null,"CDOT_route":null,"lit":null,"sidewalk:right":null,"sidewalk:left":null,"tiger:name_type_1":null,"tiger:name_direction_prefix_1":null,"tiger:name_base_1":null,"railway":null,"old_railway_operator":null,"name_1":null,"maxspeed":null,"cycleway":null,"ref":null,"tiger:name_direction_prefix":null,"parking:both:orientation":null,"parking:both":null,"oneway":null,"access":null,"service":"driveway","tiger:reviewed":null,"surface":"paved","lanes":null,"tiger:name_type":null,"tiger:name_base":null,"tiger:county":"Pitkin, CO","tiger:cfcc":"A41","name":null,"is_in:state_code":"CO","is_in:state":"Colorado","is_in:city":"Aspen"},"geometry":{"type":"LineString","coordinates":[[-106.8148433,39.1851058],[-106.8147635,39.1850435],[-106.8140724,39.1848931],[-106.8139857,39.1848969],[-106.8135462,39.1848041]]}},
{"type":"Feature","properties":{"full_id":"w17117975","osm_id":"17117975","osm_type":"way","highway":"service","crossing:markings":null,"crossing":null,"footway":null,"maxheight":null,"oneway:bicycle":null,"bus":null,"wheelchair":null,"source:geometry":null,"operator":null,"motor_vehicle":null,"dog":null,"cycleway:both:lane":null,"parking:lanes:both":null,"maxweight:signed":null,"sidewalk:both:surface":null,"turn:lanes:forward":null,"horse":null,"mtb:scale:imba":null,"wikipedia":null,"wikidata":null,"segregated":null,"tunnel":null,"layer":null,"bridge":null,"foot":null,"turn:lanes:backward":null,"source:hgv:national_network":null,"hgv:national_network":null,"hgv":null,"alt_name":null,"parking:right:orientation":null,"parking:right":null,"parking:left:orientation":null,"parking:left":null,"cycleway:right":null,"sidewalk":null,"cycleway:both":null,"bicycle":null,"tiger:name_direction_suffix":null,"tracktype":null,"source:maxspeed":null,"smoothness":null,"parking:lane:both":null,"lanes:forward":null,"lanes:backward":null,"CDOT_route":null,"lit":null,"sidewalk:right":null,"sidewalk:left":null,"tiger:name_type_1":null,"tiger:name_direction_prefix_1":null,"tiger:name_base_1":null,"railway":null,"old_railway_operator":null,"name_1":null,"maxspeed":null,"cycleway":null,"ref":null,"tiger:name_direction_prefix":null,"parking:both:orientation":null,"parking:both":null,"oneway":null,"access":"private","service":null,"tiger:reviewed":"no","surface":null,"lanes":null,"tiger:name_type":null,"tiger:name_base":null,"tiger:county":"Pitkin, CO","tiger:cfcc":"A74","name":null,"is_in:state_code":"CO","is_in:state":"Colorado","is_in:city":"Aspen"},"geometry":{"type":"LineString","coordinates":[[-106.8114212,39.1810549],[-106.8113503,39.1811633],[-106.8113249,39.1812016],[-106.8110119,39.1814667],[-106.810693,39.1813457],[-106.8105864,39.1814174]]}},
{"type":"Feature","properties":{"full_id":"w17118379","osm_id":"17118379","osm_type":"way","highway":"residential","crossing:markings":null,"crossing":null,"footway":null,"maxheight":null,"oneway:bicycle":null,"bus":null,"wheelchair":null,"source:geometry":null,"operator":null,"motor_vehicle":null,"dog":null,"cycleway:both:lane":null,"parking:lanes:both":null,"maxweight:signed":null,"sidewalk:both:surface":null,"turn:lanes:forward":null,"horse":null,"mtb:scale:imba":null,"wikipedia":null,"wikidata":null,"segregated":null,"tunnel":null,"layer":null,"bridge":null,"foot":null,"turn:lanes:backward":null,"source:hgv:national_network":null,"hgv:national_network":null,"hgv":null,"alt_name":null,"parking:right:orientation":null,"parking:right":null,"parking:left:orientation":null,"parking:left":null,"cycleway:right":null,"sidewalk":null,"cycleway:both":null,"bicycle":null,"tiger:name_direction_suffix":null,"tracktype":null,"source:maxspeed":null,"smoothness":null,"parking:lane:both":null,"lanes:forward":null,"lanes:backward":null,"CDOT_route":null,"lit":null,"sidewalk:right":null,"sidewalk:left":null,"tiger:name_type_1":null,"tiger:name_direction_prefix_1":null,"tiger:name_base_1":null,"railway":null,"old_railway_operator":null,"name_1":null,"maxspeed":null,"cycleway":null,"ref":null,"tiger:name_direction_prefix":null,"parking:both:orientation":null,"parking:both":null,"oneway":null,"access":"private","service":null,"tiger:reviewed":null,"surface":null,"lanes":null,"tiger:name_type":null,"tiger:name_base":null,"tiger:county":"Pitkin, CO","tiger:cfcc":"A74","name":"Robinson Road","is_in:state_code":null,"is_in:state":null,"is_in:city":null},"geometry":{"type":"LineString","coordinates":[[-106.8085242,39.1858242],[-106.8089436,39.1862191],[-106.8089573,39.1862747],[-106.8089475,39.1863328]]}},
{"type":"Feature","properties":{"full_id":"w17118720","osm_id":"17118720","osm_type":"way","highway":"residential","crossing:markings":null,"crossing":null,"footway":null,"maxheight":null,"oneway:bicycle":null,"bus":null,"wheelchair":null,"source:geometry":null,"operator":null,"motor_vehicle":null,"dog":null,"cycleway:both:lane":null,"parking:lanes:both":null,"maxweight:signed":null,"sidewalk:both:surface":null,"turn:lanes:forward":null,"horse":null,"mtb:scale:imba":null,"wikipedia":null,"wikidata":null,"segregated":null,"tunnel":null,"layer":null,"bridge":null,"foot":null,"turn:lanes:backward":null,"source:hgv:national_network":null,"hgv:national_network":null,"hgv":null,"alt_name":null,"parking:right:orientation":null,"parking:right":null,"parking:left:orientation":null,"parking:left":null,"cycleway:right":null,"sidewalk":null,"cycleway:both":null,"bicycle":null,"tiger:name_direction_suffix":null,"tracktype":null,"source:maxspeed":null,"smoothness":null,"parking:lane:both":null,"lanes:forward":null,"lanes:backward":null,"CDOT_route":null,"lit":null,"sidewalk:right":null,"sidewalk:left":null,"tiger:name_type_1":null,"tiger:name_direction_prefix_1":null,"tiger:name_base_1":null,"railway":null,"old_railway_operator":null,"name_1":null,"maxspeed":null,"cycleway":null,"ref":null,"tiger:name_direction_prefix":null,"parking:both:orientation":null,"parking:both":null,"oneway":null,"access":null,"service":null,"tiger:reviewed":"no","surface":null,"lanes":null,"tiger:name_type":null,"tiger:name_base":null,"tiger:county":"Pitkin, CO","tiger:cfcc":"A41","name":null,"is_in:state_code":"CO","is_in:state":"Colorado","is_in:city":"Aspen"},"geometry":{"type":"LineString","coordinates":[[-106.8100321,39.1890211],[-106.8101452,39.1890054],[-106.8103789,39.1890503],[-106.8105251,39.189093],[-106.8106168,39.1891717]]}},
{"type":"Feature","properties":{"full_id":"w17119002","osm_id":"17119002","osm_type":"way","highway":"service","crossing:markings":null,"crossing":null,"footway":null,"maxheight":null,"oneway:bicycle":null,"bus":null,"wheelchair":null,"source:geometry":null,"operator":null,"motor_vehicle":null,"dog":null,"cycleway:both:lane":null,"parking:lanes:both":null,"maxweight:signed":null,"sidewalk:both:surface":null,"turn:lanes:forward":null,"horse":null,"mtb:scale:imba":null,"wikipedia":null,"wikidata":null,"segregated":null,"tunnel":null,"layer":null,"bridge":null,"foot":null,"turn:lanes:backward":null,"source:hgv:national_network":null,"hgv:national_network":null,"hgv":null,"alt_name":null,"parking:right:orientation":null,"parking:right":null,"parking:left:orientation":null,"parking:left":null,"cycleway:right":null,"sidewalk":null,"cycleway:both":null,"bicycle":null,"tiger:name_direction_suffix":null,"tracktype":null,"source:maxspeed":null,"smoothness":null,"parking:lane:both":null,"lanes:forward":null,"lanes:backward":null,"CDOT_route":null,"lit":null,"sidewalk:right":null,"sidewalk:left":null,"tiger:name_type_1":null,"tiger:name_direction_prefix_1":null,"tiger:name_base_1":null,"railway":null,"old_railway_operator":null,"name_1":null,"maxspeed":null,"cycleway":null,"ref":null,"tiger:name_direction_prefix":null,"parking:both:orientation":null,"parking:both":null,"oneway":null,"access":null,"service":"driveway","tiger:reviewed":"no","surface":null,"lanes":null,"tiger:name_type":null,"tiger:name_base":null,"tiger:county":"Pitkin, CO","tiger:cfcc":"A41","name":null,"is_in:state_code":null,"is_in:state":null,"is_in:city":null},"geometry":{"type":"LineString","coordinates":[[-106.8194551,39.1864623],[-106.8193335,39.1864072],[-106.8193598,39.1863359],[-106.8193924,39.1863071],[-106.8194636,39.1862799]]}},
{"type":"Feature","properties":{"full_id":"w17119068","osm_id":"17119068","osm_type":"way","highway":"service","crossing:markings":null,"crossing":null,"footway":null,"maxheight":null,"oneway:bicycle":null,"bus":null,"wheelchair":null,"source:geometry":null,"operator":null,"motor_vehicle":null,"dog":null,"cycleway:both:lane":null,"parking:lanes:both":null,"maxweight:signed":null,"sidewalk:both:surface":null,"turn:lanes:forward":null,"horse":null,"mtb:scale:imba":null,"wikipedia":null,"wikidata":null,"segregated":null,"tunnel":null,"layer":null,"bridge":null,"foot":null,"turn:lanes:backward":null,"source:hgv:national_network":null,"hgv:national_network":null,"hgv":null,"alt_name":null,"parking:right:orientation":null,"parking:right":null,"parking:left:orientation":null,"parking:left":null,"cycleway:right":null,"sidewalk":null,"cycleway:both":null,"bicycle":null,"tiger:name_direction_suffix":null,"tracktype":null,"source:maxspeed":null,"smoothness":null,"parking:lane:both":null,"lanes:forward":null,"lanes:backward":null,"CDOT_route":null,"lit":null,"sidewalk:right":null,"sidewalk:left":null,"tiger:name_type_1":null,"tiger:name_direction_prefix_1":null,"tiger:name_base_1":null,"railway":null,"old_railway_operator":null,"name_1":null,"maxspeed":null,"cycleway":null,"ref":null,"tiger:name_direction_prefix":null,"parking:both:orientation":null,"parking:both":null,"oneway":"no","access":null,"service":null,"tiger:reviewed":null,"surface":"asphalt","lanes":null,"tiger:name_type":null,"tiger:name_base":null,"tiger:county":"Pitkin, CO","tiger:cfcc":"A41","name":null,"is_in:state_code":"CO","is_in:state":"Colorado","is_in:city":"Aspen"},"geometry":{"type":"LineString","coordinates":[[-106.8179713,39.1909061],[-106.8190687,39.1911297]]}},
{"type":"Feature","properties":{"full_id":"w17119164","osm_id":"17119164","osm_type":"way","highway":"residential","crossing:markings":null,"crossing":null,"footway":null,"maxheight":null,"oneway:bicycle":null,"bus":null,"wheelchair":null,"source:geometry":null,"operator":null,"motor_vehicle":null,"dog":null,"cycleway:both:lane":null,"parking:lanes:both":null,"maxweight:signed":null,"sidewalk:both:surface":null,"turn:lanes:forward":null,"horse":null,"mtb:scale:imba":null,"wikipedia":null,"wikidata":null,"segregated":null,"tunnel":null,"layer":null,"bridge":null,"foot":null,"turn:lanes:backward":null,"source:hgv:national_network":null,"hgv:national_network":null,"hgv":null,"alt_name":null,"parking:right:orientation":null,"parking:right":null,"parking:left:orientation":null,"parking:left":null,"cycleway:right":null,"sidewalk":null,"cycleway:both":null,"bicycle":null,"tiger:name_direction_suffix":null,"tracktype":null,"source:maxspeed":null,"smoothness":null,"parking:lane:both":null,"lanes:forward":null,"lanes:backward":null,"CDOT_route":null,"lit":null,"sidewalk:right":null,"sidewalk:left":null,"tiger:name_type_1":null,"tiger:name_direction_prefix_1":null,"tiger:name_base_1":null,"railway":null,"old_railway_operator":null,"name_1":null,"maxspeed":null,"cycleway":null,"ref":null,"tiger:name_direction_prefix":"S","parking:both:orientation":"parallel","parking:both":"lane","oneway":null,"access":null,"service":null,"tiger:reviewed":"no","surface":"asphalt","lanes":null,"tiger:name_type":"St","tiger:name_base":"Original","tiger:county":"Pitkin, CO","tiger:cfcc":"A41","name":"South Original Street","is_in:state_code":"CO","is_in:state":"Colorado","is_in:city":"Aspen"},"geometry":{"type":"LineString","coordinates":[[-106.8164248,39.185275],[-106.8164074,39.1853435],[-106.8163657,39.1853962],[-106.8161409,39.1855597],[-106.8158776,39.1858171],[-106.8158437,39.1858729],[-106.8157488,39.186154],[-106.8156083,39.1865418]]}},
{"type":"Feature","properties":{"full_id":"w17119231","osm_id":"17119231","osm_type":"way","highway":"service","crossing:markings":null,"crossing":null,"footway":null,"maxheight":null,"oneway:bicycle":null,"bus":null,"wheelchair":null,"source:geometry":null,"operator":null,"motor_vehicle":null,"dog":null,"cycleway:both:lane":null,"parking:lanes:both":null,"maxweight:signed":null,"sidewalk:both:surface":null,"turn:lanes:forward":null,"horse":null,"mtb:scale:imba":null,"wikipedia":null,"wikidata":null,"segregated":null,"tunnel":null,"layer":null,"bridge":null,"foot":null,"turn:lanes:backward":null,"source:hgv:national_network":null,"hgv:national_network":null,"hgv":null,"alt_name":null,"parking:right:orientation":null,"parking:right":null,"parking:left:orientation":null,"parking:left":null,"cycleway:right":null,"sidewalk":null,"cycleway:both":null,"bicycle":null,"tiger:name_direction_suffix":null,"tracktype":null,"source:maxspeed":null,"smoothness":null,"parking:lane:both":null,"lanes:forward":null,"lanes:backward":null,"CDOT_route":null,"lit":null,"sidewalk:right":null,"sidewalk:left":null,"tiger:name_type_1":null,"tiger:name_direction_prefix_1":null,"tiger:name_base_1":null,"railway":null,"old_railway_operator":null,"name_1":null,"maxspeed":null,"cycleway":null,"ref":null,"tiger:name_direction_prefix":"E","parking:both:orientation":null,"parking:both":null,"oneway":null,"access":"private","service":null,"tiger:reviewed":null,"surface":null,"lanes":null,"tiger:name_type":"St","tiger:name_base":"Francis","tiger:county":"Pitkin, CO","tiger:cfcc":"A74","name":"East Francis Street","is_in:state_code":"CO","is_in:state":"Colorado","is_in:city":"Aspen"},"geometry":{"type":"LineString","coordinates":[[-106.8147663,39.1924357],[-106.8139888,39.1922665]]}},
{"type":"Feature","properties":{"full_id":"w17119258","osm_id":"17119258","osm_type":"way","highway":"track","crossing:markings":null,"crossing":null,"footway":null,"maxheight":null,"oneway:bicycle":null,"bus":null,"wheelchair":null,"source:geometry":null,"operator":null,"motor_vehicle":null,"dog":null,"cycleway:both:lane":null,"parking:lanes:both":null,"maxweight:signed":null,"sidewalk:both:surface":null,"turn:lanes:forward":null,"horse":null,"mtb:scale:imba":null,"wikipedia":null,"wikidata":null,"segregated":null,"tunnel":null,"layer":null,"bridge":null,"foot":null,"turn:lanes:backward":null,"source:hgv:national_network":null,"hgv:national_network":null,"hgv":null,"alt_name":null,"parking:right:orientation":null,"parking:right":null,"parking:left:orientation":null,"parking:left":null,"cycleway:right":null,"sidewalk":null,"cycleway:both":null,"bicycle":null,"tiger:name_direction_suffix":null,"tracktype":null,"source:maxspeed":null,"smoothness":null,"parking:lane:both":null,"lanes:forward":null,"lanes:backward":null,"CDOT_route":null,"lit":null,"sidewalk:right":null,"sidewalk:left":null,"tiger:name_type_1":null,"tiger:name_direction_prefix_1":null,"tiger:name_base_1":null,"railway":null,"old_railway_operator":null,"name_1":null,"maxspeed":null,"cycleway":null,"ref":"CR 14","tiger:name_direction_prefix":null,"parking:both:orientation":null,"parking:both":null,"oneway":null,"access":null,"service":null,"tiger:reviewed":null,"surface":null,"lanes":null,"tiger:name_type":null,"tiger:name_base":null,"tiger:county":null,"tiger:cfcc":null,"name":"Aspen Mountain Road","is_in:state_code":null,"is_in:state":null,"is_in:city":null},"geometry":{"type":"LineString","coordinates":[[-106.8180513,39.1505961],[-106.817962,39.1508225],[-106.8179251,39.1509781],[-106.8180587,39.1512703],[-106.8179776,39.1515738],[-106.817821,39.1517224],[-106.8174896,39.151982],[-106.8172864,39.1523385],[-106.8172152,39.1528801],[-106.8172509,39.153132],[-106.8174472,39.1536269],[-106.8176511,39.1541647],[-106.8179044,39.1560165],[-106.8179178,39.1561141],[-106.8180095,39.1564592],[-106.818123,39.1566084],[-106.8182768,39.1567106],[-106.8184579,39.1567015],[-106.8186631,39.1566009],[-106.8188701,39.1566238],[-106.8189517,39.156727],[-106.8189871,39.1568832],[-106.8189644,39.1571025],[-106.8188146,39.1574936],[-106.8186884,39.1578432],[-106.8186852,39.1580285],[-106.8187046,39.1581708],[-106.8189647,39.1584797],[-106.8190572,39.1586337],[-106.8190784,39.1587903],[-106.8190131,39.1589151],[-106.8189726,39.1589926],[-106.8188602,39.1591496],[-106.8183448,39.1594741],[-106.8181988,39.159572],[-106.818155,39.1596751],[-106.8180165,39.160001],[-106.8180311,39.160446],[-106.8179096,39.1610007],[-106.8180081,39.1613374],[-106.8181399,39.161368],[-106.8187166,39.1614427],[-106.8189953,39.161418],[-106.8197428,39.1610618],[-106.8201147,39.1607579],[-106.8203807,39.1606573],[-106.8205822,39.1606418],[-106.8208217,39.1607059],[-106.8210707,39.1607938],[-106.8215985,39.1610107],[-106.8217127,39.1611029],[-106.8217476,39.1612445],[-106.8217239,39.1613038],[-106.8216693,39.161387],[-106.8216612,39.1613987],[-106.8215733,39.161525],[-106.8216046,39.1616527],[-106.8216598,39.1617325],[-106.8217597,39.1617541],[-106.8217817,39.1617606],[-106.8219445,39.1617326],[-106.8221557,39.1615977],[-106.8223129,39.16138],[-106.8225276,39.1612994],[-106.8227385,39.1613045],[-106.8229223,39.1614272],[-106.8229606,39.1614543],[-106.8231622,39.161597],[-106.8233323,39.1616221],[-106.823662,39.1615729],[-106.824243,39.16138],[-106.8243633,39.1613882],[-106.8244176,39.1614713],[-106.8243884,39.1615439],[-106.8237731,39.1620637],[-106.8237098,39.1621948],[-106.8237324,39.1622996],[-106.8241615,39.1626518],[-106.8242072,39.1630018],[-106.8242722,39.1631287],[-106.8245348,39.1633536],[-106.8246025,39.1634875],[-106.8244737,39.1643816],[-106.8243496,39.1648009],[-106.8243546,39.1649865],[-106.8245409,39.1655232],[-106.8245591,39.1657422],[-106.8243904,39.1662666],[-106.8243691,39.1664648],[-106.8245666,39.1670001],[-106.8246778,39.167923],[-106.8248478,39.1680991],[-106.8255773,39.16834],[-106.8259318,39.1685757],[-106.8261427,39.1687844],[-106.826173,39.169152],[-106.826173,39.169472],[-106.8261223,39.1696461],[-106.8260279,39.1698018],[-106.8259397,39.1699473],[-106.825881,39.1700441],[-106.825744,39.1704095],[-106.8257232,39.1705431],[-106.8258282,39.1715514],[-106.8258413,39.1718785],[-106.8257731,39.1722966],[-106.8258187,39.1724245],[-106.8259339,39.1725381],[-106.8261671,39.1726358],[-106.8269756,39.172794],[-106.8273043,39.1727638],[-106.8274091,39.1728192],[-106.8276237,39.1737242],[-106.8281794,39.1748201],[-106.8285609,39.1755982],[-106.8285552,39.1757054],[-106.8284282,39.1758073],[-106.8282391,39.1757708],[-106.8276603,39.1753271],[-106.8269998,39.174979],[-106.826635,39.1749301],[-106.8263556,39.174967],[-106.8258691,39.175195],[-106.8254756,39.1754702],[-106.8251232,39.1757253],[-106.8248567,39.1762403],[-106.824608,39.1766827],[-106.8246958,39.1767227],[-106.8248521,39.1767152],[-106.8252382,39.1764653],[-106.825447,39.1764179],[-106.8257936,39.1764752],[-106.8261818,39.176651],[-106.8262911,39.1769042],[-106.8265119,39.1773035],[-106.8266044,39.1774094],[-106.8268729,39.1776077],[-106.8271556,39.1777313],[-106.8271772,39.1778186],[-106.8270895,39.1778709],[-106.8260543,39.1777391],[-106.8258394,39.1777711],[-106.8253925,39.1779149],[-106.8249878,39.1781077],[-106.824547,39.1785439],[-106.8241445,39.1787341],[-106.8240822,39.1787635],[-106.8239065,39.1787953],[-106.8236611,39.1786677],[-106.8235797,39.1786981],[-106.8235478,39.1787639],[-106.8240379,39.179141],[-106.8242889,39.1792669],[-106.8244816,39.1792926],[-106.824549,39.1792715],[-106.8248473,39.1791781],[-106.8252286,39.1791245],[-106.8253565,39.1790882],[-106.8256927,39.1789928],[-106.8260057,39.1791166],[-106.8262467,39.1792629],[-106.8263988,39.1794423],[-106.8263886,39.1797456],[-106.826451,39.1801335],[-106.8266089,39.1804754],[-106.8267499,39.1806495],[-106.8271193,39.1808525],[-106.8274052,39.1813438],[-106.8275382,39.182073],[-106.8275813,39.1826191],[-106.8276009,39.1828776],[-106.8278062,39.1832416],[-106.8279119,39.1837567],[-106.8280319,39.184046],[-106.8281218,39.1841556],[-106.8282182,39.1842751],[-106.8282632,39.1843797],[-106.8283018,39.1844793],[-106.8282825,39.1845689],[-106.8282246,39.1846088],[-106.8281411,39.1846337],[-106.828064,39.1845889],[-106.8279419,39.1844843],[-106.8277556,39.1844195],[-106.8275178,39.1843598],[-106.8272994,39.184295],[-106.8270038,39.1842253],[-106.8267853,39.1841556],[-106.8265476,39.1841207],[-106.8263822,39.1841207],[-106.8263227,39.1841207],[-106.8261101,39.1841646],[-106.8258354,39.1842079],[-106.8256534,39.184109],[-106.8254846,39.183759],[-106.825458,39.1837039],[-106.8253537,39.1836344],[-106.8250068,39.1835605],[-106.824874,39.1835019],[-106.8247895,39.183381],[-106.8247411,39.1831919],[-106.8247064,39.1830532],[-106.8246156,39.1829495],[-106.8244096,39.1828394],[-106.8242118,39.1828016],[-106.8232646,39.1827105],[-106.8228026,39.1826392],[-106.8226478,39.1826311],[-106.8225128,39.182632],[-106.8222533,39.1826428],[-106.8221137,39.1826139],[-106.82186,39.1824426],[-106.821654,39.1823902],[-106.8214108,39.1824002],[-106.8210687,39.1824344],[-106.8209023,39.1824371],[-106.8206696,39.1824074],[-106.8205451,39.1824191],[-106.8204729,39.1824498],[-106.820417,39.1825508],[-106.8203344,39.1827186],[-106.8200028,39.1830767],[-106.8198154,39.1832309],[-106.8196129,39.1833256],[-106.8193104,39.1834104],[-106.8190614,39.1834681],[-106.8188577,39.1834726],[-106.8186564,39.1834591],[-106.8185524,39.183445],[-106.8185098,39.1834393],[-106.8184365,39.1835042],[-106.8184341,39.1835926],[-106.8184702,39.1836792],[-106.8185119,39.1837178],[-106.8185424,39.183746],[-106.8188391,39.1839011],[-106.8190905,39.1840887],[-106.8192289,39.184279],[-106.8192836,39.1845992],[-106.8192092,39.1848545],[-106.8190555,39.1852712],[-106.8189729,39.1853181],[-106.8189163,39.1853342],[-106.8188298,39.1853587],[-106.8181502,39.1854633],[-106.8179663,39.1854435],[-106.8178965,39.1854029],[-106.8177463,39.1852069]]}},
{"type":"Feature","properties":{"full_id":"w17119270","osm_id":"17119270","osm_type":"way","highway":"residential","crossing:markings":null,"crossing":null,"footway":null,"maxheight":null,"oneway:bicycle":null,"bus":null,"wheelchair":null,"source:geometry":null,"operator":null,"motor_vehicle":null,"dog":null,"cycleway:both:lane":null,"parking:lanes:both":null,"maxweight:signed":null,"sidewalk:both:surface":null,"turn:lanes:forward":null,"horse":null,"mtb:scale:imba":null,"wikipedia":null,"wikidata":null,"segregated":null,"tunnel":null,"layer":null,"bridge":null,"foot":null,"turn:lanes:backward":null,"source:hgv:national_network":null,"hgv:national_network":null,"hgv":null,"alt_name":null,"parking:right:orientation":null,"parking:right":null,"parking:left:orientation":null,"parking:left":null,"cycleway:right":null,"sidewalk":null,"cycleway:both":null,"bicycle":null,"tiger:name_direction_suffix":null,"tracktype":null,"source:maxspeed":null,"smoothness":null,"parking:lane:both":null,"lanes:forward":null,"lanes:backward":null,"CDOT_route":null,"lit":null,"sidewalk:right":null,"sidewalk:left":null,"tiger:name_type_1":null,"tiger:name_direction_prefix_1":null,"tiger:name_base_1":null,"railway":null,"old_railway_operator":null,"name_1":null,"maxspeed":null,"cycleway":null,"ref":null,"tiger:name_direction_prefix":null,"parking:both:orientation":null,"parking:both":null,"oneway":null,"access":null,"service":null,"tiger:reviewed":"no","surface":null,"lanes":null,"tiger:name_type":"Ct","tiger:name_base":"Lacet","tiger:county":"Pitkin, CO","tiger:cfcc":"A41","name":"Lacet Court","is_in:state_code":"CO","is_in:state":"Colorado","is_in:city":"Aspen"},"geometry":{"type":"LineString","coordinates":[[-106.8097816,39.1858634],[-106.8096365,39.1857269],[-106.8093921,39.185581]]}},
{"type":"Feature","properties":{"full_id":"w17119274","osm_id":"17119274","osm_type":"way","highway":"service","crossing:markings":null,"crossing":null,"footway":null,"maxheight":null,"oneway:bicycle":null,"bus":null,"wheelchair":null,"source:geometry":null,"operator":null,"motor_vehicle":null,"dog":null,"cycleway:both:lane":null,"parking:lanes:both":null,"maxweight:signed":null,"sidewalk:both:surface":null,"turn:lanes:forward":null,"horse":null,"mtb:scale:imba":null,"wikipedia":null,"wikidata":null,"segregated":null,"tunnel":null,"layer":null,"bridge":null,"foot":null,"turn:lanes:backward":null,"source:hgv:national_network":null,"hgv:national_network":null,"hgv":null,"alt_name":null,"parking:right:orientation":null,"parking:right":null,"parking:left:orientation":null,"parking:left":null,"cycleway:right":null,"sidewalk":null,"cycleway:both":null,"bicycle":null,"tiger:name_direction_suffix":null,"tracktype":null,"source:maxspeed":null,"smoothness":null,"parking:lane:both":null,"lanes:forward":null,"lanes:backward":null,"CDOT_route":null,"lit":null,"sidewalk:right":null,"sidewalk:left":null,"tiger:name_type_1":null,"tiger:name_direction_prefix_1":null,"tiger:name_base_1":null,"railway":null,"old_railway_operator":null,"name_1":null,"maxspeed":null,"cycleway":null,"ref":null,"tiger:name_direction_prefix":null,"parking:both:orientation":null,"parking:both":null,"oneway":null,"access":null,"service":null,"tiger:reviewed":null,"surface":"paved","lanes":null,"tiger:name_type":"Pl","tiger:name_base":"Midland Park","tiger:county":"Pitkin, CO","tiger:cfcc":"A41","name":"Midland Park Place","is_in:state_code":"CO","is_in:state":"Colorado","is_in:city":"Aspen"},"geometry":{"type":"LineString","coordinates":[[-106.8094712,39.1890449],[-106.8094619,39.1891846],[-106.80944,39.1892488],[-106.8093693,39.1892922],[-106.8088847,39.1892931],[-106.8087617,39.1892856],[-106.8085934,39.189228],[-106.8084202,39.1891593],[-106.8080061,39.1889951],[-106.8080113,39.1889677],[-106.8080049,39.1889405],[-106.8079876,39.1889163],[-106.8079612,39.1888977],[-106.8079285,39.1888866],[-106.8078929,39.1888843],[-106.8078582,39.1888909],[-106.8078281,39.1889058],[-106.8078058,39.1889274],[-106.8077936,39.1889534],[-106.8077928,39.1889811],[-106.807804,39.1890082],[-106.8078261,39.189031],[-106.8078567,39.1890468],[-106.8078923,39.1890539],[-106.8079289,39.1890515],[-106.8079625,39.1890399],[-106.8079892,39.1890204],[-106.8080061,39.1889951]]}},
{"type":"Feature","properties":{"full_id":"w17119281","osm_id":"17119281","osm_type":"way","highway":"residential","crossing:markings":null,"crossing":null,"footway":null,"maxheight":null,"oneway:bicycle":null,"bus":null,"wheelchair":null,"source:geometry":null,"operator":null,"motor_vehicle":null,"dog":null,"cycleway:both:lane":null,"parking:lanes:both":null,"maxweight:signed":null,"sidewalk:both:surface":null,"turn:lanes:forward":null,"horse":null,"mtb:scale:imba":null,"wikipedia":null,"wikidata":null,"segregated":null,"tunnel":null,"layer":null,"bridge":null,"foot":null,"turn:lanes:backward":null,"source:hgv:national_network":null,"hgv:national_network":null,"hgv":null,"alt_name":null,"parking:right:orientation":null,"parking:right":null,"parking:left:orientation":null,"parking:left":null,"cycleway:right":null,"sidewalk":null,"cycleway:both":null,"bicycle":null,"tiger:name_direction_suffix":null,"tracktype":null,"source:maxspeed":null,"smoothness":null,"parking:lane:both":null,"lanes:forward":null,"lanes:backward":null,"CDOT_route":null,"lit":null,"sidewalk:right":null,"sidewalk:left":null,"tiger:name_type_1":null,"tiger:name_direction_prefix_1":null,"tiger:name_base_1":null,"railway":null,"old_railway_operator":null,"name_1":null,"maxspeed":null,"cycleway":null,"ref":null,"tiger:name_direction_prefix":null,"parking:both:orientation":null,"parking:both":null,"oneway":null,"access":null,"service":null,"tiger:reviewed":"no","surface":"asphalt","lanes":null,"tiger:name_type":"Dr","tiger:name_base":"Riverside","tiger:county":"Pitkin, CO","tiger:cfcc":"A41","name":"Riverside Drive","is_in:state_code":"CO","is_in:state":"Colorado","is_in:city":"Aspen"},"geometry":{"type":"LineString","coordinates":[[-106.8102245,39.1846977],[-106.8102641,39.1846761],[-106.8103104,39.1846655],[-106.8103587,39.1846671],[-106.8104038,39.1846807],[-106.8104409,39.1847048],[-106.8104659,39.1847368],[-106.8104763,39.1847734],[-106.8104709,39.1848107],[-106.8104503,39.1848446],[-106.8104162,39.1848719],[-106.8103723,39.1848891],[-106.8103237,39.1848942],[-106.8102755,39.1848867],[-106.8102332,39.1848674],[-106.8102014,39.1848384],[-106.8101835,39.184803],[-106.8101815,39.184765],[-106.8101957,39.1847285],[-106.8102245,39.1846977],[-106.8101364,39.1846289],[-106.8100777,39.184567],[-106.8100419,39.1845],[-106.8100304,39.1844268],[-106.8100404,39.1843421],[-106.8101666,39.1840141],[-106.8101748,39.1839376],[-106.8101682,39.1838705],[-106.8101326,39.183811],[-106.8100666,39.1837607],[-106.8099937,39.183747],[-106.8099182,39.1837437],[-106.809307,39.1838447],[-106.8088258,39.18393],[-106.8087142,39.1839897],[-106.8085922,39.1840605],[-106.8080381,39.1843821],[-106.807973,39.1844166]]}},
{"type":"Feature","properties":{"full_id":"w17119397","osm_id":"17119397","osm_type":"way","highway":"residential","crossing:markings":null,"crossing":null,"footway":null,"maxheight":null,"oneway:bicycle":null,"bus":null,"wheelchair":null,"source:geometry":null,"operator":null,"motor_vehicle":null,"dog":null,"cycleway:both:lane":null,"parking:lanes:both":null,"maxweight:signed":null,"sidewalk:both:surface":null,"turn:lanes:forward":null,"horse":null,"mtb:scale:imba":null,"wikipedia":null,"wikidata":null,"segregated":null,"tunnel":null,"layer":null,"bridge":null,"foot":null,"turn:lanes:backward":null,"source:hgv:national_network":null,"hgv:national_network":null,"hgv":null,"alt_name":null,"parking:right:orientation":null,"parking:right":null,"parking:left:orientation":null,"parking:left":null,"cycleway:right":null,"sidewalk":null,"cycleway:both":null,"bicycle":null,"tiger:name_direction_suffix":null,"tracktype":null,"source:maxspeed":null,"smoothness":null,"parking:lane:both":null,"lanes:forward":null,"lanes:backward":null,"CDOT_route":null,"lit":null,"sidewalk:right":null,"sidewalk:left":null,"tiger:name_type_1":null,"tiger:name_direction_prefix_1":null,"tiger:name_base_1":null,"railway":null,"old_railway_operator":null,"name_1":null,"maxspeed":null,"cycleway":null,"ref":null,"tiger:name_direction_prefix":"N","parking:both:orientation":null,"parking:both":null,"oneway":null,"access":null,"service":null,"tiger:reviewed":"no","surface":"asphalt","lanes":null,"tiger:name_type":"Ave","tiger:name_base":"Riverside","tiger:county":"Pitkin, CO","tiger:cfcc":"A41","name":"North Riverside Avenue","is_in:state_code":"CO","is_in:state":"Colorado","is_in:city":"Aspen"},"geometry":{"type":"LineString","coordinates":[[-106.8111286,39.1864892],[-106.811117,39.1865603],[-106.8110413,39.1870264],[-106.8110214,39.1872167],[-106.8110029,39.1872625],[-106.8109831,39.1872992],[-106.8109514,39.1873231]]}},
{"type":"Feature","properties":{"full_id":"w17119434","osm_id":"17119434","osm_type":"way","highway":"tertiary","crossing:markings":null,"crossing":null,"footway":null,"maxheight":null,"oneway:bicycle":null,"bus":null,"wheelchair":null,"source:geometry":null,"operator":null,"motor_vehicle":null,"dog":null,"cycleway:both:lane":null,"parking:lanes:both":null,"maxweight:signed":null,"sidewalk:both:surface":null,"turn:lanes:forward":null,"horse":null,"mtb:scale:imba":null,"wikipedia":null,"wikidata":null,"segregated":null,"tunnel":null,"layer":null,"bridge":null,"foot":null,"turn:lanes:backward":null,"source:hgv:national_network":null,"hgv:national_network":null,"hgv":null,"alt_name":null,"parking:right:orientation":null,"parking:right":null,"parking:left:orientation":null,"parking:left":null,"cycleway:right":null,"sidewalk":null,"cycleway:both":null,"bicycle":null,"tiger:name_direction_suffix":null,"tracktype":null,"source:maxspeed":null,"smoothness":null,"parking:lane:both":null,"lanes:forward":null,"lanes:backward":null,"CDOT_route":null,"lit":null,"sidewalk:right":null,"sidewalk:left":null,"tiger:name_type_1":null,"tiger:name_direction_prefix_1":null,"tiger:name_base_1":null,"railway":null,"old_railway_operator":null,"name_1":null,"maxspeed":"25 mph","cycleway":"lane","ref":null,"tiger:name_direction_prefix":null,"parking:both:orientation":null,"parking:both":null,"oneway":null,"access":null,"service":null,"tiger:reviewed":null,"surface":"asphalt","lanes":"2","tiger:name_type":null,"tiger:name_base":null,"tiger:county":null,"tiger:cfcc":null,"name":"North Mill Street","is_in:state_code":null,"is_in:state":null,"is_in:city":null},"geometry":{"type":"LineString","coordinates":[[-106.819217,39.1906813],[-106.8191782,39.1907985],[-106.8191704,39.190822],[-106.8190687,39.1911297],[-106.8189854,39.1913869],[-106.8189532,39.1914862],[-106.8189284,39.1915578],[-106.8186791,39.1921395]]}},
{"type":"Feature","properties":{"full_id":"w17119464","osm_id":"17119464","osm_type":"way","highway":"pedestrian","crossing:markings":null,"crossing":null,"footway":null,"maxheight":null,"oneway:bicycle":null,"bus":null,"wheelchair":null,"source:geometry":null,"operator":null,"motor_vehicle":null,"dog":null,"cycleway:both:lane":null,"parking:lanes:both":null,"maxweight:signed":null,"sidewalk:both:surface":null,"turn:lanes:forward":null,"horse":null,"mtb:scale:imba":null,"wikipedia":null,"wikidata":null,"segregated":null,"tunnel":null,"layer":null,"bridge":null,"foot":null,"turn:lanes:backward":null,"source:hgv:national_network":null,"hgv:national_network":null,"hgv":null,"alt_name":null,"parking:right:orientation":null,"parking:right":null,"parking:left:orientation":null,"parking:left":null,"cycleway:right":null,"sidewalk":null,"cycleway:both":null,"bicycle":null,"tiger:name_direction_suffix":null,"tracktype":null,"source:maxspeed":null,"smoothness":null,"parking:lane:both":null,"lanes:forward":null,"lanes:backward":null,"CDOT_route":null,"lit":null,"sidewalk:right":null,"sidewalk:left":null,"tiger:name_type_1":"St","tiger:name_direction_prefix_1":"E","tiger:name_base_1":"Dean","railway":"abandoned","old_railway_operator":"Colorado Midland","name_1":"East Dean Street","maxspeed":null,"cycleway":null,"ref":null,"tiger:name_direction_prefix":"E","parking:both:orientation":null,"parking:both":null,"oneway":null,"access":null,"service":null,"tiger:reviewed":"no","surface":"asphalt","lanes":null,"tiger:name_type":"Ct","tiger:name_base":"Dean","tiger:county":"Pitkin, CO","tiger:cfcc":"A41","name":"East Dean Court","is_in:state_code":"CO","is_in:state":"Colorado","is_in:city":"Aspen"},"geometry":{"type":"LineString","coordinates":[[-106.8180917,39.1866023],[-106.8183862,39.1866615],[-106.8190299,39.186791],[-106.8192469,39.1868326],[-106.8193211,39.1868329]]}},
{"type":"Feature","properties":{"full_id":"w17119491","osm_id":"17119491","osm_type":"way","highway":"residential","crossing:markings":null,"crossing":null,"footway":null,"maxheight":null,"oneway:bicycle":null,"bus":null,"wheelchair":null,"source:geometry":null,"operator":null,"motor_vehicle":null,"dog":null,"cycleway:both:lane":null,"parking:lanes:both":null,"maxweight:signed":null,"sidewalk:both:surface":null,"turn:lanes:forward":null,"horse":null,"mtb:scale:imba":null,"wikipedia":null,"wikidata":null,"segregated":null,"tunnel":null,"layer":null,"bridge":null,"foot":null,"turn:lanes:backward":null,"source:hgv:national_network":null,"hgv:national_network":null,"hgv":null,"alt_name":null,"parking:right:orientation":null,"parking:right":null,"parking:left:orientation":null,"parking:left":null,"cycleway:right":null,"sidewalk":null,"cycleway:both":null,"bicycle":null,"tiger:name_direction_suffix":null,"tracktype":null,"source:maxspeed":null,"smoothness":null,"parking:lane:both":null,"lanes:forward":null,"lanes:backward":null,"CDOT_route":null,"lit":null,"sidewalk:right":"separate","sidewalk:left":"no","tiger:name_type_1":null,"tiger:name_direction_prefix_1":null,"tiger:name_base_1":null,"railway":null,"old_railway_operator":null,"name_1":null,"maxspeed":null,"cycleway":null,"ref":null,"tiger:name_direction_prefix":null,"parking:both:orientation":null,"parking:both":null,"oneway":null,"access":null,"service":null,"tiger:reviewed":"no","surface":"asphalt","lanes":null,"tiger:name_type":"Ave","tiger:name_base":"Ute","tiger:county":"Pitkin, CO","tiger:cfcc":"A41","name":"Ute Avenue","is_in:state_code":"CO","is_in:state":"Colorado","is_in:city":"Aspen"},"geometry":{"type":"LineString","coordinates":[[-106.8114212,39.1810549],[-106.811698,39.1811562],[-106.8117814,39.1811975],[-106.811926,39.1812794],[-106.8120535,39.1813359],[-106.8134671,39.1820488],[-106.8137105,39.1821857],[-106.8138191,39.1822632],[-106.8139533,39.1824497],[-106.814239,39.1829527],[-106.8143947,39.1832018],[-106.8144682,39.1833193],[-106.8146098,39.1834701],[-106.8146282,39.1834892],[-106.8152531,39.1841387],[-106.8153629,39.184245],[-106.8154435,39.1843169],[-106.8157391,39.1845815],[-106.8163895,39.1852138],[-106.8164248,39.185275]]}},
{"type":"Feature","properties":{"full_id":"w17119500","osm_id":"17119500","osm_type":"way","highway":"residential","crossing:markings":null,"crossing":null,"footway":null,"maxheight":null,"oneway:bicycle":null,"bus":null,"wheelchair":null,"source:geometry":null,"operator":null,"motor_vehicle":null,"dog":null,"cycleway:both:lane":null,"parking:lanes:both":null,"maxweight:signed":null,"sidewalk:both:surface":null,"turn:lanes:forward":null,"horse":null,"mtb:scale:imba":null,"wikipedia":null,"wikidata":null,"segregated":null,"tunnel":null,"layer":null,"bridge":null,"foot":null,"turn:lanes:backward":null,"source:hgv:national_network":null,"hgv:national_network":null,"hgv":null,"alt_name":null,"parking:right:orientation":null,"parking:right":null,"parking:left:orientation":null,"parking:left":null,"cycleway:right":null,"sidewalk":null,"cycleway:both":null,"bicycle":null,"tiger:name_direction_suffix":null,"tracktype":null,"source:maxspeed":null,"smoothness":null,"parking:lane:both":null,"lanes:forward":null,"lanes:backward":null,"CDOT_route":null,"lit":null,"sidewalk:right":null,"sidewalk:left":null,"tiger:name_type_1":null,"tiger:name_direction_prefix_1":null,"tiger:name_base_1":null,"railway":null,"old_railway_operator":null,"name_1":null,"maxspeed":null,"cycleway":null,"ref":null,"tiger:name_direction_prefix":"E","parking:both:orientation":null,"parking:both":null,"oneway":null,"access":null,"service":null,"tiger:reviewed":"no","surface":"asphalt","lanes":null,"tiger:name_type":"Ave","tiger:name_base":"Hyman","tiger:county":"Pitkin, CO","tiger:cfcc":"A41","name":"East Hyman Avenue","is_in:state_code":"CO","is_in:state":"Colorado","is_in:city":"Aspen"},"geometry":{"type":"LineString","coordinates":[[-106.8119062,39.1874549],[-106.8126204,39.1876018],[-106.8127252,39.1876233],[-106.8128128,39.1876413],[-106.8138059,39.1878456],[-106.8139073,39.1878664],[-106.8140219,39.1878899],[-106.8149523,39.1880812],[-106.8150729,39.188106],[-106.8152055,39.1881333],[-106.8161449,39.1883264],[-106.8162601,39.1883501],[-106.8163633,39.1883713],[-106.8173169,39.1885675],[-106.8174308,39.1885909]]}},
{"type":"Feature","properties":{"full_id":"w17119503","osm_id":"17119503","osm_type":"way","highway":"residential","crossing:markings":null,"crossing":null,"footway":null,"maxheight":null,"oneway:bicycle":null,"bus":null,"wheelchair":null,"source:geometry":null,"operator":null,"motor_vehicle":null,"dog":null,"cycleway:both:lane":null,"parking:lanes:both":null,"maxweight:signed":null,"sidewalk:both:surface":null,"turn:lanes:forward":null,"horse":null,"mtb:scale:imba":null,"wikipedia":null,"wikidata":null,"segregated":null,"tunnel":null,"layer":null,"bridge":null,"foot":null,"turn:lanes:backward":null,"source:hgv:national_network":null,"hgv:national_network":null,"hgv":null,"alt_name":null,"parking:right:orientation":null,"parking:right":null,"parking:left:orientation":null,"parking:left":null,"cycleway:right":null,"sidewalk":null,"cycleway:both":null,"bicycle":null,"tiger:name_direction_suffix":null,"tracktype":null,"source:maxspeed":null,"smoothness":null,"parking:lane:both":null,"lanes:forward":null,"lanes:backward":null,"CDOT_route":null,"lit":null,"sidewalk:right":null,"sidewalk:left":null,"tiger:name_type_1":null,"tiger:name_direction_prefix_1":null,"tiger:name_base_1":null,"railway":null,"old_railway_operator":null,"name_1":null,"maxspeed":null,"cycleway":null,"ref":null,"tiger:name_direction_prefix":null,"parking:both:orientation":null,"parking:both":null,"oneway":null,"access":"private","service":null,"tiger:reviewed":"no","surface":"asphalt","lanes":null,"tiger:name_type":"Pl","tiger:name_base":"Ute","tiger:county":"Pitkin, CO","tiger:cfcc":"A41","name":"Ute Place","is_in:state_code":"CO","is_in:state":"Colorado","is_in:city":"Aspen"},"geometry":{"type":"LineString","coordinates":[[-106.814239,39.1829527],[-106.8141343,39.1829872],[-106.8140272,39.1830339],[-106.8139495,39.1830844],[-106.8139089,39.1831255],[-106.8138766,39.1831841],[-106.8138396,39.183302],[-106.8138217,39.1833406],[-106.8137936,39.183384],[-106.8137489,39.1834215],[-106.8136954,39.1834499],[-106.8136308,39.1834691],[-106.8135367,39.183483],[-106.8134435,39.1834886],[-106.8133536,39.1834833],[-106.8132548,39.1834685],[-106.8131138,39.1834417],[-106.8130346,39.1834163],[-106.8129603,39.1833784],[-106.8129017,39.1833314],[-106.8128598,39.1832834],[-106.8128334,39.1832383],[-106.8127689,39.1830908],[-106.812739,39.1830406],[-106.8126898,39.1829963],[-106.8126189,39.1829613],[-106.8125289,39.1829406],[-106.8124326,39.1829421],[-106.81234,39.1829698],[-106.8122762,39.1830152],[-106.8122296,39.1830689],[-106.8122107,39.1831315],[-106.8122153,39.1831809],[-106.812232,39.1832515],[-106.812252,39.1833269]]}},
{"type":"Feature","properties":{"full_id":"w17119535","osm_id":"17119535","osm_type":"way","highway":"residential","crossing:markings":null,"crossing":null,"footway":null,"maxheight":null,"oneway:bicycle":null,"bus":null,"wheelchair":null,"source:geometry":null,"operator":null,"motor_vehicle":null,"dog":null,"cycleway:both:lane":null,"parking:lanes:both":null,"maxweight:signed":null,"sidewalk:both:surface":null,"turn:lanes:forward":null,"horse":null,"mtb:scale:imba":null,"wikipedia":null,"wikidata":null,"segregated":null,"tunnel":null,"layer":null,"bridge":null,"foot":null,"turn:lanes:backward":null,"source:hgv:national_network":null,"hgv:national_network":null,"hgv":null,"alt_name":null,"parking:right:orientation":null,"parking:right":null,"parking:left:orientation":null,"parking:left":null,"cycleway:right":null,"sidewalk":null,"cycleway:both":null,"bicycle":null,"tiger:name_direction_suffix":null,"tracktype":null,"source:maxspeed":null,"smoothness":null,"parking:lane:both":null,"lanes:forward":null,"lanes:backward":null,"CDOT_route":null,"lit":"yes","sidewalk:right":null,"sidewalk:left":null,"tiger:name_type_1":null,"tiger:name_direction_prefix_1":null,"tiger:name_base_1":null,"railway":null,"old_railway_operator":null,"name_1":null,"maxspeed":"20 mph","cycleway":null,"ref":null,"tiger:name_direction_prefix":null,"parking:both:orientation":null,"parking:both":null,"oneway":null,"access":null,"service":null,"tiger:reviewed":"no","surface":"asphalt","lanes":null,"tiger:name_type":"Pl","tiger:name_base":"Rio Grande","tiger:county":"Pitkin, CO","tiger:cfcc":"A41","name":"Rio Grande Place","is_in:state_code":"CO","is_in:state":"Colorado","is_in:city":"Aspen"},"geometry":{"type":"LineString","coordinates":[[-106.8186791,39.1921395],[-106.8185256,39.1921043],[-106.8184211,39.1920803],[-106.8183332,39.1920426],[-106.8182634,39.1920124],[-106.8176739,39.1916253],[-106.8175915,39.1915877],[-106.8175443,39.191571],[-106.8175011,39.1915558],[-106.8174099,39.1915364],[-106.8173358,39.1915296],[-106.8172616,39.1915291],[-106.8171781,39.1915394],[-106.8170154,39.1915614],[-106.8168257,39.1916054],[-106.816711,39.1916212],[-106.8165893,39.1916234],[-106.8164596,39.1916132],[-106.8163054,39.1915701],[-106.8160079,39.1914583],[-106.8159382,39.1914205],[-106.8157463,39.1912785],[-106.8156276,39.1911527],[-106.815615,39.1911393],[-106.8155245,39.1909963],[-106.815456,39.1908156],[-106.8154388,39.1907025]]}},
{"type":"Feature","properties":{"full_id":"w17119537","osm_id":"17119537","osm_type":"way","highway":"residential","crossing:markings":null,"crossing":null,"footway":null,"maxheight":null,"oneway:bicycle":null,"bus":null,"wheelchair":null,"source:geometry":null,"operator":null,"motor_vehicle":null,"dog":null,"cycleway:both:lane":null,"parking:lanes:both":null,"maxweight:signed":null,"sidewalk:both:surface":null,"turn:lanes:forward":null,"horse":null,"mtb:scale:imba":null,"wikipedia":null,"wikidata":null,"segregated":null,"tunnel":null,"layer":null,"bridge":null,"foot":null,"turn:lanes:backward":null,"source:hgv:national_network":null,"hgv:national_network":null,"hgv":null,"alt_name":null,"parking:right:orientation":null,"parking:right":null,"parking:left:orientation":null,"parking:left":null,"cycleway:right":null,"sidewalk":null,"cycleway:both":null,"bicycle":null,"tiger:name_direction_suffix":null,"tracktype":null,"source:maxspeed":null,"smoothness":null,"parking:lane:both":null,"lanes:forward":null,"lanes:backward":null,"CDOT_route":null,"lit":null,"sidewalk:right":null,"sidewalk:left":null,"tiger:name_type_1":"Ave","tiger:name_direction_prefix_1":null,"tiger:name_base_1":"Waters","railway":null,"old_railway_operator":null,"name_1":"Waters Avenue","maxspeed":null,"cycleway":null,"ref":null,"tiger:name_direction_prefix":"E","parking:both:orientation":null,"parking:both":null,"oneway":null,"access":null,"service":null,"tiger:reviewed":"no","surface":"asphalt","lanes":null,"tiger:name_type":"Ave","tiger:name_base":"Waters","tiger:county":"Pitkin, CO","tiger:cfcc":"A41","name":"East Waters Avenue","is_in:state_code":"CO","is_in:state":"Colorado","is_in:city":"Aspen"},"geometry":{"type":"LineString","coordinates":[[-106.8124406,39.1842426],[-106.8124605,39.1842742],[-106.8124926,39.1842991],[-106.8125334,39.1843146],[-106.8125784,39.1843189],[-106.8126228,39.1843117],[-106.8126618,39.1842937],[-106.8126912,39.1842668],[-106.8127077,39.1842341],[-106.8127096,39.1841989],[-106.8126966,39.1841652],[-106.8126702,39.1841365],[-106.8126333,39.1841161],[-106.8125898,39.184106],[-106.8125444,39.1841075],[-106.8125021,39.1841203],[-106.8124675,39.184143],[-106.8124443,39.1841733],[-106.8124349,39.1842077],[-106.8124406,39.1842426]]}},
{"type":"Feature","properties":{"full_id":"w17119568","osm_id":"17119568","osm_type":"way","highway":"residential","crossing:markings":null,"crossing":null,"footway":null,"maxheight":null,"oneway:bicycle":null,"bus":null,"wheelchair":null,"source:geometry":null,"operator":null,"motor_vehicle":null,"dog":null,"cycleway:both:lane":null,"parking:lanes:both":null,"maxweight:signed":null,"sidewalk:both:surface":null,"turn:lanes:forward":null,"horse":null,"mtb:scale:imba":null,"wikipedia":null,"wikidata":null,"segregated":null,"tunnel":null,"layer":null,"bridge":null,"foot":null,"turn:lanes:backward":null,"source:hgv:national_network":null,"hgv:national_network":null,"hgv":null,"alt_name":null,"parking:right:orientation":null,"parking:right":null,"parking:left:orientation":null,"parking:left":null,"cycleway:right":null,"sidewalk":null,"cycleway:both":null,"bicycle":null,"tiger:name_direction_suffix":null,"tracktype":null,"source:maxspeed":null,"smoothness":null,"parking:lane:both":null,"lanes:forward":null,"lanes:backward":null,"CDOT_route":null,"lit":null,"sidewalk:right":null,"sidewalk:left":null,"tiger:name_type_1":null,"tiger:name_direction_prefix_1":null,"tiger:name_base_1":null,"railway":null,"old_railway_operator":null,"name_1":null,"maxspeed":null,"cycleway":null,"ref":null,"tiger:name_direction_prefix":null,"parking:both:orientation":null,"parking:both":null,"oneway":null,"access":null,"service":null,"tiger:reviewed":"no","surface":"asphalt","lanes":null,"tiger:name_type":"Ln","tiger:name_base":"Fred","tiger:county":"Pitkin, CO","tiger:cfcc":"A41","name":"Fred Lane","is_in:state_code":"CO","is_in:state":"Colorado","is_in:city":"Aspen"},"geometry":{"type":"LineString","coordinates":[[-106.809307,39.1838447],[-106.8093452,39.1845491]]}},
{"type":"Feature","properties":{"full_id":"w17119650","osm_id":"17119650","osm_type":"way","highway":"residential","crossing:markings":null,"crossing":null,"footway":null,"maxheight":null,"oneway:bicycle":null,"bus":null,"wheelchair":null,"source:geometry":null,"operator":null,"motor_vehicle":null,"dog":null,"cycleway:both:lane":null,"parking:lanes:both":null,"maxweight:signed":null,"sidewalk:both:surface":null,"turn:lanes:forward":null,"horse":null,"mtb:scale:imba":null,"wikipedia":null,"wikidata":null,"segregated":null,"tunnel":null,"layer":null,"bridge":null,"foot":null,"turn:lanes:backward":null,"source:hgv:national_network":null,"hgv:national_network":null,"hgv":null,"alt_name":null,"parking:right:orientation":null,"parking:right":null,"parking:left:orientation":null,"parking:left":null,"cycleway:right":null,"sidewalk":null,"cycleway:both":null,"bicycle":null,"tiger:name_direction_suffix":null,"tracktype":null,"source:maxspeed":null,"smoothness":null,"parking:lane:both":null,"lanes:forward":null,"lanes:backward":null,"CDOT_route":null,"lit":null,"sidewalk:right":null,"sidewalk:left":null,"tiger:name_type_1":null,"tiger:name_direction_prefix_1":null,"tiger:name_base_1":null,"railway":null,"old_railway_operator":null,"name_1":null,"maxspeed":null,"cycleway":null,"ref":null,"tiger:name_direction_prefix":"E","parking:both:orientation":null,"parking:both":null,"oneway":null,"access":null,"service":null,"tiger:reviewed":"no","surface":null,"lanes":null,"tiger:name_type":"St","tiger:name_base":"Bleeker","tiger:county":"Pitkin, CO","tiger:cfcc":"A41","name":"Founders Place","is_in:state_code":"CO","is_in:state":"Colorado","is_in:city":"Aspen"},"geometry":{"type":"LineString","coordinates":[[-106.8170154,39.1915614],[-106.8170134,39.1914993],[-106.8170067,39.1912943],[-106.8169781,39.1912522],[-106.8169254,39.191206],[-106.8169085,39.1911717],[-106.8169095,39.1911364]]}},
{"type":"Feature","properties":{"full_id":"w17119651","osm_id":"17119651","osm_type":"way","highway":"service","crossing:markings":null,"crossing":null,"footway":null,"maxheight":null,"oneway:bicycle":null,"bus":null,"wheelchair":null,"source:geometry":null,"operator":null,"motor_vehicle":null,"dog":null,"cycleway:both:lane":null,"parking:lanes:both":null,"maxweight:signed":null,"sidewalk:both:surface":null,"turn:lanes:forward":null,"horse":null,"mtb:scale:imba":null,"wikipedia":null,"wikidata":null,"segregated":null,"tunnel":null,"layer":null,"bridge":null,"foot":null,"turn:lanes:backward":null,"source:hgv:national_network":null,"hgv:national_network":null,"hgv":null,"alt_name":null,"parking:right:orientation":null,"parking:right":null,"parking:left:orientation":null,"parking:left":null,"cycleway:right":null,"sidewalk":null,"cycleway:both":null,"bicycle":null,"tiger:name_direction_suffix":null,"tracktype":null,"source:maxspeed":null,"smoothness":null,"parking:lane:both":null,"lanes:forward":null,"lanes:backward":null,"CDOT_route":null,"lit":null,"sidewalk:right":null,"sidewalk:left":null,"tiger:name_type_1":null,"tiger:name_direction_prefix_1":null,"tiger:name_base_1":null,"railway":null,"old_railway_operator":null,"name_1":null,"maxspeed":null,"cycleway":null,"ref":null,"tiger:name_direction_prefix":"E","parking:both:orientation":null,"parking:both":null,"oneway":null,"access":null,"service":"driveway","tiger:reviewed":null,"surface":"asphalt","lanes":null,"tiger:name_type":"St","tiger:name_base":"Bleeker","tiger:county":"Pitkin, CO","tiger:cfcc":"A41","name":null,"is_in:state_code":"CO","is_in:state":"Colorado","is_in:city":"Aspen"},"geometry":{"type":"LineString","coordinates":[[-106.8183574,39.1914404],[-106.8188322,39.191538],[-106.8189284,39.1915578]]}},
{"type":"Feature","properties":{"full_id":"w17119700","osm_id":"17119700","osm_type":"way","highway":"secondary","crossing:markings":null,"crossing":null,"footway":null,"maxheight":null,"oneway:bicycle":null,"bus":null,"wheelchair":null,"source:geometry":null,"operator":null,"motor_vehicle":null,"dog":null,"cycleway:both:lane":null,"parking:lanes:both":null,"maxweight:signed":null,"sidewalk:both:surface":null,"turn:lanes:forward":null,"horse":null,"mtb:scale:imba":null,"wikipedia":null,"wikidata":null,"segregated":null,"tunnel":null,"layer":null,"bridge":null,"foot":null,"turn:lanes:backward":null,"source:hgv:national_network":null,"hgv:national_network":null,"hgv":null,"alt_name":null,"parking:right:orientation":null,"parking:right":null,"parking:left:orientation":null,"parking:left":null,"cycleway:right":null,"sidewalk":null,"cycleway:both":null,"bicycle":null,"tiger:name_direction_suffix":null,"tracktype":"grade1","source:maxspeed":"CDOT","smoothness":"good","parking:lane:both":"no_parking","lanes:forward":"1","lanes:backward":"1","CDOT_route":"082A","lit":null,"sidewalk:right":null,"sidewalk:left":null,"tiger:name_type_1":null,"tiger:name_direction_prefix_1":null,"tiger:name_base_1":null,"railway":null,"old_railway_operator":null,"name_1":null,"maxspeed":"30 mph","cycleway":null,"ref":"CO 82","tiger:name_direction_prefix":null,"parking:both:orientation":null,"parking:both":null,"oneway":null,"access":null,"service":null,"tiger:reviewed":null,"surface":"asphalt","lanes":"2","tiger:name_type":null,"tiger:name_base":null,"tiger:county":null,"tiger:cfcc":null,"name":"East Cooper Avenue","is_in:state_code":"CO","is_in:state":"Colorado","is_in:city":"Aspen"},"geometry":{"type":"LineString","coordinates":[[-106.8089359,39.1855808],[-106.8093354,39.1858201],[-106.8096815,39.186007]]}},
{"type":"Feature","properties":{"full_id":"w17119927","osm_id":"17119927","osm_type":"way","highway":"residential","crossing:markings":null,"crossing":null,"footway":null,"maxheight":null,"oneway:bicycle":null,"bus":null,"wheelchair":null,"source:geometry":null,"operator":null,"motor_vehicle":null,"dog":null,"cycleway:both:lane":null,"parking:lanes:both":null,"maxweight:signed":null,"sidewalk:both:surface":null,"turn:lanes:forward":null,"horse":null,"mtb:scale:imba":null,"wikipedia":null,"wikidata":null,"segregated":null,"tunnel":null,"layer":null,"bridge":null,"foot":null,"turn:lanes:backward":null,"source:hgv:national_network":null,"hgv:national_network":null,"hgv":null,"alt_name":null,"parking:right:orientation":null,"parking:right":null,"parking:left:orientation":null,"parking:left":null,"cycleway:right":null,"sidewalk":null,"cycleway:both":null,"bicycle":null,"tiger:name_direction_suffix":null,"tracktype":null,"source:maxspeed":null,"smoothness":null,"parking:lane:both":null,"lanes:forward":null,"lanes:backward":null,"CDOT_route":null,"lit":null,"sidewalk:right":null,"sidewalk:left":null,"tiger:name_type_1":null,"tiger:name_direction_prefix_1":null,"tiger:name_base_1":null,"railway":null,"old_railway_operator":null,"name_1":null,"maxspeed":null,"cycleway":null,"ref":null,"tiger:name_direction_prefix":"N","parking:both:orientation":null,"parking:both":null,"oneway":null,"access":null,"service":null,"tiger:reviewed":null,"surface":"asphalt","lanes":null,"tiger:name_type":"St","tiger:name_base":"Galena","tiger:county":"Pitkin, CO","tiger:cfcc":"A41","name":"North Galena Street","is_in:state_code":"CO","is_in:state":"Colorado","is_in:city":"Aspen"},"geometry":{"type":"LineString","coordinates":[[-106.818059,39.1904417],[-106.8180265,39.1905647],[-106.8179962,39.1906791],[-106.8179104,39.1908274]]}},
{"type":"Feature","properties":{"full_id":"w17119988","osm_id":"17119988","osm_type":"way","highway":"residential","crossing:markings":null,"crossing":null,"footway":null,"maxheight":null,"oneway:bicycle":null,"bus":null,"wheelchair":null,"source:geometry":null,"operator":null,"motor_vehicle":null,"dog":null,"cycleway:both:lane":null,"parking:lanes:both":null,"maxweight:signed":null,"sidewalk:both:surface":null,"turn:lanes:forward":null,"horse":null,"mtb:scale:imba":null,"wikipedia":null,"wikidata":null,"segregated":null,"tunnel":null,"layer":null,"bridge":null,"foot":null,"turn:lanes:backward":null,"source:hgv:national_network":null,"hgv:national_network":null,"hgv":null,"alt_name":null,"parking:right:orientation":null,"parking:right":null,"parking:left:orientation":null,"parking:left":null,"cycleway:right":null,"sidewalk":null,"cycleway:both":null,"bicycle":null,"tiger:name_direction_suffix":null,"tracktype":null,"source:maxspeed":null,"smoothness":null,"parking:lane:both":null,"lanes:forward":null,"lanes:backward":null,"CDOT_route":null,"lit":null,"sidewalk:right":null,"sidewalk:left":null,"tiger:name_type_1":null,"tiger:name_direction_prefix_1":null,"tiger:name_base_1":"State Highway 82","railway":null,"old_railway_operator":null,"name_1":null,"maxspeed":null,"cycleway":null,"ref":null,"tiger:name_direction_prefix":"S","parking:both:orientation":null,"parking:both":null,"oneway":null,"access":null,"service":null,"tiger:reviewed":"no","surface":"asphalt","lanes":null,"tiger:name_type":"St","tiger:name_base":"Galena","tiger:county":"Pitkin, CO","tiger:cfcc":"A31","name":"South Galena Street","is_in:state_code":"CO","is_in:state":"Colorado","is_in:city":"Aspen"},"geometry":{"type":"LineString","coordinates":[[-106.820256,39.185301],[-106.8201959,39.1853362],[-106.8201557,39.1853869],[-106.819884,39.1861452],[-106.8198425,39.18622],[-106.8197725,39.1862907],[-106.8197007,39.1863305],[-106.8195496,39.1863921],[-106.8195043,39.1864193],[-106.8194551,39.1864623],[-106.8194322,39.1865015],[-106.8193211,39.1868329],[-106.819154,39.1872813],[-106.8191211,39.1873714],[-106.8190527,39.1875583],[-106.8190162,39.1876629]]}},
{"type":"Feature","properties":{"full_id":"w17120023","osm_id":"17120023","osm_type":"way","highway":"residential","crossing:markings":null,"crossing":null,"footway":null,"maxheight":null,"oneway:bicycle":null,"bus":null,"wheelchair":null,"source:geometry":null,"operator":null,"motor_vehicle":null,"dog":null,"cycleway:both:lane":null,"parking:lanes:both":null,"maxweight:signed":null,"sidewalk:both:surface":null,"turn:lanes:forward":null,"horse":null,"mtb:scale:imba":null,"wikipedia":null,"wikidata":null,"segregated":null,"tunnel":null,"layer":null,"bridge":null,"foot":null,"turn:lanes:backward":null,"source:hgv:national_network":null,"hgv:national_network":null,"hgv":null,"alt_name":null,"parking:right:orientation":null,"parking:right":null,"parking:left:orientation":null,"parking:left":null,"cycleway:right":null,"sidewalk":null,"cycleway:both":null,"bicycle":null,"tiger:name_direction_suffix":null,"tracktype":null,"source:maxspeed":null,"smoothness":null,"parking:lane:both":null,"lanes:forward":null,"lanes:backward":null,"CDOT_route":null,"lit":null,"sidewalk:right":null,"sidewalk:left":null,"tiger:name_type_1":null,"tiger:name_direction_prefix_1":null,"tiger:name_base_1":null,"railway":null,"old_railway_operator":null,"name_1":null,"maxspeed":null,"cycleway":null,"ref":null,"tiger:name_direction_prefix":null,"parking:both:orientation":null,"parking:both":null,"oneway":null,"access":null,"service":null,"tiger:reviewed":null,"surface":null,"lanes":null,"tiger:name_type":"St","tiger:name_base":"Regent","tiger:county":"Pitkin, CO","tiger:cfcc":"A41","name":"Regent Street","is_in:state_code":"CO","is_in:state":"Colorado","is_in:city":"Aspen"},"geometry":{"type":"LineString","coordinates":[[-106.8100855,39.1885057],[-106.809779,39.1884348]]}},
{"type":"Feature","properties":{"full_id":"w17120045","osm_id":"17120045","osm_type":"way","highway":"residential","crossing:markings":null,"crossing":null,"footway":null,"maxheight":null,"oneway:bicycle":null,"bus":null,"wheelchair":null,"source:geometry":null,"operator":null,"motor_vehicle":null,"dog":null,"cycleway:both:lane":null,"parking:lanes:both":null,"maxweight:signed":null,"sidewalk:both:surface":null,"turn:lanes:forward":null,"horse":null,"mtb:scale:imba":null,"wikipedia":null,"wikidata":null,"segregated":null,"tunnel":null,"layer":null,"bridge":null,"foot":null,"turn:lanes:backward":null,"source:hgv:national_network":null,"hgv:national_network":null,"hgv":null,"alt_name":null,"parking:right:orientation":null,"parking:right":null,"parking:left:orientation":null,"parking:left":null,"cycleway:right":null,"sidewalk":null,"cycleway:both":null,"bicycle":null,"tiger:name_direction_suffix":null,"tracktype":null,"source:maxspeed":null,"smoothness":null,"parking:lane:both":null,"lanes:forward":null,"lanes:backward":null,"CDOT_route":null,"lit":null,"sidewalk:right":null,"sidewalk:left":null,"tiger:name_type_1":null,"tiger:name_direction_prefix_1":null,"tiger:name_base_1":null,"railway":null,"old_railway_operator":null,"name_1":null,"maxspeed":null,"cycleway":null,"ref":null,"tiger:name_direction_prefix":null,"parking:both:orientation":null,"parking:both":null,"oneway":null,"access":null,"service":null,"tiger:reviewed":"no","surface":null,"lanes":null,"tiger:name_type":"Dr","tiger:name_base":"Matchless","tiger:county":"Pitkin, CO","tiger:cfcc":"A41","name":"Matchless Drive","is_in:state_code":"CO","is_in:state":"Colorado","is_in:city":"Aspen"},"geometry":{"type":"LineString","coordinates":[[-106.8112285,39.1904132],[-106.8110384,39.1904716],[-106.810909,39.1904692],[-106.8107933,39.1904673],[-106.8106702,39.1905071],[-106.81053,39.1906605],[-106.810401,39.1908189],[-106.8103693,39.1909755],[-106.8103763,39.1911957]]}},
{"type":"Feature","properties":{"full_id":"w17120087","osm_id":"17120087","osm_type":"way","highway":"tertiary","crossing:markings":null,"crossing":null,"footway":null,"maxheight":null,"oneway:bicycle":null,"bus":null,"wheelchair":null,"source:geometry":null,"operator":null,"motor_vehicle":null,"dog":null,"cycleway:both:lane":null,"parking:lanes:both":null,"maxweight:signed":null,"sidewalk:both:surface":null,"turn:lanes:forward":null,"horse":null,"mtb:scale:imba":null,"wikipedia":null,"wikidata":null,"segregated":null,"tunnel":null,"layer":null,"bridge":null,"foot":null,"turn:lanes:backward":null,"source:hgv:national_network":null,"hgv:national_network":null,"hgv":null,"alt_name":null,"parking:right:orientation":null,"parking:right":null,"parking:left:orientation":null,"parking:left":null,"cycleway:right":null,"sidewalk":null,"cycleway:both":null,"bicycle":null,"tiger:name_direction_suffix":null,"tracktype":null,"source:maxspeed":null,"smoothness":null,"parking:lane:both":null,"lanes:forward":null,"lanes:backward":null,"CDOT_route":null,"lit":null,"sidewalk:right":null,"sidewalk:left":null,"tiger:name_type_1":null,"tiger:name_direction_prefix_1":null,"tiger:name_base_1":null,"railway":null,"old_railway_operator":null,"name_1":null,"maxspeed":null,"cycleway":null,"ref":null,"tiger:name_direction_prefix":null,"parking:both:orientation":null,"parking:both":null,"oneway":null,"access":null,"service":null,"tiger:reviewed":null,"surface":"asphalt","lanes":null,"tiger:name_type":null,"tiger:name_base":null,"tiger:county":null,"tiger:cfcc":null,"name":"South Avenue","is_in:state_code":"CO","is_in:state":"Colorado","is_in:city":"Aspen"},"geometry":{"type":"LineString","coordinates":[[-106.8133923,39.1928012],[-106.8130977,39.1928],[-106.8127726,39.1928217],[-106.8123082,39.1928639]]}},
{"type":"Feature","properties":{"full_id":"w17120311","osm_id":"17120311","osm_type":"way","highway":"residential","crossing:markings":null,"crossing":null,"footway":null,"maxheight":null,"oneway:bicycle":null,"bus":null,"wheelchair":null,"source:geometry":null,"operator":null,"motor_vehicle":null,"dog":null,"cycleway:both:lane":null,"parking:lanes:both":null,"maxweight:signed":null,"sidewalk:both:surface":null,"turn:lanes:forward":null,"horse":null,"mtb:scale:imba":null,"wikipedia":null,"wikidata":null,"segregated":null,"tunnel":null,"layer":null,"bridge":null,"foot":null,"turn:lanes:backward":null,"source:hgv:national_network":null,"hgv:national_network":null,"hgv":null,"alt_name":null,"parking:right:orientation":null,"parking:right":null,"parking:left:orientation":null,"parking:left":null,"cycleway:right":null,"sidewalk":null,"cycleway:both":null,"bicycle":null,"tiger:name_direction_suffix":null,"tracktype":null,"source:maxspeed":null,"smoothness":null,"parking:lane:both":null,"lanes:forward":null,"lanes:backward":null,"CDOT_route":null,"lit":null,"sidewalk:right":null,"sidewalk:left":null,"tiger:name_type_1":null,"tiger:name_direction_prefix_1":null,"tiger:name_base_1":null,"railway":null,"old_railway_operator":null,"name_1":null,"maxspeed":null,"cycleway":null,"ref":null,"tiger:name_direction_prefix":"S","parking:both:orientation":null,"parking:both":null,"oneway":null,"access":null,"service":null,"tiger:reviewed":"no","surface":"asphalt","lanes":null,"tiger:name_type":"Ave","tiger:name_base":"Riverside","tiger:county":"Pitkin, CO","tiger:cfcc":"A41","name":"South Riverside Avenue","is_in:state_code":"CO","is_in:state":"Colorado","is_in:city":"Aspen"},"geometry":{"type":"LineString","coordinates":[[-106.8110506,39.1845204],[-106.8110487,39.1845835],[-106.8110933,39.1847975],[-106.811197,39.1851796],[-106.8112201,39.1853438],[-106.8112065,39.1854985],[-106.8111493,39.1857005],[-106.8108531,39.1862518],[-106.8108231,39.1863652],[-106.8108042,39.1864217]]}},
{"type":"Feature","properties":{"full_id":"w17120326","osm_id":"17120326","osm_type":"way","highway":"service","crossing:markings":null,"crossing":null,"footway":null,"maxheight":null,"oneway:bicycle":null,"bus":null,"wheelchair":null,"source:geometry":null,"operator":null,"motor_vehicle":null,"dog":null,"cycleway:both:lane":null,"parking:lanes:both":null,"maxweight:signed":null,"sidewalk:both:surface":null,"turn:lanes:forward":null,"horse":null,"mtb:scale:imba":null,"wikipedia":null,"wikidata":null,"segregated":null,"tunnel":null,"layer":null,"bridge":null,"foot":null,"turn:lanes:backward":null,"source:hgv:national_network":null,"hgv:national_network":null,"hgv":null,"alt_name":null,"parking:right:orientation":null,"parking:right":null,"parking:left:orientation":null,"parking:left":null,"cycleway:right":null,"sidewalk":null,"cycleway:both":null,"bicycle":null,"tiger:name_direction_suffix":null,"tracktype":null,"source:maxspeed":null,"smoothness":null,"parking:lane:both":null,"lanes:forward":null,"lanes:backward":null,"CDOT_route":null,"lit":null,"sidewalk:right":null,"sidewalk:left":null,"tiger:name_type_1":null,"tiger:name_direction_prefix_1":null,"tiger:name_base_1":null,"railway":null,"old_railway_operator":null,"name_1":null,"maxspeed":null,"cycleway":null,"ref":null,"tiger:name_direction_prefix":null,"parking:both:orientation":null,"parking:both":null,"oneway":null,"access":null,"service":null,"tiger:reviewed":null,"surface":null,"lanes":null,"tiger:name_type":"Ln","tiger:name_base":"Powder","tiger:county":"Pitkin, CO","tiger:cfcc":"A41","name":"Powder Lane","is_in:state_code":"CO","is_in:state":"Colorado","is_in:city":"Aspen"},"geometry":{"type":"LineString","coordinates":[[-106.8167055,39.1836429],[-106.8167429,39.1834174],[-106.8167404,39.1833313],[-106.8167025,39.1832702],[-106.8166218,39.1832036],[-106.8166211,39.1831425],[-106.816575,39.1830838],[-106.8164977,39.1830564],[-106.8164384,39.1830692],[-106.8164096,39.1831023],[-106.8164162,39.1831451],[-106.8164442,39.1831871],[-106.816538,39.1832107],[-106.8166218,39.1832036]]}},
{"type":"Feature","properties":{"full_id":"w17120335","osm_id":"17120335","osm_type":"way","highway":"residential","crossing:markings":null,"crossing":null,"footway":null,"maxheight":null,"oneway:bicycle":null,"bus":null,"wheelchair":null,"source:geometry":null,"operator":null,"motor_vehicle":null,"dog":null,"cycleway:both:lane":null,"parking:lanes:both":null,"maxweight:signed":null,"sidewalk:both:surface":null,"turn:lanes:forward":null,"horse":null,"mtb:scale:imba":null,"wikipedia":null,"wikidata":null,"segregated":null,"tunnel":null,"layer":null,"bridge":null,"foot":null,"turn:lanes:backward":null,"source:hgv:national_network":null,"hgv:national_network":null,"hgv":null,"alt_name":null,"parking:right:orientation":null,"parking:right":null,"parking:left:orientation":null,"parking:left":null,"cycleway:right":null,"sidewalk":null,"cycleway:both":null,"bicycle":null,"tiger:name_direction_suffix":null,"tracktype":null,"source:maxspeed":null,"smoothness":null,"parking:lane:both":null,"lanes:forward":null,"lanes:backward":null,"CDOT_route":null,"lit":null,"sidewalk:right":null,"sidewalk:left":null,"tiger:name_type_1":null,"tiger:name_direction_prefix_1":null,"tiger:name_base_1":null,"railway":null,"old_railway_operator":null,"name_1":null,"maxspeed":"20 mph","cycleway":null,"ref":null,"tiger:name_direction_prefix":"N","parking:both:orientation":null,"parking:both":null,"oneway":null,"access":null,"service":null,"tiger:reviewed":"no","surface":"asphalt","lanes":null,"tiger:name_type":"St","tiger:name_base":"Spring","tiger:county":"Pitkin, CO","tiger:cfcc":"A41","name":"North Spring Street","is_in:state_code":"CO","is_in:state":"Colorado","is_in:city":"Aspen"},"geometry":{"type":"LineString","coordinates":[[-106.8150924,39.1915699],[-106.814951,39.1919404],[-106.8147663,39.1924357],[-106.8146483,39.1928202],[-106.8146631,39.1928745],[-106.8147086,39.1929251],[-106.8147836,39.1929642],[-106.8150481,39.1930376],[-106.8152375,39.1931224],[-106.815518,39.1933064],[-106.8161908,39.1935383],[-106.8163032,39.1936796],[-106.8165946,39.1941027]]}},
{"type":"Feature","properties":{"full_id":"w17120336","osm_id":"17120336","osm_type":"way","highway":"residential","crossing:markings":null,"crossing":null,"footway":null,"maxheight":null,"oneway:bicycle":null,"bus":null,"wheelchair":null,"source:geometry":null,"operator":null,"motor_vehicle":null,"dog":null,"cycleway:both:lane":null,"parking:lanes:both":null,"maxweight:signed":null,"sidewalk:both:surface":null,"turn:lanes:forward":null,"horse":null,"mtb:scale:imba":null,"wikipedia":null,"wikidata":null,"segregated":null,"tunnel":null,"layer":null,"bridge":null,"foot":null,"turn:lanes:backward":null,"source:hgv:national_network":null,"hgv:national_network":null,"hgv":null,"alt_name":null,"parking:right:orientation":null,"parking:right":null,"parking:left:orientation":null,"parking:left":null,"cycleway:right":null,"sidewalk":null,"cycleway:both":null,"bicycle":null,"tiger:name_direction_suffix":null,"tracktype":null,"source:maxspeed":null,"smoothness":null,"parking:lane:both":null,"lanes:forward":null,"lanes:backward":null,"CDOT_route":null,"lit":null,"sidewalk:right":null,"sidewalk:left":null,"tiger:name_type_1":null,"tiger:name_direction_prefix_1":null,"tiger:name_base_1":null,"railway":null,"old_railway_operator":null,"name_1":null,"maxspeed":null,"cycleway":null,"ref":null,"tiger:name_direction_prefix":"N","parking:both:orientation":null,"parking:both":null,"oneway":null,"access":null,"service":null,"tiger:reviewed":"no","surface":"asphalt","lanes":null,"tiger:name_type":"St","tiger:name_base":"Spring","tiger:county":"Pitkin, CO","tiger:cfcc":"A41","name":"North Spring Street","is_in:state_code":"CO","is_in:state":"Colorado","is_in:city":"Aspen"},"geometry":{"type":"LineString","coordinates":[[-106.8157038,39.1899542],[-106.8156632,39.1900687],[-106.8154388,39.1907025]]}},
{"type":"Feature","properties":{"full_id":"w17120351","osm_id":"17120351","osm_type":"way","highway":"residential","crossing:markings":null,"crossing":null,"footway":null,"maxheight":null,"oneway:bicycle":null,"bus":null,"wheelchair":null,"source:geometry":null,"operator":null,"motor_vehicle":null,"dog":null,"cycleway:both:lane":null,"parking:lanes:both":null,"maxweight:signed":null,"sidewalk:both:surface":null,"turn:lanes:forward":null,"horse":null,"mtb:scale:imba":null,"wikipedia":null,"wikidata":null,"segregated":null,"tunnel":null,"layer":null,"bridge":null,"foot":null,"turn:lanes:backward":null,"source:hgv:national_network":null,"hgv:national_network":null,"hgv":null,"alt_name":null,"parking:right:orientation":null,"parking:right":null,"parking:left:orientation":null,"parking:left":null,"cycleway:right":null,"sidewalk":null,"cycleway:both":null,"bicycle":null,"tiger:name_direction_suffix":null,"tracktype":null,"source:maxspeed":null,"smoothness":null,"parking:lane:both":null,"lanes:forward":null,"lanes:backward":null,"CDOT_route":null,"lit":null,"sidewalk:right":null,"sidewalk:left":null,"tiger:name_type_1":null,"tiger:name_direction_prefix_1":null,"tiger:name_base_1":null,"railway":null,"old_railway_operator":null,"name_1":null,"maxspeed":null,"cycleway":null,"ref":null,"tiger:name_direction_prefix":null,"parking:both:orientation":null,"parking:both":null,"oneway":null,"access":null,"service":null,"tiger:reviewed":null,"surface":"asphalt","lanes":null,"tiger:name_type":"Ln","tiger:name_base":"Oak","tiger:county":"Pitkin, CO","tiger:cfcc":"A41","name":"Oak Lane","is_in:state_code":"CO","is_in:state":"Colorado","is_in:city":"Aspen"},"geometry":{"type":"LineString","coordinates":[[-106.8103625,39.1918976],[-106.8103979,39.1918491],[-106.8104361,39.191825],[-106.8104886,39.1918186],[-106.810547,39.1918408],[-106.8106607,39.1919039],[-106.8111895,39.1923333],[-106.8115891,39.1925823],[-106.8119753,39.1927213],[-106.8122303,39.1928004],[-106.8122733,39.1927852]]}},
{"type":"Feature","properties":{"full_id":"w17120353","osm_id":"17120353","osm_type":"way","highway":"residential","crossing:markings":null,"crossing":null,"footway":null,"maxheight":null,"oneway:bicycle":null,"bus":null,"wheelchair":null,"source:geometry":null,"operator":null,"motor_vehicle":null,"dog":null,"cycleway:both:lane":null,"parking:lanes:both":null,"maxweight:signed":null,"sidewalk:both:surface":null,"turn:lanes:forward":null,"horse":null,"mtb:scale:imba":null,"wikipedia":null,"wikidata":null,"segregated":null,"tunnel":null,"layer":null,"bridge":null,"foot":null,"turn:lanes:backward":null,"source:hgv:national_network":null,"hgv:national_network":null,"hgv":null,"alt_name":null,"parking:right:orientation":null,"parking:right":null,"parking:left:orientation":null,"parking:left":null,"cycleway:right":null,"sidewalk":null,"cycleway:both":null,"bicycle":null,"tiger:name_direction_suffix":null,"tracktype":null,"source:maxspeed":null,"smoothness":null,"parking:lane:both":null,"lanes:forward":null,"lanes:backward":null,"CDOT_route":null,"lit":null,"sidewalk:right":null,"sidewalk:left":null,"tiger:name_type_1":null,"tiger:name_direction_prefix_1":null,"tiger:name_base_1":null,"railway":null,"old_railway_operator":null,"name_1":null,"maxspeed":null,"cycleway":null,"ref":null,"tiger:name_direction_prefix":"S","parking:both:orientation":null,"parking:both":null,"oneway":null,"access":null,"service":null,"tiger:reviewed":"no","surface":"asphalt","lanes":null,"tiger:name_type":"St","tiger:name_base":"Spring","tiger:county":"Pitkin, CO","tiger:cfcc":"A41","name":"South Spring Street","is_in:state_code":"CO","is_in:state":"Colorado","is_in:city":"Aspen"},"geometry":{"type":"LineString","coordinates":[[-106.8172646,39.1860886],[-106.8170384,39.1867556],[-106.817005,39.1868541]]}},
{"type":"Feature","properties":{"full_id":"w17120521","osm_id":"17120521","osm_type":"way","highway":"residential","crossing:markings":null,"crossing":null,"footway":null,"maxheight":null,"oneway:bicycle":null,"bus":null,"wheelchair":null,"source:geometry":null,"operator":null,"motor_vehicle":null,"dog":null,"cycleway:both:lane":null,"parking:lanes:both":null,"maxweight:signed":null,"sidewalk:both:surface":null,"turn:lanes:forward":null,"horse":null,"mtb:scale:imba":null,"wikipedia":null,"wikidata":null,"segregated":null,"tunnel":null,"layer":null,"bridge":null,"foot":null,"turn:lanes:backward":null,"source:hgv:national_network":null,"hgv:national_network":null,"hgv":null,"alt_name":null,"parking:right:orientation":null,"parking:right":null,"parking:left:orientation":null,"parking:left":null,"cycleway:right":null,"sidewalk":null,"cycleway:both":null,"bicycle":null,"tiger:name_direction_suffix":null,"tracktype":null,"source:maxspeed":null,"smoothness":null,"parking:lane:both":null,"lanes:forward":null,"lanes:backward":null,"CDOT_route":null,"lit":null,"sidewalk:right":null,"sidewalk:left":null,"tiger:name_type_1":null,"tiger:name_direction_prefix_1":null,"tiger:name_base_1":null,"railway":null,"old_railway_operator":null,"name_1":null,"maxspeed":null,"cycleway":null,"ref":null,"tiger:name_direction_prefix":null,"parking:both:orientation":null,"parking:both":null,"oneway":null,"access":null,"service":null,"tiger:reviewed":null,"surface":"paved","lanes":"2","tiger:name_type":"Ln","tiger:name_base":"Brown","tiger:county":"Pitkin, CO","tiger:cfcc":"A41","name":"Brown Lane","is_in:state_code":"CO","is_in:state":"Colorado","is_in:city":"Aspen"},"geometry":{"type":"LineString","coordinates":[[-106.8107383,39.1930697],[-106.810719,39.1931472],[-106.8107134,39.193168],[-106.8106297,39.1933641],[-106.8105703,39.1934353],[-106.810486,39.193492],[-106.810332,39.1935768],[-106.8102072,39.1936751],[-106.8101994,39.1937904],[-106.8101796,39.1945018],[-106.8102506,39.1945056],[-106.8103286,39.1945282],[-106.8103809,39.1945783],[-106.8103834,39.1946547],[-106.8103446,39.1946834],[-106.810291,39.1947014],[-106.8102228,39.194691],[-106.8101756,39.1946561],[-106.8101796,39.1945018]]}},
{"type":"Feature","properties":{"full_id":"w17120559","osm_id":"17120559","osm_type":"way","highway":"service","crossing:markings":null,"crossing":null,"footway":null,"maxheight":null,"oneway:bicycle":null,"bus":null,"wheelchair":null,"source:geometry":null,"operator":null,"motor_vehicle":null,"dog":null,"cycleway:both:lane":null,"parking:lanes:both":null,"maxweight:signed":null,"sidewalk:both:surface":null,"turn:lanes:forward":null,"horse":null,"mtb:scale:imba":null,"wikipedia":null,"wikidata":null,"segregated":null,"tunnel":null,"layer":null,"bridge":null,"foot":null,"turn:lanes:backward":null,"source:hgv:national_network":null,"hgv:national_network":null,"hgv":null,"alt_name":null,"parking:right:orientation":null,"parking:right":null,"parking:left:orientation":null,"parking:left":null,"cycleway:right":null,"sidewalk":null,"cycleway:both":null,"bicycle":null,"tiger:name_direction_suffix":null,"tracktype":null,"source:maxspeed":null,"smoothness":null,"parking:lane:both":null,"lanes:forward":null,"lanes:backward":null,"CDOT_route":null,"lit":null,"sidewalk:right":null,"sidewalk:left":null,"tiger:name_type_1":null,"tiger:name_direction_prefix_1":null,"tiger:name_base_1":null,"railway":null,"old_railway_operator":null,"name_1":null,"maxspeed":null,"cycleway":null,"ref":null,"tiger:name_direction_prefix":"E","parking:both:orientation":null,"parking:both":null,"oneway":null,"access":"private","service":"driveway","tiger:reviewed":"no","surface":null,"lanes":null,"tiger:name_type":"Ave","tiger:name_base":"Durant","tiger:county":"Pitkin, CO","tiger:cfcc":"A41","name":null,"is_in:state_code":"CO","is_in:state":"Colorado","is_in:city":"Aspen"},"geometry":{"type":"LineString","coordinates":[[-106.8121554,39.1862023],[-106.8122759,39.1858534],[-106.8127083,39.1859454],[-106.8128196,39.1859691]]}},
{"type":"Feature","properties":{"full_id":"w17120683","osm_id":"17120683","osm_type":"way","highway":"residential","crossing:markings":null,"crossing":null,"footway":null,"maxheight":null,"oneway:bicycle":null,"bus":null,"wheelchair":null,"source:geometry":null,"operator":null,"motor_vehicle":null,"dog":null,"cycleway:both:lane":null,"parking:lanes:both":null,"maxweight:signed":null,"sidewalk:both:surface":null,"turn:lanes:forward":null,"horse":null,"mtb:scale:imba":null,"wikipedia":null,"wikidata":null,"segregated":null,"tunnel":null,"layer":null,"bridge":null,"foot":null,"turn:lanes:backward":null,"source:hgv:national_network":null,"hgv:national_network":null,"hgv":null,"alt_name":null,"parking:right:orientation":null,"parking:right":null,"parking:left:orientation":null,"parking:left":null,"cycleway:right":null,"sidewalk":null,"cycleway:both":null,"bicycle":null,"tiger:name_direction_suffix":null,"tracktype":null,"source:maxspeed":null,"smoothness":null,"parking:lane:both":null,"lanes:forward":null,"lanes:backward":null,"CDOT_route":null,"lit":null,"sidewalk:right":null,"sidewalk:left":null,"tiger:name_type_1":null,"tiger:name_direction_prefix_1":null,"tiger:name_base_1":null,"railway":null,"old_railway_operator":null,"name_1":null,"maxspeed":null,"cycleway":null,"ref":null,"tiger:name_direction_prefix":null,"parking:both:orientation":null,"parking:both":null,"oneway":null,"access":null,"service":null,"tiger:reviewed":null,"surface":"asphalt","lanes":null,"tiger:name_type":"Ln","tiger:name_base":"Cottonwood","tiger:county":"Pitkin, CO","tiger:cfcc":"A41","name":"Cottonwood Lane","is_in:state_code":"CO","is_in:state":"Colorado","is_in:city":"Aspen"},"geometry":{"type":"LineString","coordinates":[[-106.8111146,39.1915688],[-106.8111292,39.1916068],[-106.8119352,39.1922524],[-106.8121874,39.1924155],[-106.8123289,39.1925299],[-106.8123732,39.1926024],[-106.8122733,39.1927852],[-106.8122925,39.1928286],[-106.8123082,39.1928639]]}},
{"type":"Feature","properties":{"full_id":"w17120732","osm_id":"17120732","osm_type":"way","highway":"tertiary","crossing:markings":null,"crossing":null,"footway":null,"maxheight":null,"oneway:bicycle":null,"bus":null,"wheelchair":null,"source:geometry":null,"operator":null,"motor_vehicle":null,"dog":null,"cycleway:both:lane":null,"parking:lanes:both":null,"maxweight:signed":null,"sidewalk:both:surface":null,"turn:lanes:forward":null,"horse":null,"mtb:scale:imba":null,"wikipedia":null,"wikidata":null,"segregated":null,"tunnel":null,"layer":null,"bridge":null,"foot":null,"turn:lanes:backward":null,"source:hgv:national_network":null,"hgv:national_network":null,"hgv":null,"alt_name":null,"parking:right:orientation":null,"parking:right":null,"parking:left:orientation":null,"parking:left":null,"cycleway:right":null,"sidewalk":null,"cycleway:both":null,"bicycle":null,"tiger:name_direction_suffix":null,"tracktype":null,"source:maxspeed":null,"smoothness":null,"parking:lane:both":null,"lanes:forward":null,"lanes:backward":null,"CDOT_route":null,"lit":null,"sidewalk:right":null,"sidewalk:left":null,"tiger:name_type_1":null,"tiger:name_direction_prefix_1":null,"tiger:name_base_1":null,"railway":null,"old_railway_operator":null,"name_1":null,"maxspeed":null,"cycleway":null,"ref":null,"tiger:name_direction_prefix":null,"parking:both:orientation":null,"parking:both":null,"oneway":null,"access":null,"service":null,"tiger:reviewed":null,"surface":"asphalt","lanes":null,"tiger:name_type":null,"tiger:name_base":null,"tiger:county":null,"tiger:cfcc":null,"name":"Park Avenue","is_in:state_code":null,"is_in:state":null,"is_in:city":null},"geometry":{"type":"LineString","coordinates":[[-106.8101984,39.1862628],[-106.8101618,39.1863418],[-106.8101158,39.1864409],[-106.810124,39.186772],[-106.8101542,39.1872008],[-106.8101777,39.1874468],[-106.8102087,39.1875931],[-106.8102927,39.1879319],[-106.8102928,39.1879823],[-106.8102901,39.1880008],[-106.810283,39.1880499],[-106.8100855,39.1885057],[-106.8100534,39.1886013],[-106.8100337,39.1886982],[-106.8100315,39.1887805],[-106.8100321,39.1890211],[-106.8100401,39.1890865],[-106.8100622,39.189141],[-106.810164,39.1893247],[-106.8101738,39.1893877],[-106.8101626,39.1894553]]}},
{"type":"Feature","properties":{"full_id":"w17120772","osm_id":"17120772","osm_type":"way","highway":"residential","crossing:markings":null,"crossing":null,"footway":null,"maxheight":null,"oneway:bicycle":null,"bus":null,"wheelchair":null,"source:geometry":null,"operator":null,"motor_vehicle":null,"dog":null,"cycleway:both:lane":null,"parking:lanes:both":null,"maxweight:signed":null,"sidewalk:both:surface":null,"turn:lanes:forward":null,"horse":null,"mtb:scale:imba":null,"wikipedia":null,"wikidata":null,"segregated":null,"tunnel":null,"layer":null,"bridge":null,"foot":null,"turn:lanes:backward":null,"source:hgv:national_network":null,"hgv:national_network":null,"hgv":null,"alt_name":null,"parking:right:orientation":null,"parking:right":null,"parking:left:orientation":null,"parking:left":null,"cycleway:right":null,"sidewalk":null,"cycleway:both":null,"bicycle":null,"tiger:name_direction_suffix":null,"tracktype":null,"source:maxspeed":null,"smoothness":null,"parking:lane:both":null,"lanes:forward":null,"lanes:backward":null,"CDOT_route":null,"lit":null,"sidewalk:right":null,"sidewalk:left":null,"tiger:name_type_1":null,"tiger:name_direction_prefix_1":null,"tiger:name_base_1":null,"railway":"abandoned","old_railway_operator":"Colorado Midland","name_1":null,"maxspeed":null,"cycleway":null,"ref":null,"tiger:name_direction_prefix":"E","parking:both:orientation":null,"parking:both":null,"oneway":null,"access":null,"service":null,"tiger:reviewed":"no","surface":"asphalt","lanes":null,"tiger:name_type":"St","tiger:name_base":"Dean","tiger:county":"Pitkin, CO","tiger:cfcc":"A41","name":"East Dean Street","is_in:state_code":"CO","is_in:state":"Colorado","is_in:city":"Aspen"},"geometry":{"type":"LineString","coordinates":[[-106.8145644,39.1859216],[-106.8146424,39.1859369],[-106.8156407,39.1861328],[-106.8157488,39.186154]]}},
{"type":"Feature","properties":{"full_id":"w17120773","osm_id":"17120773","osm_type":"way","highway":"residential","crossing:markings":null,"crossing":null,"footway":null,"maxheight":null,"oneway:bicycle":null,"bus":null,"wheelchair":null,"source:geometry":null,"operator":null,"motor_vehicle":null,"dog":null,"cycleway:both:lane":null,"parking:lanes:both":null,"maxweight:signed":null,"sidewalk:both:surface":null,"turn:lanes:forward":null,"horse":null,"mtb:scale:imba":null,"wikipedia":null,"wikidata":null,"segregated":null,"tunnel":null,"layer":null,"bridge":null,"foot":null,"turn:lanes:backward":null,"source:hgv:national_network":null,"hgv:national_network":null,"hgv":null,"alt_name":null,"parking:right:orientation":null,"parking:right":null,"parking:left:orientation":null,"parking:left":null,"cycleway:right":null,"sidewalk":null,"cycleway:both":null,"bicycle":null,"tiger:name_direction_suffix":null,"tracktype":null,"source:maxspeed":null,"smoothness":null,"parking:lane:both":null,"lanes:forward":null,"lanes:backward":null,"CDOT_route":null,"lit":null,"sidewalk:right":null,"sidewalk:left":null,"tiger:name_type_1":null,"tiger:name_direction_prefix_1":null,"tiger:name_base_1":null,"railway":"abandoned","old_railway_operator":"Colorado Midland","name_1":null,"maxspeed":null,"cycleway":null,"ref":null,"tiger:name_direction_prefix":"E","parking:both:orientation":null,"parking:both":null,"oneway":null,"access":null,"service":null,"tiger:reviewed":"no","surface":"asphalt","lanes":null,"tiger:name_type":"St","tiger:name_base":"Dean","tiger:county":"Pitkin, CO","tiger:cfcc":"A41","name":"East Dean Street","is_in:state_code":"CO","is_in:state":"Colorado","is_in:city":"Aspen"},"geometry":{"type":"LineString","coordinates":[[-106.8193211,39.1868329],[-106.8194273,39.1868557],[-106.8194904,39.1868692],[-106.8199129,39.1869596],[-106.8203557,39.1870483],[-106.8204539,39.1870939],[-106.8213282,39.1872779]]}},
{"type":"Feature","properties":{"full_id":"w17120929","osm_id":"17120929","osm_type":"way","highway":"residential","crossing:markings":null,"crossing":null,"footway":null,"maxheight":null,"oneway:bicycle":null,"bus":null,"wheelchair":null,"source:geometry":null,"operator":null,"motor_vehicle":null,"dog":null,"cycleway:both:lane":null,"parking:lanes:both":null,"maxweight:signed":null,"sidewalk:both:surface":null,"turn:lanes:forward":null,"horse":null,"mtb:scale:imba":null,"wikipedia":null,"wikidata":null,"segregated":null,"tunnel":null,"layer":null,"bridge":null,"foot":null,"turn:lanes:backward":null,"source:hgv:national_network":null,"hgv:national_network":null,"hgv":null,"alt_name":null,"parking:right:orientation":null,"parking:right":null,"parking:left:orientation":null,"parking:left":null,"cycleway:right":null,"sidewalk":null,"cycleway:both":null,"bicycle":null,"tiger:name_direction_suffix":null,"tracktype":null,"source:maxspeed":null,"smoothness":null,"parking:lane:both":null,"lanes:forward":null,"lanes:backward":null,"CDOT_route":null,"lit":null,"sidewalk:right":null,"sidewalk:left":null,"tiger:name_type_1":null,"tiger:name_direction_prefix_1":null,"tiger:name_base_1":null,"railway":null,"old_railway_operator":null,"name_1":null,"maxspeed":null,"cycleway":null,"ref":null,"tiger:name_direction_prefix":null,"parking:both:orientation":null,"parking:both":null,"oneway":null,"access":null,"service":null,"tiger:reviewed":"no","surface":"asphalt","lanes":null,"tiger:name_type":"Ave","tiger:name_base":"Midland","tiger:county":"Pitkin, CO","tiger:cfcc":"A41","name":"Midland Avenue","is_in:state_code":"CO","is_in:state":"Colorado","is_in:city":"Aspen"},"geometry":{"type":"LineString","coordinates":[[-106.8094712,39.1890449],[-106.8099566,39.1890381],[-106.8100321,39.1890211]]}},
{"type":"Feature","properties":{"full_id":"w17120931","osm_id":"17120931","osm_type":"way","highway":"residential","crossing:markings":null,"crossing":null,"footway":null,"maxheight":null,"oneway:bicycle":null,"bus":null,"wheelchair":null,"source:geometry":null,"operator":null,"motor_vehicle":null,"dog":null,"cycleway:both:lane":null,"parking:lanes:both":null,"maxweight:signed":null,"sidewalk:both:surface":null,"turn:lanes:forward":null,"horse":null,"mtb:scale:imba":null,"wikipedia":null,"wikidata":null,"segregated":null,"tunnel":null,"layer":null,"bridge":null,"foot":null,"turn:lanes:backward":null,"source:hgv:national_network":null,"hgv:national_network":null,"hgv":null,"alt_name":null,"parking:right:orientation":null,"parking:right":null,"parking:left:orientation":null,"parking:left":null,"cycleway:right":null,"sidewalk":null,"cycleway:both":null,"bicycle":null,"tiger:name_direction_suffix":null,"tracktype":null,"source:maxspeed":null,"smoothness":null,"parking:lane:both":null,"lanes:forward":null,"lanes:backward":null,"CDOT_route":null,"lit":null,"sidewalk:right":null,"sidewalk:left":null,"tiger:name_type_1":null,"tiger:name_direction_prefix_1":null,"tiger:name_base_1":null,"railway":null,"old_railway_operator":null,"name_1":null,"maxspeed":null,"cycleway":null,"ref":null,"tiger:name_direction_prefix":null,"parking:both:orientation":null,"parking:both":null,"oneway":null,"access":null,"service":null,"tiger:reviewed":"no","surface":"asphalt","lanes":null,"tiger:name_type":"Ave","tiger:name_base":"Midland","tiger:county":"Pitkin, CO","tiger:cfcc":"A41","name":"Midland Avenue","is_in:state_code":"CO","is_in:state":"Colorado","is_in:city":"Aspen"},"geometry":{"type":"LineString","coordinates":[[-106.8099848,39.1861713],[-106.8099164,39.1862609],[-106.8097279,39.1865076],[-106.8095854,39.1867375],[-106.8094896,39.1869109],[-106.8094054,39.1871446],[-106.8093508,39.1874744],[-106.8093283,39.1876398],[-106.8093238,39.1877476],[-106.8093224,39.1877805],[-106.8093261,39.1879363],[-106.8093363,39.1881508],[-106.8093828,39.1885559],[-106.8094712,39.1890449]]}},
{"type":"Feature","properties":{"full_id":"w17120933","osm_id":"17120933","osm_type":"way","highway":"residential","crossing:markings":null,"crossing":null,"footway":null,"maxheight":null,"oneway:bicycle":null,"bus":null,"wheelchair":null,"source:geometry":null,"operator":null,"motor_vehicle":null,"dog":null,"cycleway:both:lane":null,"parking:lanes:both":null,"maxweight:signed":null,"sidewalk:both:surface":null,"turn:lanes:forward":null,"horse":null,"mtb:scale:imba":null,"wikipedia":null,"wikidata":null,"segregated":null,"tunnel":null,"layer":null,"bridge":null,"foot":null,"turn:lanes:backward":null,"source:hgv:national_network":null,"hgv:national_network":null,"hgv":null,"alt_name":null,"parking:right:orientation":null,"parking:right":null,"parking:left:orientation":null,"parking:left":null,"cycleway:right":null,"sidewalk":null,"cycleway:both":null,"bicycle":null,"tiger:name_direction_suffix":null,"tracktype":null,"source:maxspeed":null,"smoothness":null,"parking:lane:both":null,"lanes:forward":null,"lanes:backward":null,"CDOT_route":null,"lit":null,"sidewalk:right":null,"sidewalk:left":null,"tiger:name_type_1":null,"tiger:name_direction_prefix_1":null,"tiger:name_base_1":null,"railway":null,"old_railway_operator":null,"name_1":null,"maxspeed":null,"cycleway":null,"ref":null,"tiger:name_direction_prefix":null,"parking:both:orientation":null,"parking:both":null,"oneway":null,"access":null,"service":null,"tiger:reviewed":"no","surface":"asphalt","lanes":null,"tiger:name_type":"Ln","tiger:name_base":"Lacet","tiger:county":"Pitkin, CO","tiger:cfcc":"A41","name":"Lacet Lane","is_in:state_code":"CO","is_in:state":"Colorado","is_in:city":"Aspen"},"geometry":{"type":"LineString","coordinates":[[-106.8096815,39.186007],[-106.8097243,39.1859449],[-106.8097816,39.1858634],[-106.8099555,39.1856955],[-106.809911,39.1855684],[-106.8098064,39.1854693],[-106.809742,39.1853316],[-106.8096916,39.1851689],[-106.8096675,39.1849381]]}},
{"type":"Feature","properties":{"full_id":"w17120944","osm_id":"17120944","osm_type":"way","highway":"cycleway","crossing:markings":null,"crossing":null,"footway":null,"maxheight":null,"oneway:bicycle":null,"bus":null,"wheelchair":null,"source:geometry":null,"operator":null,"motor_vehicle":null,"dog":null,"cycleway:both:lane":null,"parking:lanes:both":null,"maxweight:signed":null,"sidewalk:both:surface":null,"turn:lanes:forward":null,"horse":null,"mtb:scale:imba":null,"wikipedia":null,"wikidata":null,"segregated":null,"tunnel":null,"layer":null,"bridge":null,"foot":null,"turn:lanes:backward":null,"source:hgv:national_network":null,"hgv:national_network":null,"hgv":null,"alt_name":null,"parking:right:orientation":null,"parking:right":null,"parking:left:orientation":null,"parking:left":null,"cycleway:right":null,"sidewalk":null,"cycleway:both":null,"bicycle":null,"tiger:name_direction_suffix":null,"tracktype":null,"source:maxspeed":null,"smoothness":null,"parking:lane:both":null,"lanes:forward":null,"lanes:backward":null,"CDOT_route":null,"lit":null,"sidewalk:right":null,"sidewalk:left":null,"tiger:name_type_1":null,"tiger:name_direction_prefix_1":null,"tiger:name_base_1":null,"railway":null,"old_railway_operator":null,"name_1":null,"maxspeed":null,"cycleway":null,"ref":null,"tiger:name_direction_prefix":null,"parking:both:orientation":null,"parking:both":null,"oneway":null,"access":null,"service":null,"tiger:reviewed":null,"surface":null,"lanes":null,"tiger:name_type":null,"tiger:name_base":null,"tiger:county":"Pitkin, CO","tiger:cfcc":"A41","name":null,"is_in:state_code":"CO","is_in:state":"Colorado","is_in:city":"Aspen"},"geometry":{"type":"LineString","coordinates":[[-106.8084498,39.1871693],[-106.8084583,39.187141],[-106.808479,39.1871108],[-106.808527,39.1870898],[-106.8085765,39.1870844],[-106.8086337,39.187107],[-106.8087299,39.1871561],[-106.8087969,39.187209],[-106.8088456,39.1872873],[-106.8089466,39.1873723],[-106.8089477,39.1873987],[-106.8089501,39.1874575]]}},
{"type":"Feature","properties":{"full_id":"w17120946","osm_id":"17120946","osm_type":"way","highway":"residential","crossing:markings":null,"crossing":null,"footway":null,"maxheight":null,"oneway:bicycle":null,"bus":null,"wheelchair":null,"source:geometry":null,"operator":null,"motor_vehicle":null,"dog":null,"cycleway:both:lane":null,"parking:lanes:both":null,"maxweight:signed":null,"sidewalk:both:surface":null,"turn:lanes:forward":null,"horse":null,"mtb:scale:imba":null,"wikipedia":null,"wikidata":null,"segregated":null,"tunnel":null,"layer":null,"bridge":null,"foot":null,"turn:lanes:backward":null,"source:hgv:national_network":null,"hgv:national_network":null,"hgv":null,"alt_name":null,"parking:right:orientation":null,"parking:right":null,"parking:left:orientation":null,"parking:left":null,"cycleway:right":null,"sidewalk":null,"cycleway:both":null,"bicycle":null,"tiger:name_direction_suffix":null,"tracktype":null,"source:maxspeed":null,"smoothness":null,"parking:lane:both":null,"lanes:forward":null,"lanes:backward":null,"CDOT_route":null,"lit":null,"sidewalk:right":null,"sidewalk:left":null,"tiger:name_type_1":null,"tiger:name_direction_prefix_1":null,"tiger:name_base_1":null,"railway":null,"old_railway_operator":null,"name_1":null,"maxspeed":null,"cycleway":null,"ref":null,"tiger:name_direction_prefix":null,"parking:both:orientation":null,"parking:both":null,"oneway":null,"access":null,"service":null,"tiger:reviewed":null,"surface":"asphalt","lanes":null,"tiger:name_type":"Way","tiger:name_base":"Kathryn Snyder","tiger:county":"Pitkin, CO","tiger:cfcc":"A41","name":"Kathryn Snyder Way","is_in:state_code":"CO","is_in:state":"Colorado","is_in:city":"Aspen"},"geometry":{"type":"LineString","coordinates":[[-106.8090576,39.1874633],[-106.8089501,39.1874575],[-106.8088554,39.187491],[-106.8087638,39.1875033],[-106.8086921,39.1874931],[-106.8086831,39.1874669],[-106.8086797,39.1874469],[-106.8086888,39.1873957],[-106.8087426,39.1872244]]}},
{"type":"Feature","properties":{"full_id":"w17121087","osm_id":"17121087","osm_type":"way","highway":"tertiary","crossing:markings":null,"crossing":null,"footway":null,"maxheight":null,"oneway:bicycle":null,"bus":null,"wheelchair":null,"source:geometry":null,"operator":null,"motor_vehicle":null,"dog":null,"cycleway:both:lane":null,"parking:lanes:both":null,"maxweight:signed":null,"sidewalk:both:surface":null,"turn:lanes:forward":null,"horse":null,"mtb:scale:imba":null,"wikipedia":null,"wikidata":null,"segregated":null,"tunnel":null,"layer":null,"bridge":null,"foot":null,"turn:lanes:backward":null,"source:hgv:national_network":null,"hgv:national_network":null,"hgv":null,"alt_name":null,"parking:right:orientation":null,"parking:right":null,"parking:left:orientation":null,"parking:left":null,"cycleway:right":null,"sidewalk":null,"cycleway:both":null,"bicycle":null,"tiger:name_direction_suffix":null,"tracktype":null,"source:maxspeed":null,"smoothness":null,"parking:lane:both":null,"lanes:forward":null,"lanes:backward":null,"CDOT_route":null,"lit":null,"sidewalk:right":null,"sidewalk:left":null,"tiger:name_type_1":null,"tiger:name_direction_prefix_1":null,"tiger:name_base_1":null,"railway":null,"old_railway_operator":null,"name_1":null,"maxspeed":null,"cycleway":null,"ref":null,"tiger:name_direction_prefix":null,"parking:both:orientation":null,"parking:both":null,"oneway":null,"access":null,"service":null,"tiger:reviewed":null,"surface":"asphalt","lanes":null,"tiger:name_type":null,"tiger:name_base":null,"tiger:county":null,"tiger:cfcc":null,"name":"Neale Avenue","is_in:state_code":null,"is_in:state":null,"is_in:city":null},"geometry":{"type":"LineString","coordinates":[[-106.8146578,39.1893271],[-106.8145721,39.1893172],[-106.814198,39.1892346],[-106.8140851,39.1892263],[-106.8140454,39.1892327],[-106.813999,39.1892391]]}},
{"type":"Feature","properties":{"full_id":"w17121093","osm_id":"17121093","osm_type":"way","highway":"residential","crossing:markings":null,"crossing":null,"footway":null,"maxheight":null,"oneway:bicycle":null,"bus":null,"wheelchair":null,"source:geometry":null,"operator":null,"motor_vehicle":null,"dog":null,"cycleway:both:lane":null,"parking:lanes:both":null,"maxweight:signed":null,"sidewalk:both:surface":null,"turn:lanes:forward":null,"horse":null,"mtb:scale:imba":null,"wikipedia":null,"wikidata":null,"segregated":null,"tunnel":null,"layer":null,"bridge":null,"foot":null,"turn:lanes:backward":null,"source:hgv:national_network":null,"hgv:national_network":null,"hgv":null,"alt_name":null,"parking:right:orientation":null,"parking:right":null,"parking:left:orientation":null,"parking:left":null,"cycleway:right":null,"sidewalk":null,"cycleway:both":null,"bicycle":null,"tiger:name_direction_suffix":null,"tracktype":null,"source:maxspeed":null,"smoothness":null,"parking:lane:both":null,"lanes:forward":null,"lanes:backward":null,"CDOT_route":null,"lit":null,"sidewalk:right":null,"sidewalk:left":null,"tiger:name_type_1":null,"tiger:name_direction_prefix_1":null,"tiger:name_base_1":null,"railway":null,"old_railway_operator":null,"name_1":null,"maxspeed":null,"cycleway":null,"ref":null,"tiger:name_direction_prefix":null,"parking:both:orientation":null,"parking:both":null,"oneway":null,"access":null,"service":null,"tiger:reviewed":"no","surface":"asphalt","lanes":null,"tiger:name_type":"St","tiger:name_base":"Queen","tiger:county":"Pitkin, CO","tiger:cfcc":"A41","name":"Queen Street","is_in:state_code":"CO","is_in:state":"Colorado","is_in:city":"Aspen"},"geometry":{"type":"LineString","coordinates":[[-106.8133316,39.1897041],[-106.8132632,39.1896627],[-106.8130419,39.1895286],[-106.8128987,39.1894941],[-106.8127156,39.1894669],[-106.8125347,39.1894596]]}},
{"type":"Feature","properties":{"full_id":"w17121160","osm_id":"17121160","osm_type":"way","highway":"residential","crossing:markings":null,"crossing":null,"footway":null,"maxheight":null,"oneway:bicycle":null,"bus":null,"wheelchair":null,"source:geometry":null,"operator":null,"motor_vehicle":null,"dog":null,"cycleway:both:lane":null,"parking:lanes:both":null,"maxweight:signed":null,"sidewalk:both:surface":null,"turn:lanes:forward":null,"horse":null,"mtb:scale:imba":null,"wikipedia":null,"wikidata":null,"segregated":null,"tunnel":null,"layer":null,"bridge":null,"foot":null,"turn:lanes:backward":null,"source:hgv:national_network":null,"hgv:national_network":null,"hgv":null,"alt_name":null,"parking:right:orientation":null,"parking:right":null,"parking:left:orientation":null,"parking:left":null,"cycleway:right":null,"sidewalk":null,"cycleway:both":null,"bicycle":null,"tiger:name_direction_suffix":null,"tracktype":null,"source:maxspeed":null,"smoothness":null,"parking:lane:both":null,"lanes:forward":null,"lanes:backward":null,"CDOT_route":null,"lit":null,"sidewalk:right":null,"sidewalk:left":null,"tiger:name_type_1":null,"tiger:name_direction_prefix_1":null,"tiger:name_base_1":null,"railway":null,"old_railway_operator":null,"name_1":null,"maxspeed":null,"cycleway":null,"ref":null,"tiger:name_direction_prefix":null,"parking:both:orientation":null,"parking:both":null,"oneway":null,"access":null,"service":null,"tiger:reviewed":"no","surface":"asphalt","lanes":null,"tiger:name_type":"Ave","tiger:name_base":"Dale","tiger:county":"Pitkin, CO","tiger:cfcc":"A41","name":"Dale Avenue","is_in:state_code":"CO","is_in:state":"Colorado","is_in:city":"Aspen"},"geometry":{"type":"LineString","coordinates":[[-106.8101542,39.1872008],[-106.810711,39.1873147],[-106.8108325,39.1873335],[-106.8108963,39.1873347],[-106.8109514,39.1873231]]}},
{"type":"Feature","properties":{"full_id":"w17121188","osm_id":"17121188","osm_type":"way","highway":"residential","crossing:markings":null,"crossing":null,"footway":null,"maxheight":null,"oneway:bicycle":null,"bus":null,"wheelchair":null,"source:geometry":null,"operator":null,"motor_vehicle":null,"dog":null,"cycleway:both:lane":null,"parking:lanes:both":null,"maxweight:signed":null,"sidewalk:both:surface":null,"turn:lanes:forward":null,"horse":null,"mtb:scale:imba":null,"wikipedia":null,"wikidata":null,"segregated":null,"tunnel":null,"layer":null,"bridge":null,"foot":null,"turn:lanes:backward":null,"source:hgv:national_network":null,"hgv:national_network":null,"hgv":null,"alt_name":null,"parking:right:orientation":null,"parking:right":null,"parking:left:orientation":null,"parking:left":null,"cycleway:right":null,"sidewalk":null,"cycleway:both":null,"bicycle":null,"tiger:name_direction_suffix":null,"tracktype":null,"source:maxspeed":null,"smoothness":null,"parking:lane:both":null,"lanes:forward":null,"lanes:backward":null,"CDOT_route":null,"lit":null,"sidewalk:right":null,"sidewalk:left":null,"tiger:name_type_1":null,"tiger:name_direction_prefix_1":null,"tiger:name_base_1":null,"railway":null,"old_railway_operator":null,"name_1":null,"maxspeed":null,"cycleway":null,"ref":null,"tiger:name_direction_prefix":null,"parking:both:orientation":null,"parking:both":null,"oneway":null,"access":null,"service":null,"tiger:reviewed":"no","surface":"asphalt","lanes":null,"tiger:name_type":"St","tiger:name_base":"West End","tiger:county":"Pitkin, CO","tiger:cfcc":"A41","name":"West End Street","is_in:state_code":"CO","is_in:state":"Colorado","is_in:city":"Aspen"},"geometry":{"type":"LineString","coordinates":[[-106.8148433,39.1851058],[-106.8147101,39.1855002],[-106.8145644,39.1859216],[-106.8144672,39.1862259],[-106.8144419,39.1863051],[-106.8144175,39.1863778],[-106.8143115,39.1866933],[-106.8141924,39.1869905],[-106.8141513,39.1870932],[-106.8141246,39.1871691],[-106.8140188,39.1874698],[-106.8139268,39.1877969],[-106.8139073,39.1878664],[-106.8138838,39.1879346],[-106.8137677,39.1882715],[-106.8136343,39.1886588]]}},
{"type":"Feature","properties":{"full_id":"w17121264","osm_id":"17121264","osm_type":"way","highway":"tertiary","crossing:markings":null,"crossing":null,"footway":null,"maxheight":null,"oneway:bicycle":null,"bus":null,"wheelchair":null,"source:geometry":null,"operator":null,"motor_vehicle":null,"dog":null,"cycleway:both:lane":null,"parking:lanes:both":null,"maxweight:signed":null,"sidewalk:both:surface":null,"turn:lanes:forward":null,"horse":null,"mtb:scale:imba":null,"wikipedia":null,"wikidata":null,"segregated":null,"tunnel":null,"layer":null,"bridge":null,"foot":null,"turn:lanes:backward":null,"source:hgv:national_network":null,"hgv:national_network":null,"hgv":null,"alt_name":null,"parking:right:orientation":null,"parking:right":null,"parking:left:orientation":null,"parking:left":null,"cycleway:right":null,"sidewalk":null,"cycleway:both":null,"bicycle":null,"tiger:name_direction_suffix":null,"tracktype":null,"source:maxspeed":null,"smoothness":null,"parking:lane:both":null,"lanes:forward":null,"lanes:backward":null,"CDOT_route":null,"lit":null,"sidewalk:right":null,"sidewalk:left":null,"tiger:name_type_1":null,"tiger:name_direction_prefix_1":null,"tiger:name_base_1":null,"railway":null,"old_railway_operator":null,"name_1":null,"maxspeed":"20 mph","cycleway":null,"ref":null,"tiger:name_direction_prefix":null,"parking:both:orientation":null,"parking:both":null,"oneway":null,"access":null,"service":null,"tiger:reviewed":null,"surface":"asphalt","lanes":null,"tiger:name_type":null,"tiger:name_base":null,"tiger:county":null,"tiger:cfcc":null,"name":"Gibson Avenue","is_in:state_code":null,"is_in:state":null,"is_in:city":null},"geometry":{"type":"LineString","coordinates":[[-106.8108433,39.1897026],[-106.811125,39.19028],[-106.8111814,39.1903568],[-106.8112285,39.1904132],[-106.8114487,39.1905877],[-106.81177,39.1907016],[-106.8120889,39.1908341],[-106.8123252,39.1910195],[-106.812415,39.1911645],[-106.8125442,39.191318],[-106.8127356,39.1914785],[-106.8130646,39.1917537],[-106.8131114,39.1918148],[-106.8131446,39.1918815],[-106.8131897,39.1921122],[-106.8132673,39.1923485],[-106.8134131,39.1926855],[-106.8133923,39.1928012],[-106.8135485,39.1928506],[-106.8136878,39.1929109],[-106.8138022,39.1929863],[-106.8139978,39.1931145],[-106.8141758,39.1931993],[-106.8147882,39.1934498],[-106.8150261,39.1934821],[-106.8152591,39.1935171],[-106.8155899,39.1935502],[-106.815779,39.1935983],[-106.8159772,39.19368],[-106.8162683,39.1938839],[-106.8165946,39.1941027],[-106.8170412,39.1944001]]}},
{"type":"Feature","properties":{"full_id":"w17121278","osm_id":"17121278","osm_type":"way","highway":"residential","crossing:markings":null,"crossing":null,"footway":null,"maxheight":null,"oneway:bicycle":null,"bus":null,"wheelchair":null,"source:geometry":null,"operator":null,"motor_vehicle":null,"dog":null,"cycleway:both:lane":null,"parking:lanes:both":null,"maxweight:signed":null,"sidewalk:both:surface":null,"turn:lanes:forward":null,"horse":null,"mtb:scale:imba":null,"wikipedia":null,"wikidata":null,"segregated":null,"tunnel":null,"layer":null,"bridge":null,"foot":null,"turn:lanes:backward":null,"source:hgv:national_network":null,"hgv:national_network":null,"hgv":null,"alt_name":null,"parking:right:orientation":null,"parking:right":null,"parking:left:orientation":null,"parking:left":null,"cycleway:right":null,"sidewalk":null,"cycleway:both":null,"bicycle":null,"tiger:name_direction_suffix":null,"tracktype":null,"source:maxspeed":null,"smoothness":null,"parking:lane:both":null,"lanes:forward":null,"lanes:backward":null,"CDOT_route":null,"lit":"yes","sidewalk:right":null,"sidewalk:left":null,"tiger:name_type_1":null,"tiger:name_direction_prefix_1":null,"tiger:name_base_1":null,"railway":null,"old_railway_operator":null,"name_1":null,"maxspeed":null,"cycleway":null,"ref":null,"tiger:name_direction_prefix":"S","parking:both:orientation":null,"parking:both":null,"oneway":null,"access":null,"service":null,"tiger:reviewed":"no","surface":"asphalt","lanes":null,"tiger:name_type":"St","tiger:name_base":"Hunter","tiger:county":"Pitkin, CO","tiger:cfcc":"A41","name":"South Hunter Street","is_in:state_code":"CO","is_in:state":"Colorado","is_in:city":"Aspen"},"geometry":{"type":"LineString","coordinates":[[-106.8179397,39.1870406],[-106.8179131,39.1871201],[-106.8178141,39.1874169],[-106.817711,39.1877206],[-106.8176823,39.1878053],[-106.8176548,39.1878967],[-106.8175616,39.1882067],[-106.8174622,39.1884986],[-106.8174308,39.1885909],[-106.8173998,39.1886813],[-106.8172908,39.1889998],[-106.8171922,39.1892877],[-106.8171622,39.1893753],[-106.8171285,39.1894736],[-106.8170196,39.1897916],[-106.8169249,39.1900739],[-106.8168799,39.1901977]]}},
{"type":"Feature","properties":{"full_id":"w17121296","osm_id":"17121296","osm_type":"way","highway":"residential","crossing:markings":null,"crossing":null,"footway":null,"maxheight":null,"oneway:bicycle":null,"bus":null,"wheelchair":null,"source:geometry":null,"operator":null,"motor_vehicle":null,"dog":null,"cycleway:both:lane":null,"parking:lanes:both":null,"maxweight:signed":null,"sidewalk:both:surface":null,"turn:lanes:forward":null,"horse":null,"mtb:scale:imba":null,"wikipedia":null,"wikidata":null,"segregated":null,"tunnel":null,"layer":null,"bridge":null,"foot":null,"turn:lanes:backward":null,"source:hgv:national_network":null,"hgv:national_network":null,"hgv":null,"alt_name":null,"parking:right:orientation":null,"parking:right":null,"parking:left:orientation":null,"parking:left":null,"cycleway:right":null,"sidewalk":null,"cycleway:both":null,"bicycle":null,"tiger:name_direction_suffix":null,"tracktype":null,"source:maxspeed":null,"smoothness":null,"parking:lane:both":null,"lanes:forward":null,"lanes:backward":null,"CDOT_route":null,"lit":null,"sidewalk:right":null,"sidewalk:left":null,"tiger:name_type_1":null,"tiger:name_direction_prefix_1":null,"tiger:name_base_1":null,"railway":null,"old_railway_operator":null,"name_1":null,"maxspeed":null,"cycleway":null,"ref":null,"tiger:name_direction_prefix":null,"parking:both:orientation":null,"parking:both":null,"oneway":null,"access":null,"service":null,"tiger:reviewed":null,"surface":"asphalt","lanes":null,"tiger:name_type":"Ave","tiger:name_base":"Ajax","tiger:county":"Pitkin, CO","tiger:cfcc":"A41","name":"Ajax Avenue","is_in:state_code":"CO","is_in:state":"Colorado","is_in:city":"Aspen"},"geometry":{"type":"LineString","coordinates":[[-106.8102708,39.1919918],[-106.8101757,39.192096],[-106.8101282,39.1921658],[-106.8100955,39.192205],[-106.8100978,39.1922608],[-106.8101852,39.1923398],[-106.8109596,39.1929154],[-106.8111261,39.192972],[-106.81124,39.1929664],[-106.8115891,39.1925823]]}},
{"type":"Feature","properties":{"full_id":"w17121363","osm_id":"17121363","osm_type":"way","highway":"residential","crossing:markings":null,"crossing":null,"footway":null,"maxheight":null,"oneway:bicycle":null,"bus":null,"wheelchair":null,"source:geometry":null,"operator":null,"motor_vehicle":null,"dog":null,"cycleway:both:lane":null,"parking:lanes:both":null,"maxweight:signed":null,"sidewalk:both:surface":null,"turn:lanes:forward":null,"horse":null,"mtb:scale:imba":null,"wikipedia":null,"wikidata":null,"segregated":null,"tunnel":null,"layer":null,"bridge":null,"foot":null,"turn:lanes:backward":null,"source:hgv:national_network":null,"hgv:national_network":null,"hgv":null,"alt_name":null,"parking:right:orientation":null,"parking:right":null,"parking:left:orientation":null,"parking:left":null,"cycleway:right":null,"sidewalk":null,"cycleway:both":null,"bicycle":null,"tiger:name_direction_suffix":"S","tracktype":null,"source:maxspeed":null,"smoothness":null,"parking:lane:both":null,"lanes:forward":null,"lanes:backward":null,"CDOT_route":null,"lit":null,"sidewalk:right":null,"sidewalk:left":null,"tiger:name_type_1":"Rd","tiger:name_direction_prefix_1":"S","tiger:name_base_1":"Alps","railway":null,"old_railway_operator":null,"name_1":"South Alps Road","maxspeed":null,"cycleway":null,"ref":null,"tiger:name_direction_prefix":null,"parking:both:orientation":null,"parking:both":null,"oneway":null,"access":null,"service":null,"tiger:reviewed":"no","surface":"asphalt","lanes":null,"tiger:name_type":"Rd","tiger:name_base":"Aspen Alps","tiger:county":"Pitkin, CO","tiger:cfcc":"A41","name":"Aspen Alps Road South","is_in:state_code":"CO","is_in:state":"Colorado","is_in:city":"Aspen"},"geometry":{"type":"LineString","coordinates":[[-106.8157391,39.1845815],[-106.8162234,39.18419],[-106.816474,39.1838885],[-106.8167055,39.1836429],[-106.8168038,39.1836355],[-106.81688,39.1836636],[-106.8170653,39.1837852],[-106.8171015,39.1838715],[-106.8170792,39.184205],[-106.8171976,39.184493],[-106.8172925,39.1846079],[-106.8176061,39.1848077],[-106.8176812,39.1848011],[-106.8177085,39.1846993],[-106.8175297,39.1845325],[-106.8173985,39.1843671],[-106.8173623,39.1842172],[-106.8173928,39.184016],[-106.8173444,39.1836275],[-106.8174219,39.183616],[-106.8175332,39.1836097],[-106.8176666,39.1837074],[-106.8176032,39.1839306]]}},
{"type":"Feature","properties":{"full_id":"w17121365","osm_id":"17121365","osm_type":"way","highway":"residential","crossing:markings":null,"crossing":null,"footway":null,"maxheight":null,"oneway:bicycle":null,"bus":null,"wheelchair":null,"source:geometry":null,"operator":null,"motor_vehicle":null,"dog":null,"cycleway:both:lane":null,"parking:lanes:both":null,"maxweight:signed":null,"sidewalk:both:surface":null,"turn:lanes:forward":null,"horse":null,"mtb:scale:imba":null,"wikipedia":null,"wikidata":null,"segregated":null,"tunnel":null,"layer":null,"bridge":null,"foot":null,"turn:lanes:backward":null,"source:hgv:national_network":null,"hgv:national_network":null,"hgv":null,"alt_name":null,"parking:right:orientation":null,"parking:right":null,"parking:left:orientation":null,"parking:left":null,"cycleway:right":null,"sidewalk":null,"cycleway:both":null,"bicycle":"designated","tiger:name_direction_suffix":null,"tracktype":null,"source:maxspeed":null,"smoothness":null,"parking:lane:both":null,"lanes:forward":null,"lanes:backward":null,"CDOT_route":null,"lit":null,"sidewalk:right":null,"sidewalk:left":null,"tiger:name_type_1":null,"tiger:name_direction_prefix_1":null,"tiger:name_base_1":null,"railway":null,"old_railway_operator":null,"name_1":null,"maxspeed":null,"cycleway":"shared_lane","ref":null,"tiger:name_direction_prefix":"E","parking:both:orientation":null,"parking:both":null,"oneway":null,"access":null,"service":null,"tiger:reviewed":"no","surface":"asphalt","lanes":null,"tiger:name_type":"Ave","tiger:name_base":"Hopkins","tiger:county":"Pitkin, CO","tiger:cfcc":"A41","name":"East Hopkins Avenue","is_in:state_code":"CO","is_in:state":"Colorado","is_in:city":"Aspen"},"geometry":{"type":"LineString","coordinates":[[-106.811495,39.1882397],[-106.8115691,39.1882332],[-106.8116544,39.1882355],[-106.81223,39.1883553],[-106.8124546,39.1884026],[-106.8136343,39.1886588],[-106.8146891,39.188873],[-106.8148019,39.1888959],[-106.8149174,39.1889193],[-106.8158765,39.189114],[-106.8159874,39.1891365],[-106.8160878,39.1891569],[-106.8170559,39.1893537],[-106.8171622,39.1893753],[-106.817275,39.1893985],[-106.8182248,39.1895941],[-106.8183365,39.1896169],[-106.8184649,39.1896442],[-106.8194055,39.1898444],[-106.8195088,39.1898664]]}},
{"type":"Feature","properties":{"full_id":"w17121369","osm_id":"17121369","osm_type":"way","highway":"tertiary","crossing:markings":null,"crossing":null,"footway":null,"maxheight":null,"oneway:bicycle":null,"bus":null,"wheelchair":null,"source:geometry":null,"operator":null,"motor_vehicle":null,"dog":null,"cycleway:both:lane":null,"parking:lanes:both":null,"maxweight:signed":null,"sidewalk:both:surface":null,"turn:lanes:forward":null,"horse":null,"mtb:scale:imba":null,"wikipedia":null,"wikidata":null,"segregated":null,"tunnel":null,"layer":null,"bridge":null,"foot":null,"turn:lanes:backward":null,"source:hgv:national_network":null,"hgv:national_network":null,"hgv":null,"alt_name":null,"parking:right:orientation":null,"parking:right":null,"parking:left:orientation":null,"parking:left":null,"cycleway:right":null,"sidewalk":null,"cycleway:both":null,"bicycle":null,"tiger:name_direction_suffix":null,"tracktype":null,"source:maxspeed":null,"smoothness":null,"parking:lane:both":null,"lanes:forward":null,"lanes:backward":null,"CDOT_route":null,"lit":null,"sidewalk:right":null,"sidewalk:left":null,"tiger:name_type_1":null,"tiger:name_direction_prefix_1":null,"tiger:name_base_1":null,"railway":"abandoned","old_railway_operator":"D&RGW","name_1":null,"maxspeed":null,"cycleway":null,"ref":null,"tiger:name_direction_prefix":null,"parking:both:orientation":null,"parking:both":null,"oneway":null,"access":null,"service":null,"tiger:reviewed":null,"surface":"asphalt","lanes":null,"tiger:name_type":null,"tiger:name_base":null,"tiger:county":null,"tiger:cfcc":null,"name":"Park Circle","is_in:state_code":null,"is_in:state":null,"is_in:city":null},"geometry":{"type":"LineString","coordinates":[[-106.8090967,39.1904999],[-106.8088087,39.1908236],[-106.8087794,39.1908569],[-106.8086795,39.1910181],[-106.8086517,39.1911011],[-106.8086311,39.1911841],[-106.8086237,39.1913018],[-106.8086318,39.191375],[-106.8086473,39.191462],[-106.8087489,39.1916413],[-106.8088983,39.1917982],[-106.8092589,39.1920701],[-106.8093886,39.1921715],[-106.8096292,39.1923611],[-106.8097039,39.1924204],[-106.8100148,39.19267],[-106.8102641,39.1928585],[-106.8105332,39.1930043]]}},
{"type":"Feature","properties":{"full_id":"w17121371","osm_id":"17121371","osm_type":"way","highway":"tertiary","crossing:markings":null,"crossing":null,"footway":null,"maxheight":null,"oneway:bicycle":null,"bus":null,"wheelchair":null,"source:geometry":null,"operator":null,"motor_vehicle":null,"dog":null,"cycleway:both:lane":null,"parking:lanes:both":null,"maxweight:signed":null,"sidewalk:both:surface":null,"turn:lanes:forward":null,"horse":null,"mtb:scale:imba":null,"wikipedia":null,"wikidata":null,"segregated":null,"tunnel":null,"layer":null,"bridge":null,"foot":null,"turn:lanes:backward":null,"source:hgv:national_network":null,"hgv:national_network":null,"hgv":null,"alt_name":null,"parking:right:orientation":null,"parking:right":null,"parking:left:orientation":null,"parking:left":null,"cycleway:right":null,"sidewalk":null,"cycleway:both":null,"bicycle":null,"tiger:name_direction_suffix":null,"tracktype":null,"source:maxspeed":null,"smoothness":null,"parking:lane:both":null,"lanes:forward":null,"lanes:backward":null,"CDOT_route":null,"lit":null,"sidewalk:right":null,"sidewalk:left":null,"tiger:name_type_1":null,"tiger:name_direction_prefix_1":null,"tiger:name_base_1":null,"railway":"razed","old_railway_operator":"D&RGW","name_1":null,"maxspeed":null,"cycleway":null,"ref":null,"tiger:name_direction_prefix":null,"parking:both:orientation":null,"parking:both":null,"oneway":null,"access":null,"service":null,"tiger:reviewed":null,"surface":"asphalt","lanes":null,"tiger:name_type":null,"tiger:name_base":null,"tiger:county":null,"tiger:cfcc":null,"name":"Park Circle","is_in:state_code":null,"is_in:state":null,"is_in:city":null},"geometry":{"type":"LineString","coordinates":[[-106.8121269,39.1930505],[-106.8117979,39.1930958],[-106.8116785,39.1931036],[-106.8113687,39.193124],[-106.8111965,39.1931151],[-106.8110478,39.1931074],[-106.8107383,39.1930697],[-106.8105332,39.1930043]]}},
{"type":"Feature","properties":{"full_id":"w17121392","osm_id":"17121392","osm_type":"way","highway":"residential","crossing:markings":null,"crossing":null,"footway":null,"maxheight":null,"oneway:bicycle":null,"bus":null,"wheelchair":null,"source:geometry":null,"operator":null,"motor_vehicle":null,"dog":null,"cycleway:both:lane":null,"parking:lanes:both":null,"maxweight:signed":null,"sidewalk:both:surface":null,"turn:lanes:forward":null,"horse":null,"mtb:scale:imba":null,"wikipedia":null,"wikidata":null,"segregated":null,"tunnel":null,"layer":null,"bridge":null,"foot":null,"turn:lanes:backward":null,"source:hgv:national_network":null,"hgv:national_network":null,"hgv":null,"alt_name":null,"parking:right:orientation":null,"parking:right":null,"parking:left:orientation":null,"parking:left":null,"cycleway:right":null,"sidewalk":null,"cycleway:both":null,"bicycle":null,"tiger:name_direction_suffix":null,"tracktype":null,"source:maxspeed":null,"smoothness":null,"parking:lane:both":null,"lanes:forward":null,"lanes:backward":null,"CDOT_route":null,"lit":null,"sidewalk:right":null,"sidewalk:left":null,"tiger:name_type_1":"Pl","tiger:name_direction_prefix_1":null,"tiger:name_base_1":"Aene","railway":null,"old_railway_operator":null,"name_1":"Aene Place","maxspeed":null,"cycleway":null,"ref":null,"tiger:name_direction_prefix":null,"parking:both:orientation":null,"parking:both":null,"oneway":null,"access":null,"service":null,"tiger:reviewed":null,"surface":"asphalt","lanes":null,"tiger:name_type":"Ct","tiger:name_base":"Alpine","tiger:county":"Pitkin, CO","tiger:cfcc":"A41","name":"Alpine Court","is_in:state_code":"CO","is_in:state":"Colorado","is_in:city":"Aspen"},"geometry":{"type":"LineString","coordinates":[[-106.8089359,39.1855808],[-106.8088614,39.1856272],[-106.8086854,39.1857368],[-106.8085242,39.1858242],[-106.8084073,39.1858198],[-106.8082685,39.1858146]]}},
{"type":"Feature","properties":{"full_id":"w17121396","osm_id":"17121396","osm_type":"way","highway":"residential","crossing:markings":null,"crossing":null,"footway":null,"maxheight":null,"oneway:bicycle":null,"bus":null,"wheelchair":null,"source:geometry":null,"operator":null,"motor_vehicle":null,"dog":null,"cycleway:both:lane":null,"parking:lanes:both":null,"maxweight:signed":null,"sidewalk:both:surface":null,"turn:lanes:forward":null,"horse":null,"mtb:scale:imba":null,"wikipedia":null,"wikidata":null,"segregated":null,"tunnel":null,"layer":null,"bridge":null,"foot":null,"turn:lanes:backward":null,"source:hgv:national_network":null,"hgv:national_network":null,"hgv":null,"alt_name":null,"parking:right:orientation":null,"parking:right":null,"parking:left:orientation":null,"parking:left":null,"cycleway:right":null,"sidewalk":null,"cycleway:both":null,"bicycle":null,"tiger:name_direction_suffix":null,"tracktype":null,"source:maxspeed":null,"smoothness":null,"parking:lane:both":null,"lanes:forward":null,"lanes:backward":null,"CDOT_route":null,"lit":null,"sidewalk:right":null,"sidewalk:left":null,"tiger:name_type_1":null,"tiger:name_direction_prefix_1":null,"tiger:name_base_1":null,"railway":null,"old_railway_operator":null,"name_1":null,"maxspeed":null,"cycleway":null,"ref":null,"tiger:name_direction_prefix":null,"parking:both:orientation":null,"parking:both":null,"oneway":null,"access":null,"service":null,"tiger:reviewed":null,"surface":"asphalt","lanes":null,"tiger:name_type":null,"tiger:name_base":null,"tiger:county":null,"tiger:cfcc":null,"name":"King Street","is_in:state_code":null,"is_in:state":null,"is_in:city":null},"geometry":{"type":"LineString","coordinates":[[-106.8108433,39.1897026],[-106.8109359,39.1896855],[-106.8109936,39.1896929],[-106.8119041,39.1900023],[-106.8122688,39.1901534],[-106.8126486,39.190343],[-106.8126848,39.1903611]]}},
{"type":"Feature","properties":{"full_id":"w17121421","osm_id":"17121421","osm_type":"way","highway":"residential","crossing:markings":null,"crossing":null,"footway":null,"maxheight":null,"oneway:bicycle":null,"bus":null,"wheelchair":null,"source:geometry":null,"operator":null,"motor_vehicle":null,"dog":null,"cycleway:both:lane":null,"parking:lanes:both":null,"maxweight:signed":null,"sidewalk:both:surface":null,"turn:lanes:forward":null,"horse":null,"mtb:scale:imba":null,"wikipedia":null,"wikidata":null,"segregated":null,"tunnel":null,"layer":null,"bridge":null,"foot":null,"turn:lanes:backward":null,"source:hgv:national_network":null,"hgv:national_network":null,"hgv":null,"alt_name":null,"parking:right:orientation":null,"parking:right":null,"parking:left:orientation":null,"parking:left":null,"cycleway:right":null,"sidewalk":null,"cycleway:both":null,"bicycle":null,"tiger:name_direction_suffix":null,"tracktype":null,"source:maxspeed":null,"smoothness":null,"parking:lane:both":null,"lanes:forward":null,"lanes:backward":null,"CDOT_route":null,"lit":null,"sidewalk:right":null,"sidewalk:left":null,"tiger:name_type_1":null,"tiger:name_direction_prefix_1":null,"tiger:name_base_1":null,"railway":null,"old_railway_operator":null,"name_1":null,"maxspeed":null,"cycleway":null,"ref":null,"tiger:name_direction_prefix":null,"parking:both:orientation":null,"parking:both":null,"oneway":null,"access":null,"service":null,"tiger:reviewed":null,"surface":"paved","lanes":"2","tiger:name_type":null,"tiger:name_base":null,"tiger:county":null,"tiger:cfcc":null,"name":"Nicholas Lane","is_in:state_code":null,"is_in:state":null,"is_in:city":null},"geometry":{"type":"LineString","coordinates":[[-106.8093886,39.1921715],[-106.8093184,39.1922116],[-106.8092931,39.1922261],[-106.8092409,39.1922737],[-106.8092102,39.1923441],[-106.8091811,39.1925091],[-106.8091977,39.1925607],[-106.8092386,39.1926241],[-106.8094318,39.1928487],[-106.8094942,39.1929085],[-106.8095817,39.1929534],[-106.809901,39.193089],[-106.8099816,39.19317],[-106.8100212,39.1932434],[-106.810091,39.1935117],[-106.8101177,39.1935918],[-106.8101564,39.1936465],[-106.8102072,39.1936751]]}},
{"type":"Feature","properties":{"full_id":"w17121450","osm_id":"17121450","osm_type":"way","highway":"service","crossing:markings":null,"crossing":null,"footway":null,"maxheight":null,"oneway:bicycle":null,"bus":null,"wheelchair":null,"source:geometry":null,"operator":null,"motor_vehicle":null,"dog":null,"cycleway:both:lane":null,"parking:lanes:both":null,"maxweight:signed":null,"sidewalk:both:surface":null,"turn:lanes:forward":null,"horse":null,"mtb:scale:imba":null,"wikipedia":null,"wikidata":null,"segregated":null,"tunnel":null,"layer":null,"bridge":null,"foot":null,"turn:lanes:backward":null,"source:hgv:national_network":null,"hgv:national_network":null,"hgv":null,"alt_name":null,"parking:right:orientation":null,"parking:right":null,"parking:left:orientation":null,"parking:left":null,"cycleway:right":null,"sidewalk":null,"cycleway:both":null,"bicycle":null,"tiger:name_direction_suffix":null,"tracktype":null,"source:maxspeed":null,"smoothness":null,"parking:lane:both":null,"lanes:forward":null,"lanes:backward":null,"CDOT_route":null,"lit":null,"sidewalk:right":null,"sidewalk:left":null,"tiger:name_type_1":null,"tiger:name_direction_prefix_1":null,"tiger:name_base_1":null,"railway":null,"old_railway_operator":null,"name_1":null,"maxspeed":null,"cycleway":null,"ref":null,"tiger:name_direction_prefix":null,"parking:both:orientation":null,"parking:both":null,"oneway":null,"access":null,"service":null,"tiger:reviewed":null,"surface":null,"lanes":null,"tiger:name_type":"Ct","tiger:name_base":"Chance","tiger:county":"Pitkin, CO","tiger:cfcc":"A41","name":"Chance Court","is_in:state_code":"CO","is_in:state":"Colorado","is_in:city":"Aspen"},"geometry":{"type":"LineString","coordinates":[[-106.816474,39.1838885],[-106.8163479,39.1837668],[-106.8163043,39.1837158],[-106.8162443,39.1835844]]}},
{"type":"Feature","properties":{"full_id":"w17121467","osm_id":"17121467","osm_type":"way","highway":"residential","crossing:markings":null,"crossing":null,"footway":null,"maxheight":null,"oneway:bicycle":null,"bus":null,"wheelchair":null,"source:geometry":null,"operator":null,"motor_vehicle":null,"dog":null,"cycleway:both:lane":null,"parking:lanes:both":null,"maxweight:signed":null,"sidewalk:both:surface":null,"turn:lanes:forward":null,"horse":null,"mtb:scale:imba":null,"wikipedia":null,"wikidata":null,"segregated":null,"tunnel":null,"layer":null,"bridge":null,"foot":null,"turn:lanes:backward":null,"source:hgv:national_network":null,"hgv:national_network":null,"hgv":null,"alt_name":null,"parking:right:orientation":null,"parking:right":null,"parking:left:orientation":null,"parking:left":null,"cycleway:right":null,"sidewalk":null,"cycleway:both":null,"bicycle":null,"tiger:name_direction_suffix":null,"tracktype":null,"source:maxspeed":null,"smoothness":null,"parking:lane:both":null,"lanes:forward":null,"lanes:backward":null,"CDOT_route":null,"lit":null,"sidewalk:right":null,"sidewalk:left":null,"tiger:name_type_1":null,"tiger:name_direction_prefix_1":null,"tiger:name_base_1":null,"railway":null,"old_railway_operator":null,"name_1":null,"maxspeed":null,"cycleway":null,"ref":null,"tiger:name_direction_prefix":null,"parking:both:orientation":null,"parking:both":null,"oneway":null,"access":null,"service":null,"tiger:reviewed":"no","surface":"asphalt","lanes":null,"tiger:name_type":"St","tiger:name_base":"Spruce","tiger:county":"Pitkin, CO","tiger:cfcc":"A41","name":"Spruce Street","is_in:state_code":"CO","is_in:state":"Colorado","is_in:city":"Aspen"},"geometry":{"type":"LineString","coordinates":[[-106.8121269,39.1930505],[-106.812158,39.1931168],[-106.8121753,39.1931539],[-106.8121681,39.1934494],[-106.8121569,39.1939088]]}},
{"type":"Feature","properties":{"full_id":"w17121521","osm_id":"17121521","osm_type":"way","highway":"residential","crossing:markings":null,"crossing":null,"footway":null,"maxheight":null,"oneway:bicycle":null,"bus":null,"wheelchair":null,"source:geometry":null,"operator":null,"motor_vehicle":null,"dog":null,"cycleway:both:lane":null,"parking:lanes:both":null,"maxweight:signed":null,"sidewalk:both:surface":null,"turn:lanes:forward":null,"horse":null,"mtb:scale:imba":null,"wikipedia":null,"wikidata":null,"segregated":null,"tunnel":null,"layer":null,"bridge":null,"foot":null,"turn:lanes:backward":null,"source:hgv:national_network":null,"hgv:national_network":null,"hgv":null,"alt_name":null,"parking:right:orientation":null,"parking:right":null,"parking:left:orientation":null,"parking:left":null,"cycleway:right":null,"sidewalk":null,"cycleway:both":null,"bicycle":null,"tiger:name_direction_suffix":null,"tracktype":null,"source:maxspeed":null,"smoothness":null,"parking:lane:both":null,"lanes:forward":null,"lanes:backward":null,"CDOT_route":null,"lit":null,"sidewalk:right":null,"sidewalk:left":null,"tiger:name_type_1":null,"tiger:name_direction_prefix_1":null,"tiger:name_base_1":null,"railway":null,"old_railway_operator":null,"name_1":null,"maxspeed":null,"cycleway":null,"ref":null,"tiger:name_direction_prefix":null,"parking:both:orientation":null,"parking:both":null,"oneway":null,"access":null,"service":null,"tiger:reviewed":null,"surface":"asphalt","lanes":null,"tiger:name_type":"Ln","tiger:name_base":"Maple","tiger:county":"Pitkin, CO","tiger:cfcc":"A41","name":"Maple Lane","is_in:state_code":"CO","is_in:state":"Colorado","is_in:city":"Aspen"},"geometry":{"type":"LineString","coordinates":[[-106.8131897,39.1921122],[-106.8130105,39.1921123],[-106.812778,39.1921542],[-106.8127005,39.1921552],[-106.8126266,39.1921275],[-106.8115339,39.1912152],[-106.8114722,39.1911633],[-106.8113756,39.1911321],[-106.8113032,39.1911529],[-106.8111245,39.1915297],[-106.8111146,39.1915688]]}},
{"type":"Feature","properties":{"full_id":"w17121523","osm_id":"17121523","osm_type":"way","highway":"residential","crossing:markings":null,"crossing":null,"footway":null,"maxheight":null,"oneway:bicycle":null,"bus":null,"wheelchair":null,"source:geometry":null,"operator":null,"motor_vehicle":null,"dog":null,"cycleway:both:lane":null,"parking:lanes:both":null,"maxweight:signed":null,"sidewalk:both:surface":null,"turn:lanes:forward":null,"horse":null,"mtb:scale:imba":null,"wikipedia":null,"wikidata":null,"segregated":null,"tunnel":null,"layer":null,"bridge":null,"foot":null,"turn:lanes:backward":null,"source:hgv:national_network":null,"hgv:national_network":null,"hgv":null,"alt_name":null,"parking:right:orientation":null,"parking:right":null,"parking:left:orientation":null,"parking:left":null,"cycleway:right":null,"sidewalk":null,"cycleway:both":null,"bicycle":null,"tiger:name_direction_suffix":null,"tracktype":null,"source:maxspeed":null,"smoothness":null,"parking:lane:both":null,"lanes:forward":null,"lanes:backward":null,"CDOT_route":null,"lit":null,"sidewalk:right":null,"sidewalk:left":null,"tiger:name_type_1":null,"tiger:name_direction_prefix_1":null,"tiger:name_base_1":null,"railway":null,"old_railway_operator":null,"name_1":null,"maxspeed":null,"cycleway":null,"ref":null,"tiger:name_direction_prefix":null,"parking:both:orientation":null,"parking:both":null,"oneway":null,"access":null,"service":null,"tiger:reviewed":"no","surface":"asphalt","lanes":null,"tiger:name_type":"St","tiger:name_base":"South Cleveland","tiger:county":"Pitkin, CO","tiger:cfcc":"A41","name":"South Cleveland Street","is_in:state_code":"CO","is_in:state":"Colorado","is_in:city":"Aspen"},"geometry":{"type":"LineString","coordinates":[[-106.8129793,39.1868603],[-106.8129557,39.1869285],[-106.8128488,39.1872381],[-106.8127507,39.187544],[-106.8127252,39.1876233],[-106.8127004,39.1876969],[-106.8125927,39.1880168],[-106.8124817,39.1883269],[-106.8124546,39.1884026]]}},
{"type":"Feature","properties":{"full_id":"w17121531","osm_id":"17121531","osm_type":"way","highway":"residential","crossing:markings":null,"crossing":null,"footway":null,"maxheight":null,"oneway:bicycle":null,"bus":null,"wheelchair":null,"source:geometry":null,"operator":null,"motor_vehicle":null,"dog":null,"cycleway:both:lane":null,"parking:lanes:both":null,"maxweight:signed":null,"sidewalk:both:surface":null,"turn:lanes:forward":null,"horse":null,"mtb:scale:imba":null,"wikipedia":null,"wikidata":null,"segregated":null,"tunnel":null,"layer":null,"bridge":null,"foot":null,"turn:lanes:backward":null,"source:hgv:national_network":null,"hgv:national_network":null,"hgv":null,"alt_name":null,"parking:right:orientation":null,"parking:right":null,"parking:left:orientation":null,"parking:left":null,"cycleway:right":null,"sidewalk":null,"cycleway:both":null,"bicycle":null,"tiger:name_direction_suffix":null,"tracktype":null,"source:maxspeed":null,"smoothness":null,"parking:lane:both":null,"lanes:forward":null,"lanes:backward":null,"CDOT_route":null,"lit":null,"sidewalk:right":null,"sidewalk:left":null,"tiger:name_type_1":null,"tiger:name_direction_prefix_1":null,"tiger:name_base_1":null,"railway":null,"old_railway_operator":null,"name_1":null,"maxspeed":null,"cycleway":null,"ref":null,"tiger:name_direction_prefix":null,"parking:both:orientation":null,"parking:both":null,"oneway":null,"access":null,"service":null,"tiger:reviewed":null,"surface":"asphalt","lanes":null,"tiger:name_type":"St","tiger:name_base":"Bay","tiger:county":"Pitkin, CO","tiger:cfcc":"A41","name":"Bay Street","is_in:state_code":"CO","is_in:state":"Colorado","is_in:city":"Aspen"},"geometry":{"type":"LineString","coordinates":[[-106.814951,39.1919404],[-106.8140456,39.1916898],[-106.813923,39.1916538],[-106.8138794,39.1916191]]}},
{"type":"Feature","properties":{"full_id":"w17121551","osm_id":"17121551","osm_type":"way","highway":"residential","crossing:markings":null,"crossing":null,"footway":null,"maxheight":null,"oneway:bicycle":null,"bus":null,"wheelchair":null,"source:geometry":null,"operator":null,"motor_vehicle":null,"dog":null,"cycleway:both:lane":null,"parking:lanes:both":null,"maxweight:signed":null,"sidewalk:both:surface":null,"turn:lanes:forward":null,"horse":null,"mtb:scale:imba":null,"wikipedia":null,"wikidata":null,"segregated":null,"tunnel":null,"layer":null,"bridge":null,"foot":null,"turn:lanes:backward":null,"source:hgv:national_network":null,"hgv:national_network":null,"hgv":null,"alt_name":null,"parking:right:orientation":null,"parking:right":null,"parking:left:orientation":null,"parking:left":null,"cycleway:right":null,"sidewalk":null,"cycleway:both":null,"bicycle":null,"tiger:name_direction_suffix":null,"tracktype":null,"source:maxspeed":null,"smoothness":null,"parking:lane:both":null,"lanes:forward":null,"lanes:backward":null,"CDOT_route":null,"lit":null,"sidewalk:right":null,"sidewalk:left":null,"tiger:name_type_1":null,"tiger:name_direction_prefix_1":null,"tiger:name_base_1":null,"railway":null,"old_railway_operator":null,"name_1":null,"maxspeed":null,"cycleway":null,"ref":null,"tiger:name_direction_prefix":null,"parking:both:orientation":null,"parking:both":null,"oneway":null,"access":null,"service":null,"tiger:reviewed":"no","surface":"asphalt","lanes":null,"tiger:name_type":null,"tiger:name_base":"Smuggler Grove","tiger:county":"Pitkin, CO","tiger:cfcc":"A41","name":"Smuggler Grove","is_in:state_code":"CO","is_in:state":"Colorado","is_in:city":"Aspen"},"geometry":{"type":"LineString","coordinates":[[-106.8093363,39.1881508],[-106.8086404,39.1880642],[-106.8085511,39.1880607],[-106.8082676,39.188088]]}},
{"type":"Feature","properties":{"full_id":"w99250045","osm_id":"99250045","osm_type":"way","highway":"secondary","crossing:markings":null,"crossing":null,"footway":null,"maxheight":null,"oneway:bicycle":null,"bus":null,"wheelchair":null,"source:geometry":null,"operator":null,"motor_vehicle":null,"dog":null,"cycleway:both:lane":null,"parking:lanes:both":null,"maxweight:signed":null,"sidewalk:both:surface":null,"turn:lanes:forward":null,"horse":null,"mtb:scale:imba":null,"wikipedia":null,"wikidata":null,"segregated":null,"tunnel":null,"layer":null,"bridge":null,"foot":null,"turn:lanes:backward":null,"source:hgv:national_network":null,"hgv:national_network":null,"hgv":null,"alt_name":null,"parking:right:orientation":null,"parking:right":null,"parking:left:orientation":null,"parking:left":null,"cycleway:right":null,"sidewalk":"both","cycleway:both":"lane","bicycle":null,"tiger:name_direction_suffix":null,"tracktype":"grade1","source:maxspeed":"CDOT","smoothness":null,"parking:lane:both":null,"lanes:forward":"1","lanes:backward":"1","CDOT_route":"082A","lit":null,"sidewalk:right":null,"sidewalk:left":null,"tiger:name_type_1":null,"tiger:name_direction_prefix_1":null,"tiger:name_base_1":null,"railway":null,"old_railway_operator":null,"name_1":null,"maxspeed":"25 mph","cycleway":null,"ref":"CO 82","tiger:name_direction_prefix":null,"parking:both:orientation":"parallel","parking:both":"lane","oneway":null,"access":null,"service":null,"tiger:reviewed":null,"surface":"asphalt","lanes":"2","tiger:name_type":null,"tiger:name_base":null,"tiger:county":null,"tiger:cfcc":null,"name":"South Original Street","is_in:state_code":"CO","is_in:state":"Colorado","is_in:city":"Aspen"},"geometry":{"type":"LineString","coordinates":[[-106.815337,39.1873295],[-106.8153136,39.187408],[-106.8152049,39.1877166],[-106.8151061,39.1880096],[-106.8150729,39.188106]]}},
{"type":"Feature","properties":{"full_id":"w99250065","osm_id":"99250065","osm_type":"way","highway":"secondary","crossing:markings":null,"crossing":null,"footway":null,"maxheight":null,"oneway:bicycle":null,"bus":null,"wheelchair":null,"source:geometry":null,"operator":null,"motor_vehicle":null,"dog":null,"cycleway:both:lane":null,"parking:lanes:both":null,"maxweight:signed":null,"sidewalk:both:surface":null,"turn:lanes:forward":null,"horse":null,"mtb:scale:imba":null,"wikipedia":null,"wikidata":null,"segregated":null,"tunnel":null,"layer":null,"bridge":null,"foot":null,"turn:lanes:backward":null,"source:hgv:national_network":null,"hgv:national_network":null,"hgv":null,"alt_name":null,"parking:right:orientation":null,"parking:right":null,"parking:left:orientation":null,"parking:left":null,"cycleway:right":"lane","sidewalk":"both","cycleway:both":null,"bicycle":null,"tiger:name_direction_suffix":null,"tracktype":"grade1","source:maxspeed":"CDOT","smoothness":null,"parking:lane:both":"no_parking","lanes:forward":"1","lanes:backward":"1","CDOT_route":"082A","lit":null,"sidewalk:right":null,"sidewalk:left":null,"tiger:name_type_1":null,"tiger:name_direction_prefix_1":null,"tiger:name_base_1":null,"railway":null,"old_railway_operator":null,"name_1":null,"maxspeed":"25 mph","cycleway":null,"ref":"CO 82","tiger:name_direction_prefix":null,"parking:both:orientation":null,"parking:both":null,"oneway":null,"access":null,"service":null,"tiger:reviewed":null,"surface":"asphalt","lanes":"2","tiger:name_type":null,"tiger:name_base":null,"tiger:county":null,"tiger:cfcc":null,"name":"East Main Street","is_in:state_code":"CO","is_in:state":"Colorado","is_in:city":"Aspen"},"geometry":{"type":"LineString","coordinates":[[-106.8146578,39.1893271],[-106.8146727,39.1894137],[-106.814701,39.1894746],[-106.8147644,39.1895815],[-106.8148476,39.1896648],[-106.8149732,39.1897464],[-106.8151274,39.1898119],[-106.8152936,39.1898613]]}},
{"type":"Feature","properties":{"full_id":"w99250121","osm_id":"99250121","osm_type":"way","highway":"residential","crossing:markings":null,"crossing":null,"footway":null,"maxheight":null,"oneway:bicycle":null,"bus":null,"wheelchair":null,"source:geometry":null,"operator":null,"motor_vehicle":null,"dog":null,"cycleway:both:lane":null,"parking:lanes:both":null,"maxweight:signed":null,"sidewalk:both:surface":null,"turn:lanes:forward":null,"horse":null,"mtb:scale:imba":null,"wikipedia":null,"wikidata":null,"segregated":null,"tunnel":null,"layer":null,"bridge":null,"foot":null,"turn:lanes:backward":null,"source:hgv:national_network":null,"hgv:national_network":null,"hgv":null,"alt_name":null,"parking:right:orientation":"parallel","parking:right":"lane","parking:left:orientation":"diagonal","parking:left":"street_side","cycleway:right":null,"sidewalk":null,"cycleway:both":null,"bicycle":null,"tiger:name_direction_suffix":null,"tracktype":null,"source:maxspeed":null,"smoothness":"excellent","parking:lane:both":null,"lanes:forward":null,"lanes:backward":null,"CDOT_route":null,"lit":null,"sidewalk:right":null,"sidewalk:left":null,"tiger:name_type_1":null,"tiger:name_direction_prefix_1":null,"tiger:name_base_1":"State Highway 82","railway":null,"old_railway_operator":null,"name_1":null,"maxspeed":null,"cycleway":null,"ref":null,"tiger:name_direction_prefix":"E","parking:both:orientation":null,"parking:both":null,"oneway":null,"access":null,"service":null,"tiger:reviewed":"no","surface":"asphalt","lanes":null,"tiger:name_type":"Ave","tiger:name_base":"Cooper","tiger:county":"Pitkin, CO","tiger:cfcc":"A41","name":"East Cooper Avenue","is_in:state_code":"CO","is_in:state":"Colorado","is_in:city":"Aspen"},"geometry":{"type":"LineString","coordinates":[[-106.815337,39.1873295],[-106.8154306,39.1873486],[-106.8160238,39.1874693],[-106.8165145,39.1875692],[-106.8166277,39.1875921],[-106.8175863,39.1877859],[-106.8176823,39.1878053]]}},
{"type":"Feature","properties":{"full_id":"w106308394","osm_id":"106308394","osm_type":"way","highway":"secondary","crossing:markings":null,"crossing":null,"footway":null,"maxheight":null,"oneway:bicycle":null,"bus":null,"wheelchair":null,"source:geometry":null,"operator":null,"motor_vehicle":null,"dog":null,"cycleway:both:lane":null,"parking:lanes:both":null,"maxweight:signed":null,"sidewalk:both:surface":null,"turn:lanes:forward":null,"horse":null,"mtb:scale:imba":null,"wikipedia":null,"wikidata":null,"segregated":null,"tunnel":null,"layer":null,"bridge":null,"foot":null,"turn:lanes:backward":"left|through|through","source:hgv:national_network":"CDOT \"Highway Data Explorer\"","hgv:national_network":"yes","hgv":"designated","alt_name":"State Highway 82","parking:right:orientation":null,"parking:right":null,"parking:left:orientation":null,"parking:left":null,"cycleway:right":null,"sidewalk":"both","cycleway:both":null,"bicycle":null,"tiger:name_direction_suffix":null,"tracktype":"grade1","source:maxspeed":"CDOT","smoothness":null,"parking:lane:both":"parallel","lanes:forward":"2","lanes:backward":"3","CDOT_route":"082A","lit":null,"sidewalk:right":null,"sidewalk:left":null,"tiger:name_type_1":null,"tiger:name_direction_prefix_1":null,"tiger:name_base_1":null,"railway":null,"old_railway_operator":null,"name_1":null,"maxspeed":"25 mph","cycleway":null,"ref":"CO 82","tiger:name_direction_prefix":null,"parking:both:orientation":null,"parking:both":null,"oneway":null,"access":null,"service":null,"tiger:reviewed":null,"surface":"asphalt","lanes":"5","tiger:name_type":null,"tiger:name_base":null,"tiger:county":null,"tiger:cfcc":null,"name":"East Main Street","is_in:state_code":"CO","is_in:state":"Colorado","is_in:city":"Aspen"},"geometry":{"type":"LineString","coordinates":[[-106.818059,39.1904417],[-106.8181833,39.1904674],[-106.8186195,39.1905577]]}},
{"type":"Feature","properties":{"full_id":"w129897945","osm_id":"129897945","osm_type":"way","highway":"service","crossing:markings":null,"crossing":null,"footway":null,"maxheight":null,"oneway:bicycle":null,"bus":null,"wheelchair":null,"source:geometry":null,"operator":null,"motor_vehicle":null,"dog":null,"cycleway:both:lane":null,"parking:lanes:both":null,"maxweight:signed":null,"sidewalk:both:surface":null,"turn:lanes:forward":null,"horse":null,"mtb:scale:imba":null,"wikipedia":null,"wikidata":null,"segregated":null,"tunnel":null,"layer":null,"bridge":null,"foot":null,"turn:lanes:backward":null,"source:hgv:national_network":null,"hgv:national_network":null,"hgv":null,"alt_name":null,"parking:right:orientation":null,"parking:right":null,"parking:left:orientation":null,"parking:left":null,"cycleway:right":null,"sidewalk":null,"cycleway:both":null,"bicycle":null,"tiger:name_direction_suffix":null,"tracktype":null,"source:maxspeed":null,"smoothness":null,"parking:lane:both":null,"lanes:forward":null,"lanes:backward":null,"CDOT_route":null,"lit":null,"sidewalk:right":null,"sidewalk:left":null,"tiger:name_type_1":null,"tiger:name_direction_prefix_1":null,"tiger:name_base_1":null,"railway":null,"old_railway_operator":null,"name_1":null,"maxspeed":null,"cycleway":null,"ref":null,"tiger:name_direction_prefix":null,"parking:both:orientation":null,"parking:both":null,"oneway":null,"access":null,"service":"alley","tiger:reviewed":null,"surface":"asphalt","lanes":null,"tiger:name_type":null,"tiger:name_base":null,"tiger:county":null,"tiger:cfcc":null,"name":null,"is_in:state_code":"CO","is_in:state":"Colorado","is_in:city":"Aspen"},"geometry":{"type":"LineString","coordinates":[[-106.8244356,39.1904738],[-106.8233065,39.1902274],[-106.8232179,39.1902081],[-106.8231251,39.1901887],[-106.8219993,39.1899538],[-106.8219034,39.1899355],[-106.8209215,39.1897485],[-106.8208052,39.1897263],[-106.8197449,39.1894979],[-106.8196453,39.1894764],[-106.8195401,39.1894547],[-106.8185753,39.1892556],[-106.8184669,39.1892332],[-106.8173996,39.1890214],[-106.8172908,39.1889998],[-106.8171768,39.1889762],[-106.8162024,39.1887748],[-106.8161188,39.1887575],[-106.8160114,39.1887353],[-106.8150347,39.1885334],[-106.8149334,39.1885125],[-106.8148155,39.1884893],[-106.8147761,39.18848],[-106.8137677,39.1882715],[-106.81267,39.1880335],[-106.8125927,39.1880168],[-106.811742,39.187836]]}},
{"type":"Feature","properties":{"full_id":"w129897946","osm_id":"129897946","osm_type":"way","highway":"service","crossing:markings":null,"crossing":null,"footway":null,"maxheight":null,"oneway:bicycle":null,"bus":null,"wheelchair":null,"source:geometry":null,"operator":null,"motor_vehicle":null,"dog":null,"cycleway:both:lane":null,"parking:lanes:both":null,"maxweight:signed":null,"sidewalk:both:surface":null,"turn:lanes:forward":null,"horse":null,"mtb:scale:imba":null,"wikipedia":null,"wikidata":null,"segregated":null,"tunnel":null,"layer":null,"bridge":null,"foot":null,"turn:lanes:backward":null,"source:hgv:national_network":null,"hgv:national_network":null,"hgv":null,"alt_name":null,"parking:right:orientation":null,"parking:right":null,"parking:left:orientation":null,"parking:left":null,"cycleway:right":null,"sidewalk":null,"cycleway:both":null,"bicycle":null,"tiger:name_direction_suffix":null,"tracktype":null,"source:maxspeed":null,"smoothness":null,"parking:lane:both":null,"lanes:forward":null,"lanes:backward":null,"CDOT_route":null,"lit":null,"sidewalk:right":null,"sidewalk:left":null,"tiger:name_type_1":null,"tiger:name_direction_prefix_1":null,"tiger:name_base_1":null,"railway":null,"old_railway_operator":null,"name_1":null,"maxspeed":null,"cycleway":null,"ref":null,"tiger:name_direction_prefix":null,"parking:both:orientation":null,"parking:both":null,"oneway":"yes","access":null,"service":"alley","tiger:reviewed":null,"surface":null,"lanes":null,"tiger:name_type":null,"tiger:name_base":null,"tiger:county":null,"tiger:cfcc":null,"name":null,"is_in:state_code":"CO","is_in:state":"Colorado","is_in:city":"Aspen"},"geometry":{"type":"LineString","coordinates":[[-106.814669,39.1892785],[-106.814773,39.1892998],[-106.8157461,39.1894995],[-106.8158527,39.1895214],[-106.815929,39.1895391],[-106.8170196,39.1897916],[-106.8171323,39.189813],[-106.8180825,39.189993],[-106.8181967,39.1900146],[-106.8183109,39.1900396],[-106.8192598,39.1902472],[-106.8193792,39.1902733],[-106.8194708,39.1902916],[-106.8205509,39.190507],[-106.8206704,39.1905316],[-106.8217262,39.1907491]]}},
{"type":"Feature","properties":{"full_id":"w129897948","osm_id":"129897948","osm_type":"way","highway":"service","crossing:markings":null,"crossing":null,"footway":null,"maxheight":null,"oneway:bicycle":null,"bus":null,"wheelchair":null,"source:geometry":null,"operator":null,"motor_vehicle":null,"dog":null,"cycleway:both:lane":null,"parking:lanes:both":null,"maxweight:signed":null,"sidewalk:both:surface":null,"turn:lanes:forward":null,"horse":null,"mtb:scale:imba":null,"wikipedia":null,"wikidata":null,"segregated":null,"tunnel":null,"layer":null,"bridge":null,"foot":null,"turn:lanes:backward":null,"source:hgv:national_network":null,"hgv:national_network":null,"hgv":null,"alt_name":null,"parking:right:orientation":null,"parking:right":null,"parking:left:orientation":null,"parking:left":null,"cycleway:right":null,"sidewalk":null,"cycleway:both":null,"bicycle":null,"tiger:name_direction_suffix":null,"tracktype":null,"source:maxspeed":null,"smoothness":null,"parking:lane:both":null,"lanes:forward":null,"lanes:backward":null,"CDOT_route":null,"lit":null,"sidewalk:right":null,"sidewalk:left":null,"tiger:name_type_1":null,"tiger:name_direction_prefix_1":null,"tiger:name_base_1":null,"railway":null,"old_railway_operator":null,"name_1":null,"maxspeed":null,"cycleway":null,"ref":null,"tiger:name_direction_prefix":null,"parking:both:orientation":null,"parking:both":null,"oneway":"yes","access":null,"service":"alley","tiger:reviewed":null,"surface":null,"lanes":null,"tiger:name_type":null,"tiger:name_base":null,"tiger:county":null,"tiger:cfcc":null,"name":null,"is_in:state_code":"CO","is_in:state":"Colorado","is_in:city":"Aspen"},"geometry":{"type":"LineString","coordinates":[[-106.8140188,39.1874698],[-106.8151115,39.1876972],[-106.8152049,39.1877166],[-106.8153029,39.187737],[-106.8162749,39.1879391],[-106.8163813,39.1879612],[-106.816497,39.1879853],[-106.8175616,39.1882067],[-106.81766,39.1882272],[-106.8187307,39.1884498]]}},
{"type":"Feature","properties":{"full_id":"w129897951","osm_id":"129897951","osm_type":"way","highway":"service","crossing:markings":null,"crossing":null,"footway":null,"maxheight":null,"oneway:bicycle":null,"bus":null,"wheelchair":null,"source:geometry":null,"operator":null,"motor_vehicle":null,"dog":null,"cycleway:both:lane":null,"parking:lanes:both":null,"maxweight:signed":null,"sidewalk:both:surface":null,"turn:lanes:forward":null,"horse":null,"mtb:scale:imba":null,"wikipedia":null,"wikidata":null,"segregated":null,"tunnel":null,"layer":null,"bridge":null,"foot":null,"turn:lanes:backward":null,"source:hgv:national_network":null,"hgv:national_network":null,"hgv":null,"alt_name":null,"parking:right:orientation":null,"parking:right":null,"parking:left:orientation":null,"parking:left":null,"cycleway:right":null,"sidewalk":null,"cycleway:both":null,"bicycle":null,"tiger:name_direction_suffix":null,"tracktype":null,"source:maxspeed":null,"smoothness":null,"parking:lane:both":null,"lanes:forward":null,"lanes:backward":null,"CDOT_route":null,"lit":null,"sidewalk:right":null,"sidewalk:left":null,"tiger:name_type_1":null,"tiger:name_direction_prefix_1":null,"tiger:name_base_1":null,"railway":null,"old_railway_operator":null,"name_1":null,"maxspeed":null,"cycleway":null,"ref":null,"tiger:name_direction_prefix":null,"parking:both:orientation":null,"parking:both":null,"oneway":null,"access":null,"service":"alley","tiger:reviewed":null,"surface":null,"lanes":null,"tiger:name_type":null,"tiger:name_base":null,"tiger:county":null,"tiger:cfcc":null,"name":null,"is_in:state_code":"CO","is_in:state":"Colorado","is_in:city":"Aspen"},"geometry":{"type":"LineString","coordinates":[[-106.812733,39.1863638],[-106.8141977,39.1866695],[-106.8143115,39.1866933],[-106.8143907,39.1867097],[-106.8153792,39.1869137],[-106.8154732,39.1869331],[-106.8155554,39.1869503],[-106.8161617,39.187077],[-106.8165202,39.1871519],[-106.8166479,39.1871786],[-106.8170998,39.187271]]}},
{"type":"Feature","properties":{"full_id":"w131933389","osm_id":"131933389","osm_type":"way","highway":"secondary","crossing:markings":null,"crossing":null,"footway":null,"maxheight":null,"oneway:bicycle":null,"bus":null,"wheelchair":null,"source:geometry":null,"operator":null,"motor_vehicle":null,"dog":null,"cycleway:both:lane":null,"parking:lanes:both":null,"maxweight:signed":null,"sidewalk:both:surface":null,"turn:lanes:forward":null,"horse":null,"mtb:scale:imba":null,"wikipedia":null,"wikidata":null,"segregated":null,"tunnel":null,"layer":null,"bridge":null,"foot":null,"turn:lanes:backward":null,"source:hgv:national_network":null,"hgv:national_network":null,"hgv":null,"alt_name":"State Highway 82","parking:right:orientation":null,"parking:right":null,"parking:left:orientation":null,"parking:left":null,"cycleway:right":null,"sidewalk":"both","cycleway:both":null,"bicycle":null,"tiger:name_direction_suffix":null,"tracktype":"grade1","source:maxspeed":"CDOT","smoothness":null,"parking:lane:both":"parallel","lanes:forward":"2","lanes:backward":"2","CDOT_route":"082A","lit":null,"sidewalk:right":null,"sidewalk:left":null,"tiger:name_type_1":null,"tiger:name_direction_prefix_1":null,"tiger:name_base_1":null,"railway":null,"old_railway_operator":null,"name_1":null,"maxspeed":"25 mph","cycleway":null,"ref":"CO 82","tiger:name_direction_prefix":null,"parking:both:orientation":null,"parking:both":null,"oneway":null,"access":null,"service":null,"tiger:reviewed":null,"surface":"asphalt","lanes":"4","tiger:name_type":null,"tiger:name_base":null,"tiger:county":null,"tiger:cfcc":null,"name":"East Main Street","is_in:state_code":"CO","is_in:state":"Colorado","is_in:city":"Aspen"},"geometry":{"type":"LineString","coordinates":[[-106.8157038,39.1899542],[-106.8158036,39.1899751],[-106.8167616,39.1901733],[-106.8168799,39.1901977],[-106.8169881,39.1902201],[-106.81794,39.1904171],[-106.818059,39.1904417]]}},
{"type":"Feature","properties":{"full_id":"w223219040","osm_id":"223219040","osm_type":"way","highway":"residential","crossing:markings":null,"crossing":null,"footway":null,"maxheight":null,"oneway:bicycle":null,"bus":null,"wheelchair":null,"source:geometry":null,"operator":null,"motor_vehicle":null,"dog":null,"cycleway:both:lane":null,"parking:lanes:both":null,"maxweight:signed":null,"sidewalk:both:surface":null,"turn:lanes:forward":null,"horse":null,"mtb:scale:imba":null,"wikipedia":null,"wikidata":null,"segregated":null,"tunnel":null,"layer":null,"bridge":null,"foot":null,"turn:lanes:backward":null,"source:hgv:national_network":null,"hgv:national_network":null,"hgv":null,"alt_name":null,"parking:right:orientation":null,"parking:right":null,"parking:left:orientation":null,"parking:left":null,"cycleway:right":null,"sidewalk":null,"cycleway:both":null,"bicycle":null,"tiger:name_direction_suffix":null,"tracktype":null,"source:maxspeed":null,"smoothness":null,"parking:lane:both":null,"lanes:forward":null,"lanes:backward":null,"CDOT_route":null,"lit":null,"sidewalk:right":null,"sidewalk:left":null,"tiger:name_type_1":null,"tiger:name_direction_prefix_1":null,"tiger:name_base_1":null,"railway":null,"old_railway_operator":null,"name_1":null,"maxspeed":null,"cycleway":null,"ref":null,"tiger:name_direction_prefix":"S","parking:both:orientation":"parallel","parking:both":"lane","oneway":null,"access":null,"service":null,"tiger:reviewed":"no","surface":"asphalt","lanes":null,"tiger:name_type":"St","tiger:name_base":"Spring","tiger:county":"Pitkin, CO","tiger:cfcc":"A41","name":"South Spring Street","is_in:state_code":"CO","is_in:state":"Colorado","is_in:city":"Aspen"},"geometry":{"type":"LineString","coordinates":[[-106.8167825,39.1867898],[-106.8166479,39.1871786],[-106.8165841,39.1873654],[-106.8165145,39.1875692],[-106.8164832,39.1876614],[-106.8163813,39.1879612],[-106.8162837,39.1882743],[-106.8162601,39.1883501],[-106.8162283,39.1884418],[-106.8161188,39.1887575],[-106.8160166,39.1890523],[-106.8159874,39.1891365],[-106.815957,39.1892233],[-106.8158527,39.1895214],[-106.8157435,39.1898387],[-106.8157038,39.1899542]]}},
{"type":"Feature","properties":{"full_id":"w223223442","osm_id":"223223442","osm_type":"way","highway":"cycleway","crossing:markings":null,"crossing":null,"footway":null,"maxheight":null,"oneway:bicycle":null,"bus":null,"wheelchair":null,"source:geometry":null,"operator":null,"motor_vehicle":null,"dog":null,"cycleway:both:lane":null,"parking:lanes:both":null,"maxweight:signed":null,"sidewalk:both:surface":null,"turn:lanes:forward":null,"horse":null,"mtb:scale:imba":null,"wikipedia":null,"wikidata":null,"segregated":null,"tunnel":null,"layer":null,"bridge":null,"foot":"yes","turn:lanes:backward":null,"source:hgv:national_network":null,"hgv:national_network":null,"hgv":null,"alt_name":null,"parking:right:orientation":null,"parking:right":null,"parking:left:orientation":null,"parking:left":null,"cycleway:right":null,"sidewalk":null,"cycleway:both":null,"bicycle":null,"tiger:name_direction_suffix":null,"tracktype":null,"source:maxspeed":null,"smoothness":null,"parking:lane:both":null,"lanes:forward":null,"lanes:backward":null,"CDOT_route":null,"lit":null,"sidewalk:right":null,"sidewalk:left":null,"tiger:name_type_1":null,"tiger:name_direction_prefix_1":null,"tiger:name_base_1":null,"railway":null,"old_railway_operator":null,"name_1":null,"maxspeed":null,"cycleway":null,"ref":null,"tiger:name_direction_prefix":null,"parking:both:orientation":null,"parking:both":null,"oneway":null,"access":null,"service":null,"tiger:reviewed":null,"surface":"paved","lanes":null,"tiger:name_type":null,"tiger:name_base":null,"tiger:county":null,"tiger:cfcc":null,"name":"Clarendon","is_in:state_code":null,"is_in:state":null,"is_in:city":null},"geometry":{"type":"LineString","coordinates":[[-106.8148433,39.1851058],[-106.8149195,39.1850924],[-106.8151052,39.1848846],[-106.8151212,39.1848426],[-106.8151163,39.1848121],[-106.8149908,39.1846491],[-106.8149785,39.1846062],[-106.8149994,39.1845699],[-106.8153909,39.1843469],[-106.8154435,39.1843169]]}},
{"type":"Feature","properties":{"full_id":"w223228289","osm_id":"223228289","osm_type":"way","highway":"residential","crossing:markings":null,"crossing":null,"footway":null,"maxheight":null,"oneway:bicycle":null,"bus":null,"wheelchair":null,"source:geometry":null,"operator":null,"motor_vehicle":null,"dog":null,"cycleway:both:lane":null,"parking:lanes:both":null,"maxweight:signed":null,"sidewalk:both:surface":null,"turn:lanes:forward":null,"horse":null,"mtb:scale:imba":null,"wikipedia":null,"wikidata":null,"segregated":null,"tunnel":null,"layer":null,"bridge":null,"foot":null,"turn:lanes:backward":null,"source:hgv:national_network":null,"hgv:national_network":null,"hgv":null,"alt_name":null,"parking:right:orientation":null,"parking:right":null,"parking:left:orientation":null,"parking:left":null,"cycleway:right":null,"sidewalk":null,"cycleway:both":null,"bicycle":null,"tiger:name_direction_suffix":null,"tracktype":null,"source:maxspeed":null,"smoothness":null,"parking:lane:both":null,"lanes:forward":null,"lanes:backward":null,"CDOT_route":null,"lit":null,"sidewalk:right":null,"sidewalk:left":null,"tiger:name_type_1":null,"tiger:name_direction_prefix_1":null,"tiger:name_base_1":null,"railway":null,"old_railway_operator":null,"name_1":null,"maxspeed":null,"cycleway":"shared_lane","ref":null,"tiger:name_direction_prefix":"E","parking:both:orientation":null,"parking:both":null,"oneway":null,"access":null,"service":null,"tiger:reviewed":"no","surface":"asphalt","lanes":null,"tiger:name_type":"Ave","tiger:name_base":"Hopkins","tiger:county":"Pitkin, CO","tiger:cfcc":"A41","name":"East Hopkins Avenue","is_in:state_code":"CO","is_in:state":"Colorado","is_in:city":"Aspen"},"geometry":{"type":"LineString","coordinates":[[-106.8102928,39.1879823],[-106.8093224,39.1877805]]}},
{"type":"Feature","properties":{"full_id":"w223229509","osm_id":"223229509","osm_type":"way","highway":"residential","crossing:markings":null,"crossing":null,"footway":null,"maxheight":null,"oneway:bicycle":null,"bus":null,"wheelchair":null,"source:geometry":null,"operator":null,"motor_vehicle":null,"dog":null,"cycleway:both:lane":null,"parking:lanes:both":null,"maxweight:signed":null,"sidewalk:both:surface":null,"turn:lanes:forward":null,"horse":null,"mtb:scale:imba":null,"wikipedia":null,"wikidata":null,"segregated":null,"tunnel":null,"layer":null,"bridge":null,"foot":null,"turn:lanes:backward":null,"source:hgv:national_network":null,"hgv:national_network":null,"hgv":null,"alt_name":null,"parking:right:orientation":null,"parking:right":null,"parking:left:orientation":null,"parking:left":null,"cycleway:right":null,"sidewalk":null,"cycleway:both":null,"bicycle":null,"tiger:name_direction_suffix":null,"tracktype":null,"source:maxspeed":null,"smoothness":null,"parking:lane:both":null,"lanes:forward":null,"lanes:backward":null,"CDOT_route":null,"lit":null,"sidewalk:right":null,"sidewalk:left":null,"tiger:name_type_1":null,"tiger:name_direction_prefix_1":null,"tiger:name_base_1":null,"railway":null,"old_railway_operator":null,"name_1":null,"maxspeed":null,"cycleway":null,"ref":null,"tiger:name_direction_prefix":"E","parking:both:orientation":null,"parking:both":null,"oneway":null,"access":null,"service":null,"tiger:reviewed":null,"surface":"asphalt","lanes":null,"tiger:name_type":"St","tiger:name_base":"Bleeker","tiger:county":"Pitkin, CO","tiger:cfcc":"A41","name":"East Bleeker Street","is_in:state_code":"CO","is_in:state":"Colorado","is_in:city":"Aspen"},"geometry":{"type":"LineString","coordinates":[[-106.8154388,39.1907025],[-106.8153778,39.1906899],[-106.814571,39.1905228]]}},
{"type":"Feature","properties":{"full_id":"w223229511","osm_id":"223229511","osm_type":"way","highway":"cycleway","crossing:markings":null,"crossing":null,"footway":null,"maxheight":null,"oneway:bicycle":null,"bus":null,"wheelchair":null,"source:geometry":null,"operator":null,"motor_vehicle":null,"dog":null,"cycleway:both:lane":null,"parking:lanes:both":null,"maxweight:signed":null,"sidewalk:both:surface":null,"turn:lanes:forward":null,"horse":null,"mtb:scale:imba":null,"wikipedia":null,"wikidata":null,"segregated":null,"tunnel":null,"layer":null,"bridge":null,"foot":null,"turn:lanes:backward":null,"source:hgv:national_network":null,"hgv:national_network":null,"hgv":null,"alt_name":null,"parking:right:orientation":null,"parking:right":null,"parking:left:orientation":null,"parking:left":null,"cycleway:right":null,"sidewalk":null,"cycleway:both":null,"bicycle":null,"tiger:name_direction_suffix":null,"tracktype":null,"source:maxspeed":null,"smoothness":null,"parking:lane:both":null,"lanes:forward":null,"lanes:backward":null,"CDOT_route":null,"lit":null,"sidewalk:right":null,"sidewalk:left":null,"tiger:name_type_1":null,"tiger:name_direction_prefix_1":null,"tiger:name_base_1":null,"railway":null,"old_railway_operator":null,"name_1":null,"maxspeed":null,"cycleway":null,"ref":null,"tiger:name_direction_prefix":null,"parking:both:orientation":null,"parking:both":null,"oneway":null,"access":null,"service":null,"tiger:reviewed":null,"surface":"asphalt","lanes":null,"tiger:name_type":null,"tiger:name_base":null,"tiger:county":null,"tiger:cfcc":null,"name":"Post Office Trail","is_in:state_code":"CO","is_in:state":"Colorado","is_in:city":"Aspen"},"geometry":{"type":"LineString","coordinates":[[-106.8220258,39.1936772],[-106.8219256,39.1936535],[-106.8209834,39.1934312],[-106.8208657,39.1934034],[-106.8206618,39.1933701],[-106.8204445,39.1933535],[-106.8201335,39.1932838],[-106.8200229,39.1932699],[-106.8198913,39.193263],[-106.8197872,39.1932607],[-106.8196376,39.1932721],[-106.8195382,39.1932761],[-106.8194277,39.1932755],[-106.8194006,39.1932676],[-106.8193759,39.1932514],[-106.8193657,39.1932294],[-106.8193496,39.1931857],[-106.8193284,39.193112],[-106.8193153,39.1930641],[-106.8192792,39.1930336],[-106.8192532,39.1930277],[-106.8191857,39.1930246]]}},
{"type":"Feature","properties":{"full_id":"w223229516","osm_id":"223229516","osm_type":"way","highway":"footway","crossing:markings":null,"crossing":null,"footway":null,"maxheight":null,"oneway:bicycle":null,"bus":null,"wheelchair":null,"source:geometry":null,"operator":null,"motor_vehicle":null,"dog":null,"cycleway:both:lane":null,"parking:lanes:both":null,"maxweight:signed":null,"sidewalk:both:surface":null,"turn:lanes:forward":null,"horse":null,"mtb:scale:imba":null,"wikipedia":null,"wikidata":null,"segregated":null,"tunnel":null,"layer":null,"bridge":"yes","foot":null,"turn:lanes:backward":null,"source:hgv:national_network":null,"hgv:national_network":null,"hgv":null,"alt_name":null,"parking:right:orientation":null,"parking:right":null,"parking:left:orientation":null,"parking:left":null,"cycleway:right":null,"sidewalk":null,"cycleway:both":null,"bicycle":null,"tiger:name_direction_suffix":null,"tracktype":null,"source:maxspeed":null,"smoothness":null,"parking:lane:both":null,"lanes:forward":null,"lanes:backward":null,"CDOT_route":null,"lit":null,"sidewalk:right":null,"sidewalk:left":null,"tiger:name_type_1":null,"tiger:name_direction_prefix_1":null,"tiger:name_base_1":null,"railway":null,"old_railway_operator":null,"name_1":null,"maxspeed":null,"cycleway":null,"ref":null,"tiger:name_direction_prefix":null,"parking:both:orientation":null,"parking:both":null,"oneway":null,"access":null,"service":null,"tiger:reviewed":null,"surface":null,"lanes":null,"tiger:name_type":null,"tiger:name_base":null,"tiger:county":null,"tiger:cfcc":null,"name":"Aspen Club Trail","is_in:state_code":"CO","is_in:state":"Colorado","is_in:city":"Aspen"},"geometry":{"type":"LineString","coordinates":[[-106.8098592,39.1819795],[-106.809881,39.1821333]]}},
{"type":"Feature","properties":{"full_id":"w223229517","osm_id":"223229517","osm_type":"way","highway":"residential","crossing:markings":null,"crossing":null,"footway":null,"maxheight":null,"oneway:bicycle":null,"bus":null,"wheelchair":null,"source:geometry":null,"operator":null,"motor_vehicle":null,"dog":null,"cycleway:both:lane":null,"parking:lanes:both":null,"maxweight:signed":null,"sidewalk:both:surface":null,"turn:lanes:forward":null,"horse":null,"mtb:scale:imba":null,"wikipedia":null,"wikidata":null,"segregated":null,"tunnel":null,"layer":null,"bridge":null,"foot":null,"turn:lanes:backward":null,"source:hgv:national_network":null,"hgv:national_network":null,"hgv":null,"alt_name":null,"parking:right:orientation":null,"parking:right":null,"parking:left:orientation":null,"parking:left":null,"cycleway:right":null,"sidewalk":null,"cycleway:both":null,"bicycle":null,"tiger:name_direction_suffix":null,"tracktype":null,"source:maxspeed":null,"smoothness":null,"parking:lane:both":null,"lanes:forward":null,"lanes:backward":null,"CDOT_route":null,"lit":null,"sidewalk:right":null,"sidewalk:left":null,"tiger:name_type_1":null,"tiger:name_direction_prefix_1":null,"tiger:name_base_1":null,"railway":null,"old_railway_operator":null,"name_1":null,"maxspeed":null,"cycleway":null,"ref":null,"tiger:name_direction_prefix":"S","parking:both:orientation":null,"parking:both":null,"oneway":null,"access":null,"service":null,"tiger:reviewed":"no","surface":"asphalt","lanes":null,"tiger:name_type":"St","tiger:name_base":"Mill","tiger:county":"Pitkin, CO","tiger:cfcc":"A41","name":"South Mill Street","is_in:state_code":"CO","is_in:state":"Colorado","is_in:city":"Aspen"},"geometry":{"type":"LineString","coordinates":[[-106.8195088,39.1898664],[-106.8194823,39.1899495],[-106.8193792,39.1902733],[-106.8192627,39.1905663],[-106.819217,39.1906813]]}},
{"type":"Feature","properties":{"full_id":"w223229518","osm_id":"223229518","osm_type":"way","highway":"cycleway","crossing:markings":null,"crossing":null,"footway":null,"maxheight":null,"oneway:bicycle":null,"bus":null,"wheelchair":null,"source:geometry":null,"operator":null,"motor_vehicle":null,"dog":null,"cycleway:both:lane":null,"parking:lanes:both":null,"maxweight:signed":null,"sidewalk:both:surface":null,"turn:lanes:forward":null,"horse":null,"mtb:scale:imba":null,"wikipedia":null,"wikidata":null,"segregated":null,"tunnel":null,"layer":null,"bridge":null,"foot":"designated","turn:lanes:backward":null,"source:hgv:national_network":null,"hgv:national_network":null,"hgv":null,"alt_name":null,"parking:right:orientation":null,"parking:right":null,"parking:left:orientation":null,"parking:left":null,"cycleway:right":null,"sidewalk":null,"cycleway:both":null,"bicycle":"designated","tiger:name_direction_suffix":null,"tracktype":null,"source:maxspeed":null,"smoothness":null,"parking:lane:both":null,"lanes:forward":null,"lanes:backward":null,"CDOT_route":null,"lit":null,"sidewalk:right":null,"sidewalk:left":null,"tiger:name_type_1":null,"tiger:name_direction_prefix_1":null,"tiger:name_base_1":null,"railway":null,"old_railway_operator":null,"name_1":null,"maxspeed":null,"cycleway":null,"ref":null,"tiger:name_direction_prefix":null,"parking:both:orientation":null,"parking:both":null,"oneway":null,"access":null,"service":null,"tiger:reviewed":null,"surface":"asphalt","lanes":null,"tiger:name_type":null,"tiger:name_base":null,"tiger:county":null,"tiger:cfcc":null,"name":"East Hopkins Trail","is_in:state_code":"CO","is_in:state":"Colorado","is_in:city":"Aspen"},"geometry":{"type":"LineString","coordinates":[[-106.811495,39.1882397],[-106.81138,39.1882371],[-106.8113011,39.1882353],[-106.8112532,39.1882288],[-106.8112052,39.188214]]}},
{"type":"Feature","properties":{"full_id":"w223229519","osm_id":"223229519","osm_type":"way","highway":"residential","crossing:markings":null,"crossing":null,"footway":null,"maxheight":null,"oneway:bicycle":null,"bus":null,"wheelchair":null,"source:geometry":null,"operator":null,"motor_vehicle":null,"dog":null,"cycleway:both:lane":null,"parking:lanes:both":null,"maxweight:signed":null,"sidewalk:both:surface":null,"turn:lanes:forward":null,"horse":null,"mtb:scale:imba":null,"wikipedia":null,"wikidata":null,"segregated":null,"tunnel":null,"layer":null,"bridge":null,"foot":null,"turn:lanes:backward":null,"source:hgv:national_network":null,"hgv:national_network":null,"hgv":null,"alt_name":null,"parking:right:orientation":null,"parking:right":null,"parking:left:orientation":null,"parking:left":null,"cycleway:right":null,"sidewalk":null,"cycleway:both":null,"bicycle":null,"tiger:name_direction_suffix":null,"tracktype":null,"source:maxspeed":null,"smoothness":null,"parking:lane:both":null,"lanes:forward":null,"lanes:backward":null,"CDOT_route":null,"lit":null,"sidewalk:right":null,"sidewalk:left":null,"tiger:name_type_1":null,"tiger:name_direction_prefix_1":null,"tiger:name_base_1":null,"railway":null,"old_railway_operator":null,"name_1":null,"maxspeed":null,"cycleway":null,"ref":null,"tiger:name_direction_prefix":"E","parking:both:orientation":null,"parking:both":null,"oneway":null,"access":null,"service":null,"tiger:reviewed":"no","surface":"asphalt","lanes":null,"tiger:name_type":"St","tiger:name_base":"Bleeker","tiger:county":"Pitkin, CO","tiger:cfcc":"A41","name":"East Bleeker Street","is_in:state_code":"CO","is_in:state":"Colorado","is_in:city":"Aspen"},"geometry":{"type":"LineString","coordinates":[[-106.8189532,39.1914862],[-106.8190727,39.1915108],[-106.8200356,39.1917162],[-106.8201299,39.1917362],[-106.8202308,39.1917576],[-106.8211971,39.1919626],[-106.8213068,39.191986],[-106.8225197,39.1922326]]}},
{"type":"Feature","properties":{"full_id":"w223229520","osm_id":"223229520","osm_type":"way","highway":"footway","crossing:markings":null,"crossing":null,"footway":null,"maxheight":null,"oneway:bicycle":null,"bus":null,"wheelchair":null,"source:geometry":null,"operator":null,"motor_vehicle":null,"dog":null,"cycleway:both:lane":null,"parking:lanes:both":null,"maxweight:signed":null,"sidewalk:both:surface":null,"turn:lanes:forward":null,"horse":null,"mtb:scale:imba":null,"wikipedia":null,"wikidata":null,"segregated":null,"tunnel":null,"layer":null,"bridge":null,"foot":null,"turn:lanes:backward":null,"source:hgv:national_network":null,"hgv:national_network":null,"hgv":null,"alt_name":null,"parking:right:orientation":null,"parking:right":null,"parking:left:orientation":null,"parking:left":null,"cycleway:right":null,"sidewalk":null,"cycleway:both":null,"bicycle":null,"tiger:name_direction_suffix":null,"tracktype":null,"source:maxspeed":null,"smoothness":null,"parking:lane:both":null,"lanes:forward":null,"lanes:backward":null,"CDOT_route":null,"lit":null,"sidewalk:right":null,"sidewalk:left":null,"tiger:name_type_1":null,"tiger:name_direction_prefix_1":null,"tiger:name_base_1":null,"railway":null,"old_railway_operator":null,"name_1":null,"maxspeed":null,"cycleway":null,"ref":null,"tiger:name_direction_prefix":null,"parking:both:orientation":null,"parking:both":null,"oneway":null,"access":null,"service":null,"tiger:reviewed":null,"surface":null,"lanes":null,"tiger:name_type":null,"tiger:name_base":null,"tiger:county":null,"tiger:cfcc":null,"name":"Aspen Club Trail","is_in:state_code":"CO","is_in:state":"Colorado","is_in:city":"Aspen"},"geometry":{"type":"LineString","coordinates":[[-106.809881,39.1821333],[-106.809944,39.1825496]]}},
{"type":"Feature","properties":{"full_id":"w223229524","osm_id":"223229524","osm_type":"way","highway":"cycleway","crossing:markings":null,"crossing":null,"footway":null,"maxheight":null,"oneway:bicycle":null,"bus":null,"wheelchair":null,"source:geometry":null,"operator":null,"motor_vehicle":null,"dog":null,"cycleway:both:lane":null,"parking:lanes:both":null,"maxweight:signed":null,"sidewalk:both:surface":null,"turn:lanes:forward":null,"horse":null,"mtb:scale:imba":null,"wikipedia":null,"wikidata":null,"segregated":null,"tunnel":null,"layer":null,"bridge":"yes","foot":"designated","turn:lanes:backward":null,"source:hgv:national_network":null,"hgv:national_network":null,"hgv":null,"alt_name":null,"parking:right:orientation":null,"parking:right":null,"parking:left:orientation":null,"parking:left":null,"cycleway:right":null,"sidewalk":null,"cycleway:both":null,"bicycle":"designated","tiger:name_direction_suffix":null,"tracktype":null,"source:maxspeed":null,"smoothness":null,"parking:lane:both":null,"lanes:forward":null,"lanes:backward":null,"CDOT_route":null,"lit":null,"sidewalk:right":null,"sidewalk:left":null,"tiger:name_type_1":null,"tiger:name_direction_prefix_1":null,"tiger:name_base_1":null,"railway":null,"old_railway_operator":null,"name_1":null,"maxspeed":null,"cycleway":null,"ref":null,"tiger:name_direction_prefix":null,"parking:both:orientation":null,"parking:both":null,"oneway":null,"access":null,"service":null,"tiger:reviewed":null,"surface":"asphalt","lanes":null,"tiger:name_type":null,"tiger:name_base":null,"tiger:county":null,"tiger:cfcc":null,"name":"East Hopkins Trail","is_in:state_code":"CO","is_in:state":"Colorado","is_in:city":"Aspen"},"geometry":{"type":"LineString","coordinates":[[-106.8112052,39.188214],[-106.8109612,39.1881091]]}},
{"type":"Feature","properties":{"full_id":"w223229525","osm_id":"223229525","osm_type":"way","highway":"cycleway","crossing:markings":null,"crossing":null,"footway":null,"maxheight":null,"oneway:bicycle":null,"bus":null,"wheelchair":null,"source:geometry":null,"operator":null,"motor_vehicle":null,"dog":null,"cycleway:both:lane":null,"parking:lanes:both":null,"maxweight:signed":null,"sidewalk:both:surface":null,"turn:lanes:forward":null,"horse":null,"mtb:scale:imba":null,"wikipedia":null,"wikidata":null,"segregated":null,"tunnel":null,"layer":null,"bridge":null,"foot":"designated","turn:lanes:backward":null,"source:hgv:national_network":null,"hgv:national_network":null,"hgv":null,"alt_name":null,"parking:right:orientation":null,"parking:right":null,"parking:left:orientation":null,"parking:left":null,"cycleway:right":null,"sidewalk":null,"cycleway:both":null,"bicycle":"designated","tiger:name_direction_suffix":null,"tracktype":null,"source:maxspeed":null,"smoothness":null,"parking:lane:both":null,"lanes:forward":null,"lanes:backward":null,"CDOT_route":null,"lit":null,"sidewalk:right":null,"sidewalk:left":null,"tiger:name_type_1":null,"tiger:name_direction_prefix_1":null,"tiger:name_base_1":null,"railway":null,"old_railway_operator":null,"name_1":null,"maxspeed":null,"cycleway":null,"ref":null,"tiger:name_direction_prefix":null,"parking:both:orientation":null,"parking:both":null,"oneway":null,"access":null,"service":null,"tiger:reviewed":null,"surface":"asphalt","lanes":null,"tiger:name_type":null,"tiger:name_base":null,"tiger:county":null,"tiger:cfcc":null,"name":"East Hopkins Trail","is_in:state_code":"CO","is_in:state":"Colorado","is_in:city":"Aspen"},"geometry":{"type":"LineString","coordinates":[[-106.8109612,39.1881091],[-106.8108379,39.1880571],[-106.8107563,39.1880415],[-106.8106785,39.188037],[-106.8106185,39.1880386],[-106.8105532,39.1880432],[-106.8105301,39.1880405],[-106.8104986,39.1880259],[-106.8104333,39.188009],[-106.8103639,39.1879958],[-106.8102928,39.1879823]]}},
{"type":"Feature","properties":{"full_id":"w228443973","osm_id":"228443973","osm_type":"way","highway":"service","crossing:markings":null,"crossing":null,"footway":null,"maxheight":null,"oneway:bicycle":null,"bus":null,"wheelchair":null,"source:geometry":null,"operator":null,"motor_vehicle":null,"dog":null,"cycleway:both:lane":null,"parking:lanes:both":null,"maxweight:signed":null,"sidewalk:both:surface":null,"turn:lanes:forward":null,"horse":null,"mtb:scale:imba":null,"wikipedia":null,"wikidata":null,"segregated":null,"tunnel":null,"layer":null,"bridge":null,"foot":null,"turn:lanes:backward":null,"source:hgv:national_network":null,"hgv:national_network":null,"hgv":null,"alt_name":null,"parking:right:orientation":null,"parking:right":null,"parking:left:orientation":null,"parking:left":null,"cycleway:right":null,"sidewalk":null,"cycleway:both":null,"bicycle":null,"tiger:name_direction_suffix":null,"tracktype":null,"source:maxspeed":null,"smoothness":null,"parking:lane:both":null,"lanes:forward":null,"lanes:backward":null,"CDOT_route":null,"lit":null,"sidewalk:right":null,"sidewalk:left":null,"tiger:name_type_1":null,"tiger:name_direction_prefix_1":null,"tiger:name_base_1":null,"railway":null,"old_railway_operator":null,"name_1":null,"maxspeed":null,"cycleway":null,"ref":null,"tiger:name_direction_prefix":null,"parking:both:orientation":null,"parking:both":null,"oneway":null,"access":null,"service":"parking_aisle","tiger:reviewed":null,"surface":"asphalt","lanes":null,"tiger:name_type":null,"tiger:name_base":null,"tiger:county":null,"tiger:cfcc":null,"name":null,"is_in:state_code":"CO","is_in:state":"Colorado","is_in:city":"Aspen"},"geometry":{"type":"LineString","coordinates":[[-106.818868,39.1935695],[-106.8189779,39.1935417],[-106.819051,39.1935043],[-106.8191165,39.1934474],[-106.8191803,39.1933586],[-106.8191935,39.1933284],[-106.8192184,39.1932711],[-106.8192283,39.1931856],[-106.8192203,39.1930739],[-106.8191857,39.1930246],[-106.8191126,39.192983],[-106.8186066,39.1928414]]}},
{"type":"Feature","properties":{"full_id":"w228443974","osm_id":"228443974","osm_type":"way","highway":"service","crossing:markings":null,"crossing":null,"footway":null,"maxheight":null,"oneway:bicycle":null,"bus":null,"wheelchair":null,"source:geometry":null,"operator":null,"motor_vehicle":null,"dog":null,"cycleway:both:lane":null,"parking:lanes:both":null,"maxweight:signed":null,"sidewalk:both:surface":null,"turn:lanes:forward":null,"horse":null,"mtb:scale:imba":null,"wikipedia":null,"wikidata":null,"segregated":null,"tunnel":null,"layer":null,"bridge":null,"foot":null,"turn:lanes:backward":null,"source:hgv:national_network":null,"hgv:national_network":null,"hgv":null,"alt_name":null,"parking:right:orientation":null,"parking:right":null,"parking:left:orientation":null,"parking:left":null,"cycleway:right":null,"sidewalk":null,"cycleway:both":null,"bicycle":null,"tiger:name_direction_suffix":null,"tracktype":null,"source:maxspeed":null,"smoothness":null,"parking:lane:both":null,"lanes:forward":null,"lanes:backward":null,"CDOT_route":null,"lit":null,"sidewalk:right":null,"sidewalk:left":null,"tiger:name_type_1":null,"tiger:name_direction_prefix_1":null,"tiger:name_base_1":null,"railway":null,"old_railway_operator":null,"name_1":null,"maxspeed":null,"cycleway":null,"ref":null,"tiger:name_direction_prefix":null,"parking:both:orientation":null,"parking:both":null,"oneway":null,"access":null,"service":"parking_aisle","tiger:reviewed":null,"surface":"asphalt","lanes":null,"tiger:name_type":null,"tiger:name_base":null,"tiger:county":null,"tiger:cfcc":null,"name":null,"is_in:state_code":"CO","is_in:state":"Colorado","is_in:city":"Aspen"},"geometry":{"type":"LineString","coordinates":[[-106.8192283,39.1931856],[-106.8185383,39.1929921]]}},
{"type":"Feature","properties":{"full_id":"w228726066","osm_id":"228726066","osm_type":"way","highway":"service","crossing:markings":null,"crossing":null,"footway":null,"maxheight":null,"oneway:bicycle":null,"bus":null,"wheelchair":null,"source:geometry":null,"operator":null,"motor_vehicle":null,"dog":null,"cycleway:both:lane":null,"parking:lanes:both":null,"maxweight:signed":null,"sidewalk:both:surface":null,"turn:lanes:forward":null,"horse":null,"mtb:scale:imba":null,"wikipedia":null,"wikidata":null,"segregated":null,"tunnel":"yes","layer":"-1","bridge":null,"foot":null,"turn:lanes:backward":null,"source:hgv:national_network":null,"hgv:national_network":null,"hgv":null,"alt_name":null,"parking:right:orientation":null,"parking:right":null,"parking:left:orientation":null,"parking:left":null,"cycleway:right":null,"sidewalk":null,"cycleway:both":null,"bicycle":null,"tiger:name_direction_suffix":null,"tracktype":null,"source:maxspeed":null,"smoothness":null,"parking:lane:both":null,"lanes:forward":null,"lanes:backward":null,"CDOT_route":null,"lit":null,"sidewalk:right":null,"sidewalk:left":null,"tiger:name_type_1":null,"tiger:name_direction_prefix_1":null,"tiger:name_base_1":null,"railway":null,"old_railway_operator":null,"name_1":null,"maxspeed":null,"cycleway":null,"ref":null,"tiger:name_direction_prefix":null,"parking:both:orientation":null,"parking:both":null,"oneway":null,"access":null,"service":null,"tiger:reviewed":null,"surface":"paved","lanes":null,"tiger:name_type":null,"tiger:name_base":null,"tiger:county":null,"tiger:cfcc":null,"name":null,"is_in:state_code":null,"is_in:state":null,"is_in:city":null},"geometry":{"type":"LineString","coordinates":[[-106.8194864,39.1869202],[-106.8195151,39.1869608],[-106.8195674,39.1869927]]}},
{"type":"Feature","properties":{"full_id":"w228726067","osm_id":"228726067","osm_type":"way","highway":"footway","crossing:markings":null,"crossing":null,"footway":null,"maxheight":null,"oneway:bicycle":null,"bus":null,"wheelchair":null,"source:geometry":null,"operator":null,"motor_vehicle":null,"dog":null,"cycleway:both:lane":null,"parking:lanes:both":null,"maxweight:signed":null,"sidewalk:both:surface":null,"turn:lanes:forward":null,"horse":null,"mtb:scale:imba":null,"wikipedia":null,"wikidata":null,"segregated":null,"tunnel":null,"layer":"1","bridge":"yes","foot":null,"turn:lanes:backward":null,"source:hgv:national_network":null,"hgv:national_network":null,"hgv":null,"alt_name":null,"parking:right:orientation":null,"parking:right":null,"parking:left:orientation":null,"parking:left":null,"cycleway:right":null,"sidewalk":null,"cycleway:both":null,"bicycle":null,"tiger:name_direction_suffix":null,"tracktype":null,"source:maxspeed":null,"smoothness":null,"parking:lane:both":null,"lanes:forward":null,"lanes:backward":null,"CDOT_route":null,"lit":null,"sidewalk:right":null,"sidewalk:left":null,"tiger:name_type_1":null,"tiger:name_direction_prefix_1":null,"tiger:name_base_1":null,"railway":null,"old_railway_operator":null,"name_1":null,"maxspeed":null,"cycleway":null,"ref":null,"tiger:name_direction_prefix":null,"parking:both:orientation":null,"parking:both":null,"oneway":null,"access":null,"service":null,"tiger:reviewed":null,"surface":null,"lanes":null,"tiger:name_type":null,"tiger:name_base":null,"tiger:county":null,"tiger:cfcc":null,"name":null,"is_in:state_code":null,"is_in:state":null,"is_in:city":null},"geometry":{"type":"LineString","coordinates":[[-106.8196562,39.1853185],[-106.8196192,39.1853178],[-106.8195242,39.1852834]]}},
{"type":"Feature","properties":{"full_id":"w228726068","osm_id":"228726068","osm_type":"way","highway":"service","crossing:markings":null,"crossing":null,"footway":null,"maxheight":null,"oneway:bicycle":null,"bus":null,"wheelchair":null,"source:geometry":null,"operator":null,"motor_vehicle":null,"dog":null,"cycleway:both:lane":null,"parking:lanes:both":null,"maxweight:signed":null,"sidewalk:both:surface":null,"turn:lanes:forward":null,"horse":null,"mtb:scale:imba":null,"wikipedia":null,"wikidata":null,"segregated":null,"tunnel":null,"layer":null,"bridge":null,"foot":null,"turn:lanes:backward":null,"source:hgv:national_network":null,"hgv:national_network":null,"hgv":null,"alt_name":null,"parking:right:orientation":null,"parking:right":null,"parking:left:orientation":null,"parking:left":null,"cycleway:right":null,"sidewalk":null,"cycleway:both":null,"bicycle":null,"tiger:name_direction_suffix":null,"tracktype":null,"source:maxspeed":null,"smoothness":null,"parking:lane:both":null,"lanes:forward":null,"lanes:backward":null,"CDOT_route":null,"lit":null,"sidewalk:right":null,"sidewalk:left":null,"tiger:name_type_1":null,"tiger:name_direction_prefix_1":null,"tiger:name_base_1":null,"railway":null,"old_railway_operator":null,"name_1":null,"maxspeed":null,"cycleway":null,"ref":null,"tiger:name_direction_prefix":null,"parking:both:orientation":null,"parking:both":null,"oneway":null,"access":null,"service":null,"tiger:reviewed":null,"surface":"paved","lanes":null,"tiger:name_type":null,"tiger:name_base":null,"tiger:county":null,"tiger:cfcc":null,"name":null,"is_in:state_code":"CO","is_in:state":"Colorado","is_in:city":"Aspen"},"geometry":{"type":"LineString","coordinates":[[-106.8195674,39.1869927],[-106.8198986,39.1870608],[-106.8202021,39.1871232]]}},
{"type":"Feature","properties":{"full_id":"w228759989","osm_id":"228759989","osm_type":"way","highway":"tertiary","crossing:markings":null,"crossing":null,"footway":null,"maxheight":null,"oneway:bicycle":null,"bus":null,"wheelchair":null,"source:geometry":null,"operator":null,"motor_vehicle":null,"dog":null,"cycleway:both:lane":null,"parking:lanes:both":null,"maxweight:signed":null,"sidewalk:both:surface":null,"turn:lanes:forward":null,"horse":null,"mtb:scale:imba":null,"wikipedia":null,"wikidata":null,"segregated":null,"tunnel":null,"layer":null,"bridge":null,"foot":null,"turn:lanes:backward":null,"source:hgv:national_network":null,"hgv:national_network":null,"hgv":null,"alt_name":null,"parking:right:orientation":null,"parking:right":null,"parking:left:orientation":null,"parking:left":null,"cycleway:right":null,"sidewalk":null,"cycleway:both":null,"bicycle":null,"tiger:name_direction_suffix":null,"tracktype":null,"source:maxspeed":null,"smoothness":null,"parking:lane:both":null,"lanes:forward":null,"lanes:backward":null,"CDOT_route":null,"lit":null,"sidewalk:right":null,"sidewalk:left":null,"tiger:name_type_1":null,"tiger:name_direction_prefix_1":null,"tiger:name_base_1":null,"railway":null,"old_railway_operator":null,"name_1":null,"maxspeed":null,"cycleway":null,"ref":null,"tiger:name_direction_prefix":null,"parking:both:orientation":null,"parking:both":null,"oneway":null,"access":null,"service":null,"tiger:reviewed":null,"surface":"asphalt","lanes":null,"tiger:name_type":null,"tiger:name_base":null,"tiger:county":null,"tiger:cfcc":null,"name":"Neale Avenue","is_in:state_code":null,"is_in:state":null,"is_in:city":null},"geometry":{"type":"LineString","coordinates":[[-106.8138134,39.1893318],[-106.8137041,39.1894035],[-106.8134656,39.1895945],[-106.8133316,39.1897041],[-106.8130337,39.1899595],[-106.8128798,39.1901012],[-106.8127813,39.1902191],[-106.8126848,39.1903611],[-106.812444,39.1909339],[-106.8123967,39.1909757],[-106.8123252,39.1910195]]}},
{"type":"Feature","properties":{"full_id":"w228759990","osm_id":"228759990","osm_type":"way","highway":"tertiary","crossing:markings":null,"crossing":null,"footway":null,"maxheight":null,"oneway:bicycle":null,"bus":null,"wheelchair":null,"source:geometry":null,"operator":null,"motor_vehicle":null,"dog":null,"cycleway:both:lane":null,"parking:lanes:both":null,"maxweight:signed":null,"sidewalk:both:surface":null,"turn:lanes:forward":null,"horse":null,"mtb:scale:imba":null,"wikipedia":null,"wikidata":null,"segregated":null,"tunnel":null,"layer":"1","bridge":"yes","foot":null,"turn:lanes:backward":null,"source:hgv:national_network":null,"hgv:national_network":null,"hgv":null,"alt_name":null,"parking:right:orientation":null,"parking:right":null,"parking:left:orientation":null,"parking:left":null,"cycleway:right":null,"sidewalk":null,"cycleway:both":null,"bicycle":null,"tiger:name_direction_suffix":null,"tracktype":null,"source:maxspeed":null,"smoothness":null,"parking:lane:both":null,"lanes:forward":null,"lanes:backward":null,"CDOT_route":null,"lit":null,"sidewalk:right":null,"sidewalk:left":null,"tiger:name_type_1":null,"tiger:name_direction_prefix_1":null,"tiger:name_base_1":null,"railway":null,"old_railway_operator":null,"name_1":null,"maxspeed":null,"cycleway":null,"ref":null,"tiger:name_direction_prefix":null,"parking:both:orientation":null,"parking:both":null,"oneway":null,"access":null,"service":null,"tiger:reviewed":null,"surface":"asphalt","lanes":null,"tiger:name_type":null,"tiger:name_base":null,"tiger:county":null,"tiger:cfcc":null,"name":"Neale Avenue","is_in:state_code":null,"is_in:state":null,"is_in:city":null},"geometry":{"type":"LineString","coordinates":[[-106.813999,39.1892391],[-106.8139387,39.1892666],[-106.8138134,39.1893318]]}},
{"type":"Feature","properties":{"full_id":"w228760033","osm_id":"228760033","osm_type":"way","highway":"cycleway","crossing:markings":null,"crossing":null,"footway":null,"maxheight":null,"oneway:bicycle":null,"bus":null,"wheelchair":null,"source:geometry":null,"operator":null,"motor_vehicle":null,"dog":null,"cycleway:both:lane":null,"parking:lanes:both":null,"maxweight:signed":null,"sidewalk:both:surface":null,"turn:lanes:forward":null,"horse":null,"mtb:scale:imba":null,"wikipedia":null,"wikidata":null,"segregated":"no","tunnel":null,"layer":null,"bridge":null,"foot":"designated","turn:lanes:backward":null,"source:hgv:national_network":null,"hgv:national_network":null,"hgv":null,"alt_name":null,"parking:right:orientation":null,"parking:right":null,"parking:left:orientation":null,"parking:left":null,"cycleway:right":null,"sidewalk":null,"cycleway:both":null,"bicycle":"designated","tiger:name_direction_suffix":null,"tracktype":null,"source:maxspeed":null,"smoothness":null,"parking:lane:both":null,"lanes:forward":null,"lanes:backward":null,"CDOT_route":null,"lit":"no","sidewalk:right":null,"sidewalk:left":null,"tiger:name_type_1":null,"tiger:name_direction_prefix_1":null,"tiger:name_base_1":null,"railway":null,"old_railway_operator":null,"name_1":null,"maxspeed":null,"cycleway":null,"ref":null,"tiger:name_direction_prefix":null,"parking:both:orientation":null,"parking:both":null,"oneway":null,"access":null,"service":null,"tiger:reviewed":null,"surface":"concrete","lanes":null,"tiger:name_type":null,"tiger:name_base":null,"tiger:county":null,"tiger:cfcc":null,"name":"Rio Grande Trail","is_in:state_code":null,"is_in:state":null,"is_in:city":null},"geometry":{"type":"LineString","coordinates":[[-106.8170947,39.1930205],[-106.8170863,39.1929959],[-106.8170788,39.1929317],[-106.8170874,39.1928215],[-106.8170706,39.1927893],[-106.8170487,39.192759],[-106.8170352,39.1927203],[-106.8170349,39.1926852]]}},
{"type":"Feature","properties":{"full_id":"w228760034","osm_id":"228760034","osm_type":"way","highway":"cycleway","crossing:markings":null,"crossing":null,"footway":null,"maxheight":null,"oneway:bicycle":null,"bus":null,"wheelchair":null,"source:geometry":null,"operator":null,"motor_vehicle":null,"dog":null,"cycleway:both:lane":null,"parking:lanes:both":null,"maxweight:signed":null,"sidewalk:both:surface":null,"turn:lanes:forward":null,"horse":null,"mtb:scale:imba":null,"wikipedia":null,"wikidata":null,"segregated":null,"tunnel":null,"layer":null,"bridge":null,"foot":null,"turn:lanes:backward":null,"source:hgv:national_network":null,"hgv:national_network":null,"hgv":null,"alt_name":null,"parking:right:orientation":null,"parking:right":null,"parking:left:orientation":null,"parking:left":null,"cycleway:right":null,"sidewalk":null,"cycleway:both":null,"bicycle":null,"tiger:name_direction_suffix":null,"tracktype":null,"source:maxspeed":null,"smoothness":null,"parking:lane:both":null,"lanes:forward":null,"lanes:backward":null,"CDOT_route":null,"lit":"no","sidewalk:right":null,"sidewalk:left":null,"tiger:name_type_1":null,"tiger:name_direction_prefix_1":null,"tiger:name_base_1":null,"railway":null,"old_railway_operator":null,"name_1":null,"maxspeed":null,"cycleway":null,"ref":null,"tiger:name_direction_prefix":null,"parking:both:orientation":null,"parking:both":null,"oneway":null,"access":null,"service":null,"tiger:reviewed":null,"surface":"concrete","lanes":null,"tiger:name_type":null,"tiger:name_base":null,"tiger:county":null,"tiger:cfcc":null,"name":null,"is_in:state_code":null,"is_in:state":null,"is_in:city":null},"geometry":{"type":"LineString","coordinates":[[-106.8172816,39.1928065],[-106.8173058,39.1928022],[-106.8173219,39.1927993],[-106.8174704,39.1927589],[-106.8175653,39.1927406],[-106.8176735,39.1927367],[-106.8177878,39.1927519],[-106.8178717,39.1927721]]}},
{"type":"Feature","properties":{"full_id":"w228760035","osm_id":"228760035","osm_type":"way","highway":"footway","crossing:markings":null,"crossing":null,"footway":null,"maxheight":null,"oneway:bicycle":null,"bus":null,"wheelchair":null,"source:geometry":null,"operator":null,"motor_vehicle":null,"dog":null,"cycleway:both:lane":null,"parking:lanes:both":null,"maxweight:signed":null,"sidewalk:both:surface":null,"turn:lanes:forward":null,"horse":null,"mtb:scale:imba":null,"wikipedia":null,"wikidata":null,"segregated":null,"tunnel":null,"layer":null,"bridge":null,"foot":null,"turn:lanes:backward":null,"source:hgv:national_network":null,"hgv:national_network":null,"hgv":null,"alt_name":null,"parking:right:orientation":null,"parking:right":null,"parking:left:orientation":null,"parking:left":null,"cycleway:right":null,"sidewalk":null,"cycleway:both":null,"bicycle":null,"tiger:name_direction_suffix":null,"tracktype":null,"source:maxspeed":null,"smoothness":null,"parking:lane:both":null,"lanes:forward":null,"lanes:backward":null,"CDOT_route":null,"lit":null,"sidewalk:right":null,"sidewalk:left":null,"tiger:name_type_1":null,"tiger:name_direction_prefix_1":null,"tiger:name_base_1":null,"railway":null,"old_railway_operator":null,"name_1":null,"maxspeed":null,"cycleway":null,"ref":null,"tiger:name_direction_prefix":null,"parking:both:orientation":null,"parking:both":null,"oneway":null,"access":null,"service":null,"tiger:reviewed":null,"surface":"paved","lanes":null,"tiger:name_type":null,"tiger:name_base":null,"tiger:county":null,"tiger:cfcc":null,"name":null,"is_in:state_code":"CO","is_in:state":"Colorado","is_in:city":"Aspen"},"geometry":{"type":"LineString","coordinates":[[-106.8133907,39.192379],[-106.8133639,39.1923764],[-106.813301,39.1922899],[-106.8132568,39.1921754],[-106.8132327,39.1920962],[-106.8131897,39.19194],[-106.8131899,39.191875],[-106.8131741,39.1918373],[-106.8131491,39.1918022],[-106.8131018,39.1917513],[-106.8127788,39.1914738],[-106.8127356,39.1914785]]}},
{"type":"Feature","properties":{"full_id":"w228760038","osm_id":"228760038","osm_type":"way","highway":"cycleway","crossing:markings":null,"crossing":null,"footway":null,"maxheight":null,"oneway:bicycle":null,"bus":null,"wheelchair":null,"source:geometry":null,"operator":null,"motor_vehicle":null,"dog":null,"cycleway:both:lane":null,"parking:lanes:both":null,"maxweight:signed":null,"sidewalk:both:surface":null,"turn:lanes:forward":null,"horse":null,"mtb:scale:imba":null,"wikipedia":null,"wikidata":null,"segregated":null,"tunnel":null,"layer":null,"bridge":null,"foot":null,"turn:lanes:backward":null,"source:hgv:national_network":null,"hgv:national_network":null,"hgv":null,"alt_name":null,"parking:right:orientation":null,"parking:right":null,"parking:left:orientation":null,"parking:left":null,"cycleway:right":null,"sidewalk":null,"cycleway:both":null,"bicycle":null,"tiger:name_direction_suffix":null,"tracktype":null,"source:maxspeed":null,"smoothness":null,"parking:lane:both":null,"lanes:forward":null,"lanes:backward":null,"CDOT_route":null,"lit":null,"sidewalk:right":null,"sidewalk:left":null,"tiger:name_type_1":null,"tiger:name_direction_prefix_1":null,"tiger:name_base_1":null,"railway":null,"old_railway_operator":null,"name_1":null,"maxspeed":null,"cycleway":null,"ref":null,"tiger:name_direction_prefix":null,"parking:both:orientation":null,"parking:both":null,"oneway":null,"access":null,"service":null,"tiger:reviewed":null,"surface":"paved","lanes":null,"tiger:name_type":null,"tiger:name_base":null,"tiger:county":null,"tiger:cfcc":null,"name":"Oklahoma Flats Trail","is_in:state_code":null,"is_in:state":null,"is_in:city":null},"geometry":{"type":"LineString","coordinates":[[-106.814216,39.1909657],[-106.8141987,39.1909927],[-106.8141747,39.1910466]]}},
{"type":"Feature","properties":{"full_id":"w228760039","osm_id":"228760039","osm_type":"way","highway":"cycleway","crossing:markings":null,"crossing":null,"footway":null,"maxheight":null,"oneway:bicycle":null,"bus":null,"wheelchair":null,"source:geometry":null,"operator":null,"motor_vehicle":null,"dog":null,"cycleway:both:lane":null,"parking:lanes:both":null,"maxweight:signed":null,"sidewalk:both:surface":null,"turn:lanes:forward":null,"horse":null,"mtb:scale:imba":null,"wikipedia":null,"wikidata":null,"segregated":null,"tunnel":null,"layer":"1","bridge":"yes","foot":null,"turn:lanes:backward":null,"source:hgv:national_network":null,"hgv:national_network":null,"hgv":null,"alt_name":null,"parking:right:orientation":null,"parking:right":null,"parking:left:orientation":null,"parking:left":null,"cycleway:right":null,"sidewalk":null,"cycleway:both":null,"bicycle":null,"tiger:name_direction_suffix":null,"tracktype":null,"source:maxspeed":null,"smoothness":null,"parking:lane:both":null,"lanes:forward":null,"lanes:backward":null,"CDOT_route":null,"lit":null,"sidewalk:right":null,"sidewalk:left":null,"tiger:name_type_1":null,"tiger:name_direction_prefix_1":null,"tiger:name_base_1":null,"railway":null,"old_railway_operator":null,"name_1":null,"maxspeed":null,"cycleway":null,"ref":null,"tiger:name_direction_prefix":null,"parking:both:orientation":null,"parking:both":null,"oneway":null,"access":null,"service":null,"tiger:reviewed":null,"surface":"wood","lanes":null,"tiger:name_type":null,"tiger:name_base":null,"tiger:county":null,"tiger:cfcc":null,"name":"Oklahoma Flats Trail","is_in:state_code":null,"is_in:state":null,"is_in:city":null},"geometry":{"type":"LineString","coordinates":[[-106.8141747,39.1910466],[-106.8140994,39.1912478]]}},
{"type":"Feature","properties":{"full_id":"w228760043","osm_id":"228760043","osm_type":"way","highway":"cycleway","crossing:markings":null,"crossing":null,"footway":null,"maxheight":null,"oneway:bicycle":null,"bus":null,"wheelchair":null,"source:geometry":null,"operator":null,"motor_vehicle":null,"dog":null,"cycleway:both:lane":null,"parking:lanes:both":null,"maxweight:signed":null,"sidewalk:both:surface":null,"turn:lanes:forward":null,"horse":null,"mtb:scale:imba":null,"wikipedia":"en:Sheely Bridge","wikidata":"Q7492356","segregated":null,"tunnel":null,"layer":"1","bridge":"yes","foot":"designated","turn:lanes:backward":null,"source:hgv:national_network":null,"hgv:national_network":null,"hgv":null,"alt_name":null,"parking:right:orientation":null,"parking:right":null,"parking:left:orientation":null,"parking:left":null,"cycleway:right":null,"sidewalk":null,"cycleway:both":null,"bicycle":"designated","tiger:name_direction_suffix":null,"tracktype":null,"source:maxspeed":null,"smoothness":null,"parking:lane:both":null,"lanes:forward":null,"lanes:backward":null,"CDOT_route":null,"lit":"no","sidewalk:right":null,"sidewalk:left":null,"tiger:name_type_1":null,"tiger:name_direction_prefix_1":null,"tiger:name_base_1":null,"railway":null,"old_railway_operator":null,"name_1":null,"maxspeed":null,"cycleway":null,"ref":null,"tiger:name_direction_prefix":null,"parking:both:orientation":null,"parking:both":null,"oneway":null,"access":null,"service":null,"tiger:reviewed":null,"surface":"paved","lanes":null,"tiger:name_type":null,"tiger:name_base":null,"tiger:county":null,"tiger:cfcc":null,"name":null,"is_in:state_code":null,"is_in:state":null,"is_in:city":null},"geometry":{"type":"LineString","coordinates":[[-106.8171713,39.1932526],[-106.8170947,39.1930205]]}},
{"type":"Feature","properties":{"full_id":"w228760045","osm_id":"228760045","osm_type":"way","highway":"cycleway","crossing:markings":null,"crossing":null,"footway":null,"maxheight":null,"oneway:bicycle":null,"bus":null,"wheelchair":null,"source:geometry":null,"operator":null,"motor_vehicle":null,"dog":null,"cycleway:both:lane":null,"parking:lanes:both":null,"maxweight:signed":null,"sidewalk:both:surface":null,"turn:lanes:forward":null,"horse":null,"mtb:scale:imba":null,"wikipedia":null,"wikidata":null,"segregated":null,"tunnel":null,"layer":null,"bridge":null,"foot":null,"turn:lanes:backward":null,"source:hgv:national_network":null,"hgv:national_network":null,"hgv":null,"alt_name":null,"parking:right:orientation":null,"parking:right":null,"parking:left:orientation":null,"parking:left":null,"cycleway:right":null,"sidewalk":null,"cycleway:both":null,"bicycle":null,"tiger:name_direction_suffix":null,"tracktype":null,"source:maxspeed":null,"smoothness":null,"parking:lane:both":null,"lanes:forward":null,"lanes:backward":null,"CDOT_route":null,"lit":null,"sidewalk:right":null,"sidewalk:left":null,"tiger:name_type_1":null,"tiger:name_direction_prefix_1":null,"tiger:name_base_1":null,"railway":null,"old_railway_operator":null,"name_1":null,"maxspeed":null,"cycleway":null,"ref":null,"tiger:name_direction_prefix":null,"parking:both:orientation":null,"parking:both":null,"oneway":null,"access":null,"service":null,"tiger:reviewed":null,"surface":"paved","lanes":null,"tiger:name_type":null,"tiger:name_base":null,"tiger:county":null,"tiger:cfcc":null,"name":"Oklahoma Flats Trail","is_in:state_code":null,"is_in:state":null,"is_in:city":null},"geometry":{"type":"LineString","coordinates":[[-106.8140994,39.1912478],[-106.8140066,39.1914487],[-106.8139649,39.1915296],[-106.813931,39.1915772],[-106.8139122,39.1915978],[-106.8138794,39.1916191],[-106.8138425,39.1916359],[-106.8137978,39.1916392],[-106.8137565,39.1916338],[-106.8137188,39.1916201],[-106.8136858,39.1916017],[-106.8136209,39.1915487],[-106.813595,39.1915384],[-106.8135595,39.1915319],[-106.8135243,39.1915329],[-106.8134918,39.1915427],[-106.8134674,39.1915562],[-106.8134435,39.1915789],[-106.8134258,39.1916041],[-106.8133815,39.1917495],[-106.8133473,39.1918529],[-106.8133322,39.1919123],[-106.8133286,39.1919654],[-106.8133378,39.1922042],[-106.8133459,39.1922709],[-106.8133679,39.1923401],[-106.8133907,39.192379],[-106.8135984,39.1926736],[-106.8136077,39.1927067],[-106.8135956,39.192742],[-106.8135485,39.1928506]]}},
{"type":"Feature","properties":{"full_id":"w228760046","osm_id":"228760046","osm_type":"way","highway":"footway","crossing:markings":null,"crossing":null,"footway":null,"maxheight":null,"oneway:bicycle":null,"bus":null,"wheelchair":null,"source:geometry":null,"operator":null,"motor_vehicle":null,"dog":null,"cycleway:both:lane":null,"parking:lanes:both":null,"maxweight:signed":null,"sidewalk:both:surface":null,"turn:lanes:forward":null,"horse":null,"mtb:scale:imba":null,"wikipedia":null,"wikidata":null,"segregated":null,"tunnel":null,"layer":null,"bridge":null,"foot":null,"turn:lanes:backward":null,"source:hgv:national_network":null,"hgv:national_network":null,"hgv":null,"alt_name":null,"parking:right:orientation":null,"parking:right":null,"parking:left:orientation":null,"parking:left":null,"cycleway:right":null,"sidewalk":null,"cycleway:both":null,"bicycle":null,"tiger:name_direction_suffix":null,"tracktype":null,"source:maxspeed":null,"smoothness":null,"parking:lane:both":null,"lanes:forward":null,"lanes:backward":null,"CDOT_route":null,"lit":"no","sidewalk:right":null,"sidewalk:left":null,"tiger:name_type_1":null,"tiger:name_direction_prefix_1":null,"tiger:name_base_1":null,"railway":null,"old_railway_operator":null,"name_1":null,"maxspeed":null,"cycleway":null,"ref":null,"tiger:name_direction_prefix":null,"parking:both:orientation":null,"parking:both":null,"oneway":null,"access":null,"service":null,"tiger:reviewed":null,"surface":"concrete","lanes":null,"tiger:name_type":null,"tiger:name_base":null,"tiger:county":null,"tiger:cfcc":null,"name":"John Denver Memorial","is_in:state_code":"CO","is_in:state":"Colorado","is_in:city":"Aspen"},"geometry":{"type":"LineString","coordinates":[[-106.8157495,39.1919346],[-106.8157612,39.1919868],[-106.8157629,39.1920471],[-106.8157333,39.1921482],[-106.8157189,39.1922297],[-106.8157283,39.1923029],[-106.8157517,39.192354],[-106.8157839,39.1924232],[-106.815836,39.192497],[-106.8158847,39.1925568],[-106.8159387,39.1926048],[-106.8159638,39.1926392],[-106.8160064,39.1926896],[-106.8160229,39.1927424],[-106.8160512,39.1927871],[-106.816104,39.1928442],[-106.8161495,39.192918],[-106.8161894,39.1929577],[-106.8162302,39.1929775],[-106.8162952,39.1929934],[-106.8164294,39.1929901],[-106.8166308,39.1930108],[-106.8167679,39.1930179],[-106.8168583,39.1930385],[-106.8168974,39.1930404],[-106.8169893,39.1930274],[-106.8170863,39.1929959]]}},
{"type":"Feature","properties":{"full_id":"w228760049","osm_id":"228760049","osm_type":"way","highway":"cycleway","crossing:markings":null,"crossing":null,"footway":null,"maxheight":null,"oneway:bicycle":null,"bus":null,"wheelchair":null,"source:geometry":null,"operator":null,"motor_vehicle":null,"dog":null,"cycleway:both:lane":null,"parking:lanes:both":null,"maxweight:signed":null,"sidewalk:both:surface":null,"turn:lanes:forward":null,"horse":null,"mtb:scale:imba":null,"wikipedia":null,"wikidata":null,"segregated":null,"tunnel":null,"layer":null,"bridge":null,"foot":null,"turn:lanes:backward":null,"source:hgv:national_network":null,"hgv:national_network":null,"hgv":null,"alt_name":null,"parking:right:orientation":null,"parking:right":null,"parking:left:orientation":null,"parking:left":null,"cycleway:right":null,"sidewalk":null,"cycleway:both":null,"bicycle":null,"tiger:name_direction_suffix":null,"tracktype":null,"source:maxspeed":null,"smoothness":null,"parking:lane:both":null,"lanes:forward":null,"lanes:backward":null,"CDOT_route":null,"lit":"no","sidewalk:right":null,"sidewalk:left":null,"tiger:name_type_1":null,"tiger:name_direction_prefix_1":null,"tiger:name_base_1":null,"railway":null,"old_railway_operator":null,"name_1":null,"maxspeed":null,"cycleway":null,"ref":null,"tiger:name_direction_prefix":null,"parking:both:orientation":null,"parking:both":null,"oneway":null,"access":null,"service":null,"tiger:reviewed":null,"surface":"paved","lanes":null,"tiger:name_type":null,"tiger:name_base":null,"tiger:county":null,"tiger:cfcc":null,"name":null,"is_in:state_code":null,"is_in:state":null,"is_in:city":null},"geometry":{"type":"LineString","coordinates":[[-106.8158284,39.1916276],[-106.8159157,39.191463],[-106.8159382,39.1914205]]}},
{"type":"Feature","properties":{"full_id":"w228760050","osm_id":"228760050","osm_type":"way","highway":"cycleway","crossing:markings":null,"crossing":null,"footway":null,"maxheight":null,"oneway:bicycle":null,"bus":null,"wheelchair":null,"source:geometry":null,"operator":null,"motor_vehicle":null,"dog":null,"cycleway:both:lane":null,"parking:lanes:both":null,"maxweight:signed":null,"sidewalk:both:surface":null,"turn:lanes:forward":null,"horse":null,"mtb:scale:imba":null,"wikipedia":null,"wikidata":null,"segregated":"no","tunnel":null,"layer":null,"bridge":null,"foot":"designated","turn:lanes:backward":null,"source:hgv:national_network":null,"hgv:national_network":null,"hgv":null,"alt_name":null,"parking:right:orientation":null,"parking:right":null,"parking:left:orientation":null,"parking:left":null,"cycleway:right":null,"sidewalk":null,"cycleway:both":null,"bicycle":"designated","tiger:name_direction_suffix":null,"tracktype":null,"source:maxspeed":null,"smoothness":null,"parking:lane:both":null,"lanes:forward":null,"lanes:backward":null,"CDOT_route":null,"lit":"no","sidewalk:right":null,"sidewalk:left":null,"tiger:name_type_1":null,"tiger:name_direction_prefix_1":null,"tiger:name_base_1":null,"railway":null,"old_railway_operator":null,"name_1":null,"maxspeed":null,"cycleway":null,"ref":null,"tiger:name_direction_prefix":null,"parking:both:orientation":null,"parking:both":null,"oneway":null,"access":null,"service":null,"tiger:reviewed":null,"surface":"paved","lanes":null,"tiger:name_type":null,"tiger:name_base":null,"tiger:county":null,"tiger:cfcc":null,"name":"Rio Grande Trail","is_in:state_code":null,"is_in:state":null,"is_in:city":null},"geometry":{"type":"LineString","coordinates":[[-106.81384,39.1905708],[-106.8140468,39.190788],[-106.814216,39.1909657],[-106.8142988,39.1910018],[-106.8147306,39.1910926],[-106.8149003,39.1911198],[-106.8152934,39.1911591],[-106.8153822,39.1911889],[-106.8154509,39.1912187],[-106.8156371,39.1913607],[-106.8156737,39.1913979],[-106.815709,39.1914474],[-106.8158284,39.1916276],[-106.8159014,39.1917225],[-106.8159506,39.1918111],[-106.8160055,39.1919393],[-106.8160553,39.1920052],[-106.8161021,39.1920517],[-106.8162592,39.192124],[-106.8163372,39.1921559],[-106.816633,39.1922329],[-106.8167546,39.1922504],[-106.8169036,39.1922688]]}},
{"type":"Feature","properties":{"full_id":"w228760051","osm_id":"228760051","osm_type":"way","highway":"cycleway","crossing:markings":null,"crossing":null,"footway":null,"maxheight":null,"oneway:bicycle":null,"bus":null,"wheelchair":null,"source:geometry":null,"operator":null,"motor_vehicle":null,"dog":null,"cycleway:both:lane":null,"parking:lanes:both":null,"maxweight:signed":null,"sidewalk:both:surface":null,"turn:lanes:forward":null,"horse":null,"mtb:scale:imba":null,"wikipedia":null,"wikidata":null,"segregated":null,"tunnel":null,"layer":"1","bridge":"yes","foot":null,"turn:lanes:backward":null,"source:hgv:national_network":null,"hgv:national_network":null,"hgv":null,"alt_name":null,"parking:right:orientation":null,"parking:right":null,"parking:left:orientation":null,"parking:left":null,"cycleway:right":null,"sidewalk":null,"cycleway:both":null,"bicycle":null,"tiger:name_direction_suffix":null,"tracktype":null,"source:maxspeed":null,"smoothness":null,"parking:lane:both":null,"lanes:forward":null,"lanes:backward":null,"CDOT_route":null,"lit":null,"sidewalk:right":null,"sidewalk:left":null,"tiger:name_type_1":null,"tiger:name_direction_prefix_1":null,"tiger:name_base_1":null,"railway":null,"old_railway_operator":null,"name_1":null,"maxspeed":null,"cycleway":null,"ref":null,"tiger:name_direction_prefix":null,"parking:both:orientation":null,"parking:both":null,"oneway":null,"access":null,"service":null,"tiger:reviewed":null,"surface":"wood","lanes":null,"tiger:name_type":null,"tiger:name_base":null,"tiger:county":null,"tiger:cfcc":null,"name":null,"is_in:state_code":null,"is_in:state":null,"is_in:city":null},"geometry":{"type":"LineString","coordinates":[[-106.81384,39.1905708],[-106.8137606,39.1904836],[-106.813731,39.1904215],[-106.8137196,39.190379],[-106.8137054,39.1902376]]}},
{"type":"Feature","properties":{"full_id":"w228760054","osm_id":"228760054","osm_type":"way","highway":"cycleway","crossing:markings":null,"crossing":null,"footway":null,"maxheight":null,"oneway:bicycle":null,"bus":null,"wheelchair":null,"source:geometry":null,"operator":null,"motor_vehicle":null,"dog":null,"cycleway:both:lane":null,"parking:lanes:both":null,"maxweight:signed":null,"sidewalk:both:surface":null,"turn:lanes:forward":null,"horse":null,"mtb:scale:imba":null,"wikipedia":null,"wikidata":null,"segregated":null,"tunnel":null,"layer":null,"bridge":null,"foot":"designated","turn:lanes:backward":null,"source:hgv:national_network":null,"hgv:national_network":null,"hgv":null,"alt_name":null,"parking:right:orientation":null,"parking:right":null,"parking:left:orientation":null,"parking:left":null,"cycleway:right":null,"sidewalk":null,"cycleway:both":null,"bicycle":"designated","tiger:name_direction_suffix":null,"tracktype":null,"source:maxspeed":null,"smoothness":null,"parking:lane:both":null,"lanes:forward":null,"lanes:backward":null,"CDOT_route":null,"lit":null,"sidewalk:right":null,"sidewalk:left":null,"tiger:name_type_1":null,"tiger:name_direction_prefix_1":null,"tiger:name_base_1":null,"railway":null,"old_railway_operator":null,"name_1":null,"maxspeed":null,"cycleway":null,"ref":null,"tiger:name_direction_prefix":null,"parking:both:orientation":null,"parking:both":null,"oneway":null,"access":null,"service":null,"tiger:reviewed":null,"surface":"paved","lanes":null,"tiger:name_type":null,"tiger:name_base":null,"tiger:county":null,"tiger:cfcc":null,"name":"Rio Grande Trail","is_in:state_code":null,"is_in:state":null,"is_in:city":null},"geometry":{"type":"LineString","coordinates":[[-106.8137054,39.1902376],[-106.8136978,39.1902068],[-106.8136824,39.1901847],[-106.8136469,39.1901365],[-106.8136116,39.1900627],[-106.8135883,39.189978],[-106.8135776,39.1899309],[-106.8135773,39.1899035],[-106.8135803,39.1898764],[-106.813616,39.1897897],[-106.8136209,39.1897574],[-106.8136133,39.1897167],[-106.8135827,39.1896804],[-106.8135702,39.1896712]]}},
{"type":"Feature","properties":{"full_id":"w228760055","osm_id":"228760055","osm_type":"way","highway":"service","crossing:markings":null,"crossing":null,"footway":null,"maxheight":null,"oneway:bicycle":null,"bus":null,"wheelchair":null,"source:geometry":null,"operator":null,"motor_vehicle":null,"dog":null,"cycleway:both:lane":null,"parking:lanes:both":null,"maxweight:signed":null,"sidewalk:both:surface":null,"turn:lanes:forward":null,"horse":null,"mtb:scale:imba":null,"wikipedia":null,"wikidata":null,"segregated":null,"tunnel":null,"layer":null,"bridge":null,"foot":null,"turn:lanes:backward":null,"source:hgv:national_network":null,"hgv:national_network":null,"hgv":null,"alt_name":null,"parking:right:orientation":null,"parking:right":null,"parking:left:orientation":null,"parking:left":null,"cycleway:right":null,"sidewalk":null,"cycleway:both":null,"bicycle":null,"tiger:name_direction_suffix":null,"tracktype":null,"source:maxspeed":null,"smoothness":null,"parking:lane:both":null,"lanes:forward":null,"lanes:backward":null,"CDOT_route":null,"lit":null,"sidewalk:right":null,"sidewalk:left":null,"tiger:name_type_1":null,"tiger:name_direction_prefix_1":null,"tiger:name_base_1":null,"railway":null,"old_railway_operator":null,"name_1":null,"maxspeed":null,"cycleway":null,"ref":null,"tiger:name_direction_prefix":null,"parking:both:orientation":null,"parking:both":null,"oneway":null,"access":null,"service":"parking_aisle","tiger:reviewed":null,"surface":"paved","lanes":null,"tiger:name_type":null,"tiger:name_base":null,"tiger:county":null,"tiger:cfcc":null,"name":null,"is_in:state_code":null,"is_in:state":null,"is_in:city":null},"geometry":{"type":"LineString","coordinates":[[-106.8163054,39.1915701],[-106.8162819,39.1916218],[-106.8162323,39.1917305],[-106.8161981,39.191887]]}},
{"type":"Feature","properties":{"full_id":"w228968533","osm_id":"228968533","osm_type":"way","highway":"residential","crossing:markings":null,"crossing":null,"footway":null,"maxheight":null,"oneway:bicycle":null,"bus":null,"wheelchair":null,"source:geometry":null,"operator":null,"motor_vehicle":null,"dog":null,"cycleway:both:lane":null,"parking:lanes:both":null,"maxweight:signed":null,"sidewalk:both:surface":null,"turn:lanes:forward":null,"horse":null,"mtb:scale:imba":null,"wikipedia":null,"wikidata":null,"segregated":null,"tunnel":null,"layer":null,"bridge":null,"foot":null,"turn:lanes:backward":null,"source:hgv:national_network":null,"hgv:national_network":null,"hgv":null,"alt_name":null,"parking:right:orientation":null,"parking:right":null,"parking:left:orientation":null,"parking:left":null,"cycleway:right":null,"sidewalk":null,"cycleway:both":null,"bicycle":null,"tiger:name_direction_suffix":null,"tracktype":null,"source:maxspeed":null,"smoothness":null,"parking:lane:both":null,"lanes:forward":null,"lanes:backward":null,"CDOT_route":null,"lit":null,"sidewalk:right":null,"sidewalk:left":null,"tiger:name_type_1":null,"tiger:name_direction_prefix_1":null,"tiger:name_base_1":null,"railway":null,"old_railway_operator":null,"name_1":null,"maxspeed":null,"cycleway":null,"ref":null,"tiger:name_direction_prefix":null,"parking:both:orientation":null,"parking:both":null,"oneway":null,"access":null,"service":null,"tiger:reviewed":null,"surface":"paved","lanes":null,"tiger:name_type":"Rd","tiger:name_base":"Aspen Mountain","tiger:county":"Pitkin, CO","tiger:cfcc":"A41","name":"Aspen Mountain Road","is_in:state_code":"CO","is_in:state":"Colorado","is_in:city":"Aspen"},"geometry":{"type":"LineString","coordinates":[[-106.8177463,39.1852069],[-106.8172991,39.1850828],[-106.8171064,39.185003],[-106.81693,39.1848911],[-106.8168451,39.1848701],[-106.8167695,39.1848746],[-106.816705,39.1848948],[-106.8166277,39.1849734],[-106.81661,39.1850306],[-106.8165735,39.1851207],[-106.8164859,39.1852168],[-106.8164248,39.185275]]}},
{"type":"Feature","properties":{"full_id":"w228974411","osm_id":"228974411","osm_type":"way","highway":"cycleway","crossing:markings":null,"crossing":null,"footway":null,"maxheight":null,"oneway:bicycle":null,"bus":null,"wheelchair":null,"source:geometry":null,"operator":null,"motor_vehicle":null,"dog":null,"cycleway:both:lane":null,"parking:lanes:both":null,"maxweight:signed":null,"sidewalk:both:surface":null,"turn:lanes:forward":null,"horse":null,"mtb:scale:imba":null,"wikipedia":null,"wikidata":null,"segregated":null,"tunnel":null,"layer":"1","bridge":"yes","foot":null,"turn:lanes:backward":null,"source:hgv:national_network":null,"hgv:national_network":null,"hgv":null,"alt_name":null,"parking:right:orientation":null,"parking:right":null,"parking:left:orientation":null,"parking:left":null,"cycleway:right":null,"sidewalk":null,"cycleway:both":null,"bicycle":null,"tiger:name_direction_suffix":null,"tracktype":null,"source:maxspeed":null,"smoothness":null,"parking:lane:both":null,"lanes:forward":null,"lanes:backward":null,"CDOT_route":null,"lit":null,"sidewalk:right":null,"sidewalk:left":null,"tiger:name_type_1":null,"tiger:name_direction_prefix_1":null,"tiger:name_base_1":null,"railway":null,"old_railway_operator":null,"name_1":null,"maxspeed":null,"cycleway":null,"ref":null,"tiger:name_direction_prefix":null,"parking:both:orientation":null,"parking:both":null,"oneway":null,"access":null,"service":null,"tiger:reviewed":null,"surface":"paved","lanes":null,"tiger:name_type":null,"tiger:name_base":null,"tiger:county":null,"tiger:cfcc":null,"name":"Ute Avenue Trail","is_in:state_code":null,"is_in:state":null,"is_in:city":null},"geometry":{"type":"LineString","coordinates":[[-106.8089398,39.181483],[-106.8087102,39.1815548]]}},
{"type":"Feature","properties":{"full_id":"w228974416","osm_id":"228974416","osm_type":"way","highway":"cycleway","crossing:markings":null,"crossing":null,"footway":null,"maxheight":null,"oneway:bicycle":null,"bus":null,"wheelchair":null,"source:geometry":null,"operator":null,"motor_vehicle":null,"dog":null,"cycleway:both:lane":null,"parking:lanes:both":null,"maxweight:signed":null,"sidewalk:both:surface":null,"turn:lanes:forward":null,"horse":null,"mtb:scale:imba":null,"wikipedia":null,"wikidata":null,"segregated":null,"tunnel":null,"layer":null,"bridge":null,"foot":null,"turn:lanes:backward":null,"source:hgv:national_network":null,"hgv:national_network":null,"hgv":null,"alt_name":null,"parking:right:orientation":null,"parking:right":null,"parking:left:orientation":null,"parking:left":null,"cycleway:right":null,"sidewalk":null,"cycleway:both":null,"bicycle":null,"tiger:name_direction_suffix":null,"tracktype":null,"source:maxspeed":null,"smoothness":null,"parking:lane:both":null,"lanes:forward":null,"lanes:backward":null,"CDOT_route":null,"lit":null,"sidewalk:right":null,"sidewalk:left":null,"tiger:name_type_1":null,"tiger:name_direction_prefix_1":null,"tiger:name_base_1":null,"railway":null,"old_railway_operator":null,"name_1":null,"maxspeed":null,"cycleway":null,"ref":null,"tiger:name_direction_prefix":null,"parking:both:orientation":null,"parking:both":null,"oneway":null,"access":null,"service":null,"tiger:reviewed":null,"surface":"paved","lanes":null,"tiger:name_type":null,"tiger:name_base":null,"tiger:county":null,"tiger:cfcc":null,"name":"Ute Avenue Trail","is_in:state_code":null,"is_in:state":null,"is_in:city":null},"geometry":{"type":"LineString","coordinates":[[-106.8087102,39.1815548],[-106.8086152,39.1815926],[-106.8085893,39.181598],[-106.808558,39.1815942],[-106.8085246,39.1815859],[-106.8083632,39.1815295],[-106.8083005,39.1815163],[-106.80821,39.1815129],[-106.8079433,39.1815342],[-106.8078871,39.1815387],[-106.807838,39.1815393],[-106.8077438,39.1815378],[-106.8077,39.1815469],[-106.8075304,39.1816282],[-106.8074824,39.1816617],[-106.8074629,39.1816811],[-106.8074557,39.1816963],[-106.807454,39.181724],[-106.8074764,39.1818507],[-106.8074804,39.1818974],[-106.8074704,39.1819724],[-106.8074757,39.1819907],[-106.8075067,39.182029],[-106.8075471,39.1820945],[-106.8075473,39.1821595],[-106.8075342,39.1822125],[-106.8075168,39.1822522],[-106.8074687,39.1823227],[-106.8074213,39.1823622],[-106.8073317,39.1824029],[-106.8072675,39.1824479],[-106.8071746,39.1825225],[-106.8071452,39.1825434],[-106.8071081,39.1825583]]}},
{"type":"Feature","properties":{"full_id":"w229234081","osm_id":"229234081","osm_type":"way","highway":"residential","crossing:markings":null,"crossing":null,"footway":null,"maxheight":null,"oneway:bicycle":null,"bus":null,"wheelchair":null,"source:geometry":null,"operator":null,"motor_vehicle":null,"dog":null,"cycleway:both:lane":null,"parking:lanes:both":null,"maxweight:signed":null,"sidewalk:both:surface":null,"turn:lanes:forward":null,"horse":null,"mtb:scale:imba":null,"wikipedia":null,"wikidata":null,"segregated":null,"tunnel":null,"layer":null,"bridge":null,"foot":null,"turn:lanes:backward":null,"source:hgv:national_network":null,"hgv:national_network":null,"hgv":null,"alt_name":null,"parking:right:orientation":null,"parking:right":null,"parking:left:orientation":null,"parking:left":null,"cycleway:right":null,"sidewalk":null,"cycleway:both":null,"bicycle":null,"tiger:name_direction_suffix":null,"tracktype":null,"source:maxspeed":null,"smoothness":null,"parking:lane:both":null,"lanes:forward":null,"lanes:backward":null,"CDOT_route":null,"lit":null,"sidewalk:right":null,"sidewalk:left":null,"tiger:name_type_1":null,"tiger:name_direction_prefix_1":null,"tiger:name_base_1":null,"railway":null,"old_railway_operator":null,"name_1":null,"maxspeed":null,"cycleway":null,"ref":null,"tiger:name_direction_prefix":null,"parking:both:orientation":null,"parking:both":null,"oneway":null,"access":null,"service":null,"tiger:reviewed":null,"surface":"paved","lanes":"2","tiger:name_type":"Ln","tiger:name_base":"Mascotte","tiger:county":"Pitkin, CO","tiger:cfcc":"A41","name":"Mascotte Lane","is_in:state_code":"CO","is_in:state":"Colorado","is_in:city":"Aspen"},"geometry":{"type":"LineString","coordinates":[[-106.8080828,39.1884638],[-106.8081168,39.1884875],[-106.808186,39.1885076],[-106.8090455,39.1885499],[-106.8093828,39.1885559]]}},
{"type":"Feature","properties":{"full_id":"w229234446","osm_id":"229234446","osm_type":"way","highway":"footway","crossing:markings":null,"crossing":null,"footway":null,"maxheight":null,"oneway:bicycle":null,"bus":null,"wheelchair":null,"source:geometry":null,"operator":null,"motor_vehicle":null,"dog":null,"cycleway:both:lane":null,"parking:lanes:both":null,"maxweight:signed":null,"sidewalk:both:surface":null,"turn:lanes:forward":null,"horse":null,"mtb:scale:imba":null,"wikipedia":null,"wikidata":null,"segregated":null,"tunnel":null,"layer":null,"bridge":null,"foot":null,"turn:lanes:backward":null,"source:hgv:national_network":null,"hgv:national_network":null,"hgv":null,"alt_name":null,"parking:right:orientation":null,"parking:right":null,"parking:left:orientation":null,"parking:left":null,"cycleway:right":null,"sidewalk":null,"cycleway:both":null,"bicycle":null,"tiger:name_direction_suffix":null,"tracktype":null,"source:maxspeed":null,"smoothness":null,"parking:lane:both":null,"lanes:forward":null,"lanes:backward":null,"CDOT_route":null,"lit":null,"sidewalk:right":null,"sidewalk:left":null,"tiger:name_type_1":null,"tiger:name_direction_prefix_1":null,"tiger:name_base_1":null,"railway":null,"old_railway_operator":null,"name_1":null,"maxspeed":null,"cycleway":null,"ref":null,"tiger:name_direction_prefix":null,"parking:both:orientation":null,"parking:both":null,"oneway":null,"access":null,"service":null,"tiger:reviewed":null,"surface":"paved","lanes":null,"tiger:name_type":null,"tiger:name_base":null,"tiger:county":null,"tiger:cfcc":null,"name":null,"is_in:state_code":"CO","is_in:state":"Colorado","is_in:city":"Aspen"},"geometry":{"type":"LineString","coordinates":[[-106.8084454,39.1875089],[-106.8084487,39.1874729],[-106.8084414,39.1874405],[-106.8084192,39.187409],[-106.8083848,39.1873847],[-106.8083509,39.1873814],[-106.808322,39.1873938],[-106.8083005,39.18742],[-106.8082784,39.1874944],[-106.808279,39.1875301],[-106.808298,39.1875535],[-106.8083331,39.1875621],[-106.8083762,39.187563],[-106.8084174,39.187542],[-106.8084454,39.1875089]]}},
{"type":"Feature","properties":{"full_id":"w229234447","osm_id":"229234447","osm_type":"way","highway":"footway","crossing:markings":null,"crossing":null,"footway":null,"maxheight":null,"oneway:bicycle":null,"bus":null,"wheelchair":null,"source:geometry":null,"operator":null,"motor_vehicle":null,"dog":null,"cycleway:both:lane":null,"parking:lanes:both":null,"maxweight:signed":null,"sidewalk:both:surface":null,"turn:lanes:forward":null,"horse":null,"mtb:scale:imba":null,"wikipedia":null,"wikidata":null,"segregated":null,"tunnel":null,"layer":null,"bridge":null,"foot":null,"turn:lanes:backward":null,"source:hgv:national_network":null,"hgv:national_network":null,"hgv":null,"alt_name":null,"parking:right:orientation":null,"parking:right":null,"parking:left:orientation":null,"parking:left":null,"cycleway:right":null,"sidewalk":null,"cycleway:both":null,"bicycle":null,"tiger:name_direction_suffix":null,"tracktype":null,"source:maxspeed":null,"smoothness":null,"parking:lane:both":null,"lanes:forward":null,"lanes:backward":null,"CDOT_route":null,"lit":null,"sidewalk:right":null,"sidewalk:left":null,"tiger:name_type_1":null,"tiger:name_direction_prefix_1":null,"tiger:name_base_1":null,"railway":null,"old_railway_operator":null,"name_1":null,"maxspeed":null,"cycleway":null,"ref":null,"tiger:name_direction_prefix":null,"parking:both:orientation":null,"parking:both":null,"oneway":null,"access":null,"service":null,"tiger:reviewed":null,"surface":"paved","lanes":null,"tiger:name_type":null,"tiger:name_base":null,"tiger:county":null,"tiger:cfcc":null,"name":null,"is_in:state_code":"CO","is_in:state":"Colorado","is_in:city":"Aspen"},"geometry":{"type":"LineString","coordinates":[[-106.8084487,39.1874729],[-106.8084635,39.1874162],[-106.8084813,39.1873775],[-106.8085115,39.1872808],[-106.8085164,39.1872426],[-106.8085084,39.1872073],[-106.8084789,39.1871821],[-106.8084498,39.1871693],[-106.8084069,39.1871683],[-106.8083805,39.1871792],[-106.8083589,39.1872011],[-106.8083442,39.1872402],[-106.8083472,39.1873132],[-106.8083362,39.187358],[-106.808322,39.1873938]]}},
{"type":"Feature","properties":{"full_id":"w229234449","osm_id":"229234449","osm_type":"way","highway":"footway","crossing:markings":null,"crossing":null,"footway":null,"maxheight":null,"oneway:bicycle":null,"bus":null,"wheelchair":null,"source:geometry":null,"operator":null,"motor_vehicle":null,"dog":null,"cycleway:both:lane":null,"parking:lanes:both":null,"maxweight:signed":null,"sidewalk:both:surface":null,"turn:lanes:forward":null,"horse":null,"mtb:scale:imba":null,"wikipedia":null,"wikidata":null,"segregated":null,"tunnel":null,"layer":null,"bridge":null,"foot":null,"turn:lanes:backward":null,"source:hgv:national_network":null,"hgv:national_network":null,"hgv":null,"alt_name":null,"parking:right:orientation":null,"parking:right":null,"parking:left:orientation":null,"parking:left":null,"cycleway:right":null,"sidewalk":null,"cycleway:both":null,"bicycle":null,"tiger:name_direction_suffix":null,"tracktype":null,"source:maxspeed":null,"smoothness":null,"parking:lane:both":null,"lanes:forward":null,"lanes:backward":null,"CDOT_route":null,"lit":null,"sidewalk:right":null,"sidewalk:left":null,"tiger:name_type_1":null,"tiger:name_direction_prefix_1":null,"tiger:name_base_1":null,"railway":null,"old_railway_operator":null,"name_1":null,"maxspeed":null,"cycleway":null,"ref":null,"tiger:name_direction_prefix":null,"parking:both:orientation":null,"parking:both":null,"oneway":null,"access":null,"service":null,"tiger:reviewed":null,"surface":"paved","lanes":null,"tiger:name_type":null,"tiger:name_base":null,"tiger:county":null,"tiger:cfcc":null,"name":null,"is_in:state_code":"CO","is_in:state":"Colorado","is_in:city":"Aspen"},"geometry":{"type":"LineString","coordinates":[[-106.8086921,39.1874931],[-106.8086446,39.1875386],[-106.8085924,39.1875352],[-106.8084454,39.1875089]]}},
{"type":"Feature","properties":{"full_id":"w229302016","osm_id":"229302016","osm_type":"way","highway":"path","crossing:markings":null,"crossing":null,"footway":null,"maxheight":null,"oneway:bicycle":null,"bus":null,"wheelchair":null,"source:geometry":null,"operator":null,"motor_vehicle":null,"dog":null,"cycleway:both:lane":null,"parking:lanes:both":null,"maxweight:signed":null,"sidewalk:both:surface":null,"turn:lanes:forward":null,"horse":null,"mtb:scale:imba":null,"wikipedia":null,"wikidata":null,"segregated":null,"tunnel":null,"layer":null,"bridge":null,"foot":null,"turn:lanes:backward":null,"source:hgv:national_network":null,"hgv:national_network":null,"hgv":null,"alt_name":null,"parking:right:orientation":null,"parking:right":null,"parking:left:orientation":null,"parking:left":null,"cycleway:right":null,"sidewalk":null,"cycleway:both":null,"bicycle":null,"tiger:name_direction_suffix":null,"tracktype":null,"source:maxspeed":null,"smoothness":null,"parking:lane:both":null,"lanes:forward":null,"lanes:backward":null,"CDOT_route":null,"lit":null,"sidewalk:right":null,"sidewalk:left":null,"tiger:name_type_1":null,"tiger:name_direction_prefix_1":null,"tiger:name_base_1":null,"railway":null,"old_railway_operator":null,"name_1":null,"maxspeed":null,"cycleway":null,"ref":null,"tiger:name_direction_prefix":null,"parking:both:orientation":null,"parking:both":null,"oneway":null,"access":null,"service":null,"tiger:reviewed":null,"surface":"dirt","lanes":null,"tiger:name_type":null,"tiger:name_base":null,"tiger:county":null,"tiger:cfcc":null,"name":null,"is_in:state_code":"CO","is_in:state":"Colorado","is_in:city":"Aspen"},"geometry":{"type":"LineString","coordinates":[[-106.8081997,39.1867693],[-106.8083687,39.186837],[-106.8084281,39.1868978],[-106.8085038,39.1869855],[-106.8085229,39.1870509],[-106.808527,39.1870898]]}},
{"type":"Feature","properties":{"full_id":"w229340391","osm_id":"229340391","osm_type":"way","highway":"service","crossing:markings":null,"crossing":null,"footway":null,"maxheight":null,"oneway:bicycle":null,"bus":null,"wheelchair":null,"source:geometry":null,"operator":null,"motor_vehicle":null,"dog":null,"cycleway:both:lane":null,"parking:lanes:both":null,"maxweight:signed":null,"sidewalk:both:surface":null,"turn:lanes:forward":null,"horse":null,"mtb:scale:imba":null,"wikipedia":null,"wikidata":null,"segregated":null,"tunnel":null,"layer":null,"bridge":null,"foot":null,"turn:lanes:backward":null,"source:hgv:national_network":null,"hgv:national_network":null,"hgv":null,"alt_name":null,"parking:right:orientation":null,"parking:right":null,"parking:left:orientation":null,"parking:left":null,"cycleway:right":null,"sidewalk":null,"cycleway:both":null,"bicycle":null,"tiger:name_direction_suffix":null,"tracktype":null,"source:maxspeed":null,"smoothness":null,"parking:lane:both":null,"lanes:forward":null,"lanes:backward":null,"CDOT_route":null,"lit":null,"sidewalk:right":null,"sidewalk:left":null,"tiger:name_type_1":null,"tiger:name_direction_prefix_1":null,"tiger:name_base_1":null,"railway":null,"old_railway_operator":null,"name_1":null,"maxspeed":null,"cycleway":null,"ref":null,"tiger:name_direction_prefix":null,"parking:both:orientation":null,"parking:both":null,"oneway":null,"access":"private","service":"driveway","tiger:reviewed":null,"surface":"paved","lanes":"1","tiger:name_type":null,"tiger:name_base":null,"tiger:county":null,"tiger:cfcc":null,"name":null,"is_in:state_code":"CO","is_in:state":"Colorado","is_in:city":"Aspen"},"geometry":{"type":"LineString","coordinates":[[-106.8105002,39.1830028],[-106.8106268,39.1829724],[-106.8106769,39.1829682],[-106.8108241,39.1830143],[-106.8110269,39.1831163],[-106.8110833,39.18319],[-106.811103,39.183252],[-106.811098,39.1833092],[-106.8110587,39.1833912],[-106.8109947,39.1834523],[-106.8108926,39.1835286],[-106.8108778,39.1835572],[-106.8108772,39.1835944]]}},
{"type":"Feature","properties":{"full_id":"w229340392","osm_id":"229340392","osm_type":"way","highway":"service","crossing:markings":null,"crossing":null,"footway":null,"maxheight":null,"oneway:bicycle":null,"bus":null,"wheelchair":null,"source:geometry":null,"operator":null,"motor_vehicle":null,"dog":null,"cycleway:both:lane":null,"parking:lanes:both":null,"maxweight:signed":null,"sidewalk:both:surface":null,"turn:lanes:forward":null,"horse":null,"mtb:scale:imba":null,"wikipedia":null,"wikidata":null,"segregated":null,"tunnel":"yes","layer":"-1","bridge":null,"foot":null,"turn:lanes:backward":null,"source:hgv:national_network":null,"hgv:national_network":null,"hgv":null,"alt_name":null,"parking:right:orientation":null,"parking:right":null,"parking:left:orientation":null,"parking:left":null,"cycleway:right":null,"sidewalk":null,"cycleway:both":null,"bicycle":null,"tiger:name_direction_suffix":null,"tracktype":null,"source:maxspeed":null,"smoothness":null,"parking:lane:both":null,"lanes:forward":null,"lanes:backward":null,"CDOT_route":null,"lit":null,"sidewalk:right":null,"sidewalk:left":null,"tiger:name_type_1":null,"tiger:name_direction_prefix_1":null,"tiger:name_base_1":null,"railway":null,"old_railway_operator":null,"name_1":null,"maxspeed":null,"cycleway":null,"ref":null,"tiger:name_direction_prefix":null,"parking:both:orientation":null,"parking:both":null,"oneway":null,"access":null,"service":null,"tiger:reviewed":null,"surface":"paved","lanes":"1","tiger:name_type":null,"tiger:name_base":null,"tiger:county":null,"tiger:cfcc":null,"name":null,"is_in:state_code":null,"is_in:state":null,"is_in:city":null},"geometry":{"type":"LineString","coordinates":[[-106.8108772,39.1835944],[-106.8108897,39.1836619]]}},
{"type":"Feature","properties":{"full_id":"w229340393","osm_id":"229340393","osm_type":"way","highway":"service","crossing:markings":null,"crossing":null,"footway":null,"maxheight":null,"oneway:bicycle":null,"bus":null,"wheelchair":null,"source:geometry":null,"operator":null,"motor_vehicle":null,"dog":null,"cycleway:both:lane":null,"parking:lanes:both":null,"maxweight:signed":null,"sidewalk:both:surface":null,"turn:lanes:forward":null,"horse":null,"mtb:scale:imba":null,"wikipedia":null,"wikidata":null,"segregated":null,"tunnel":null,"layer":null,"bridge":null,"foot":null,"turn:lanes:backward":null,"source:hgv:national_network":null,"hgv:national_network":null,"hgv":null,"alt_name":null,"parking:right:orientation":null,"parking:right":null,"parking:left:orientation":null,"parking:left":null,"cycleway:right":null,"sidewalk":null,"cycleway:both":null,"bicycle":null,"tiger:name_direction_suffix":null,"tracktype":null,"source:maxspeed":null,"smoothness":null,"parking:lane:both":null,"lanes:forward":null,"lanes:backward":null,"CDOT_route":null,"lit":null,"sidewalk:right":null,"sidewalk:left":null,"tiger:name_type_1":null,"tiger:name_direction_prefix_1":null,"tiger:name_base_1":null,"railway":null,"old_railway_operator":null,"name_1":null,"maxspeed":null,"cycleway":null,"ref":null,"tiger:name_direction_prefix":null,"parking:both:orientation":null,"parking:both":null,"oneway":null,"access":null,"service":null,"tiger:reviewed":null,"surface":"paved","lanes":"1","tiger:name_type":null,"tiger:name_base":null,"tiger:county":null,"tiger:cfcc":null,"name":null,"is_in:state_code":null,"is_in:state":null,"is_in:city":null},"geometry":{"type":"LineString","coordinates":[[-106.8108897,39.1836619],[-106.8109135,39.1837679]]}},
{"type":"Feature","properties":{"full_id":"w237613449","osm_id":"237613449","osm_type":"way","highway":"residential","crossing:markings":null,"crossing":null,"footway":null,"maxheight":null,"oneway:bicycle":null,"bus":null,"wheelchair":null,"source:geometry":null,"operator":null,"motor_vehicle":null,"dog":null,"cycleway:both:lane":null,"parking:lanes:both":null,"maxweight:signed":null,"sidewalk:both:surface":null,"turn:lanes:forward":null,"horse":null,"mtb:scale:imba":null,"wikipedia":null,"wikidata":null,"segregated":null,"tunnel":null,"layer":null,"bridge":null,"foot":null,"turn:lanes:backward":null,"source:hgv:national_network":null,"hgv:national_network":null,"hgv":null,"alt_name":null,"parking:right:orientation":null,"parking:right":null,"parking:left:orientation":null,"parking:left":null,"cycleway:right":null,"sidewalk":null,"cycleway:both":null,"bicycle":null,"tiger:name_direction_suffix":null,"tracktype":null,"source:maxspeed":null,"smoothness":null,"parking:lane:both":null,"lanes:forward":null,"lanes:backward":null,"CDOT_route":null,"lit":null,"sidewalk:right":null,"sidewalk:left":null,"tiger:name_type_1":null,"tiger:name_direction_prefix_1":null,"tiger:name_base_1":"State Highway 82","railway":null,"old_railway_operator":null,"name_1":null,"maxspeed":null,"cycleway":null,"ref":null,"tiger:name_direction_prefix":"S","parking:both:orientation":null,"parking:both":null,"oneway":"yes","access":null,"service":null,"tiger:reviewed":"no","surface":"asphalt","lanes":null,"tiger:name_type":"St","tiger:name_base":"Galena","tiger:county":"Pitkin, CO","tiger:cfcc":"A31","name":"South Galena Street","is_in:state_code":"CO","is_in:state":"Colorado","is_in:city":"Aspen"},"geometry":{"type":"LineString","coordinates":[[-106.8183365,39.1896169],[-106.8183671,39.1895275],[-106.8184669,39.1892332],[-106.8185749,39.1889151],[-106.8186008,39.1888388],[-106.818624,39.1887693],[-106.8187307,39.1884498],[-106.8188365,39.1881512],[-106.8188311,39.1881234],[-106.8188072,39.1880852]]}},
{"type":"Feature","properties":{"full_id":"w292937519","osm_id":"292937519","osm_type":"way","highway":"cycleway","crossing:markings":null,"crossing":null,"footway":null,"maxheight":null,"oneway:bicycle":null,"bus":null,"wheelchair":null,"source:geometry":null,"operator":null,"motor_vehicle":null,"dog":null,"cycleway:both:lane":null,"parking:lanes:both":null,"maxweight:signed":null,"sidewalk:both:surface":null,"turn:lanes:forward":null,"horse":null,"mtb:scale:imba":null,"wikipedia":null,"wikidata":null,"segregated":"no","tunnel":null,"layer":null,"bridge":null,"foot":"designated","turn:lanes:backward":null,"source:hgv:national_network":null,"hgv:national_network":null,"hgv":null,"alt_name":null,"parking:right:orientation":null,"parking:right":null,"parking:left:orientation":null,"parking:left":null,"cycleway:right":null,"sidewalk":null,"cycleway:both":null,"bicycle":"designated","tiger:name_direction_suffix":null,"tracktype":null,"source:maxspeed":null,"smoothness":null,"parking:lane:both":null,"lanes:forward":null,"lanes:backward":null,"CDOT_route":null,"lit":"no","sidewalk:right":null,"sidewalk:left":null,"tiger:name_type_1":null,"tiger:name_direction_prefix_1":null,"tiger:name_base_1":null,"railway":null,"old_railway_operator":null,"name_1":null,"maxspeed":null,"cycleway":null,"ref":null,"tiger:name_direction_prefix":null,"parking:both:orientation":null,"parking:both":null,"oneway":null,"access":null,"service":null,"tiger:reviewed":null,"surface":"paved","lanes":null,"tiger:name_type":null,"tiger:name_base":null,"tiger:county":null,"tiger:cfcc":null,"name":"Courthouse Trail","is_in:state_code":null,"is_in:state":null,"is_in:city":null},"geometry":{"type":"LineString","coordinates":[[-106.8169036,39.1922688],[-106.8168783,39.1922352],[-106.8168563,39.1921831],[-106.8168533,39.1921494],[-106.8168674,39.1921311],[-106.8171355,39.1918797],[-106.8171661,39.191845],[-106.8171869,39.1918154],[-106.8171959,39.1917874],[-106.8172032,39.1917487],[-106.8172048,39.1916854],[-106.8171976,39.1916125],[-106.8171781,39.1915394],[-106.8171619,39.1914664],[-106.817157,39.1914442],[-106.8172026,39.1913851],[-106.8173086,39.1913163],[-106.8173566,39.1912874],[-106.8173877,39.1912527],[-106.8175111,39.1910762],[-106.8175471,39.1910414],[-106.8176448,39.1909794],[-106.8177706,39.1909122],[-106.8178072,39.1909033]]}},
{"type":"Feature","properties":{"full_id":"w292937530","osm_id":"292937530","osm_type":"way","highway":"path","crossing:markings":null,"crossing":null,"footway":null,"maxheight":null,"oneway:bicycle":null,"bus":null,"wheelchair":null,"source:geometry":null,"operator":null,"motor_vehicle":null,"dog":null,"cycleway:both:lane":null,"parking:lanes:both":null,"maxweight:signed":null,"sidewalk:both:surface":null,"turn:lanes:forward":null,"horse":null,"mtb:scale:imba":null,"wikipedia":null,"wikidata":null,"segregated":null,"tunnel":null,"layer":null,"bridge":null,"foot":null,"turn:lanes:backward":null,"source:hgv:national_network":null,"hgv:national_network":null,"hgv":null,"alt_name":null,"parking:right:orientation":null,"parking:right":null,"parking:left:orientation":null,"parking:left":null,"cycleway:right":null,"sidewalk":null,"cycleway:both":null,"bicycle":"yes","tiger:name_direction_suffix":null,"tracktype":null,"source:maxspeed":null,"smoothness":null,"parking:lane:both":null,"lanes:forward":null,"lanes:backward":null,"CDOT_route":null,"lit":null,"sidewalk:right":null,"sidewalk:left":null,"tiger:name_type_1":null,"tiger:name_direction_prefix_1":null,"tiger:name_base_1":null,"railway":null,"old_railway_operator":null,"name_1":null,"maxspeed":null,"cycleway":null,"ref":null,"tiger:name_direction_prefix":null,"parking:both:orientation":null,"parking:both":null,"oneway":null,"access":null,"service":null,"tiger:reviewed":null,"surface":"dirt","lanes":null,"tiger:name_type":null,"tiger:name_base":null,"tiger:county":null,"tiger:cfcc":null,"name":"Clark's Cutoff Trail","is_in:state_code":null,"is_in:state":null,"is_in:city":null},"geometry":{"type":"LineString","coordinates":[[-106.8199094,39.1925158],[-106.8197915,39.1925693],[-106.8197163,39.1925933],[-106.819664,39.1926015],[-106.8195759,39.1925937],[-106.8194354,39.1924571],[-106.8193988,39.1924223],[-106.8193167,39.1923989],[-106.8192938,39.1923749],[-106.8193207,39.1922939]]}},
{"type":"Feature","properties":{"full_id":"w292937534","osm_id":"292937534","osm_type":"way","highway":"path","crossing:markings":null,"crossing":null,"footway":null,"maxheight":null,"oneway:bicycle":null,"bus":null,"wheelchair":null,"source:geometry":null,"operator":null,"motor_vehicle":null,"dog":null,"cycleway:both:lane":null,"parking:lanes:both":null,"maxweight:signed":null,"sidewalk:both:surface":null,"turn:lanes:forward":null,"horse":null,"mtb:scale:imba":null,"wikipedia":null,"wikidata":null,"segregated":null,"tunnel":null,"layer":null,"bridge":null,"foot":null,"turn:lanes:backward":null,"source:hgv:national_network":null,"hgv:national_network":null,"hgv":null,"alt_name":null,"parking:right:orientation":null,"parking:right":null,"parking:left:orientation":null,"parking:left":null,"cycleway:right":null,"sidewalk":null,"cycleway:both":null,"bicycle":"yes","tiger:name_direction_suffix":null,"tracktype":null,"source:maxspeed":null,"smoothness":null,"parking:lane:both":null,"lanes:forward":null,"lanes:backward":null,"CDOT_route":null,"lit":null,"sidewalk:right":null,"sidewalk:left":null,"tiger:name_type_1":null,"tiger:name_direction_prefix_1":null,"tiger:name_base_1":null,"railway":null,"old_railway_operator":null,"name_1":null,"maxspeed":null,"cycleway":null,"ref":null,"tiger:name_direction_prefix":null,"parking:both:orientation":null,"parking:both":null,"oneway":null,"access":null,"service":null,"tiger:reviewed":null,"surface":"dirt","lanes":null,"tiger:name_type":null,"tiger:name_base":null,"tiger:county":null,"tiger:cfcc":null,"name":"Clark's Cutoff Trail","is_in:state_code":null,"is_in:state":null,"is_in:city":null},"geometry":{"type":"LineString","coordinates":[[-106.8195759,39.1925937],[-106.819556,39.1926407],[-106.8195435,39.1926818],[-106.819544,39.1927226],[-106.8195407,39.1927683],[-106.8194905,39.1928789],[-106.8194698,39.1929348],[-106.81947,39.1929628],[-106.8194792,39.1929749],[-106.8195013,39.193014],[-106.8195165,39.1930473],[-106.8195329,39.193084],[-106.8195765,39.1931361],[-106.8196003,39.1931902],[-106.8196376,39.1932721]]}},
{"type":"Feature","properties":{"full_id":"w292950865","osm_id":"292950865","osm_type":"way","highway":"path","crossing:markings":null,"crossing":null,"footway":null,"maxheight":null,"oneway:bicycle":null,"bus":null,"wheelchair":null,"source:geometry":null,"operator":null,"motor_vehicle":null,"dog":null,"cycleway:both:lane":null,"parking:lanes:both":null,"maxweight:signed":null,"sidewalk:both:surface":null,"turn:lanes:forward":null,"horse":null,"mtb:scale:imba":"3","wikipedia":null,"wikidata":null,"segregated":null,"tunnel":null,"layer":null,"bridge":null,"foot":null,"turn:lanes:backward":null,"source:hgv:national_network":null,"hgv:national_network":null,"hgv":null,"alt_name":null,"parking:right:orientation":null,"parking:right":null,"parking:left:orientation":null,"parking:left":null,"cycleway:right":null,"sidewalk":null,"cycleway:both":null,"bicycle":"yes","tiger:name_direction_suffix":null,"tracktype":null,"source:maxspeed":null,"smoothness":null,"parking:lane:both":null,"lanes:forward":null,"lanes:backward":null,"CDOT_route":null,"lit":null,"sidewalk:right":null,"sidewalk:left":null,"tiger:name_type_1":null,"tiger:name_direction_prefix_1":null,"tiger:name_base_1":null,"railway":null,"old_railway_operator":null,"name_1":null,"maxspeed":null,"cycleway":null,"ref":null,"tiger:name_direction_prefix":null,"parking:both:orientation":null,"parking:both":null,"oneway":null,"access":null,"service":null,"tiger:reviewed":null,"surface":"dirt","lanes":null,"tiger:name_type":null,"tiger:name_base":null,"tiger:county":null,"tiger:cfcc":null,"name":"Ajax Trail","is_in:state_code":null,"is_in:state":null,"is_in:city":null},"geometry":{"type":"LineString","coordinates":[[-106.8247308,39.1887472],[-106.8247623,39.1887476],[-106.824787,39.1887548],[-106.8248467,39.1887915],[-106.8249042,39.188835],[-106.824956,39.1888689],[-106.8250055,39.1888953],[-106.8250573,39.1889224],[-106.8251156,39.1889494],[-106.8251785,39.1889816],[-106.8252394,39.1890217],[-106.8252754,39.1890446],[-106.8253077,39.1890486],[-106.8253134,39.1890483],[-106.8253255,39.1890475],[-106.8253308,39.1890345],[-106.8253261,39.1890198],[-106.8253303,39.1890059],[-106.8253402,39.1889989],[-106.8253524,39.1889918],[-106.8253566,39.1889796],[-106.8253507,39.1889641],[-106.8253504,39.188952],[-106.8253568,39.1889354],[-106.8253632,39.1889198],[-106.8253585,39.1889051],[-106.825336,39.1888976],[-106.825318,39.1888848],[-106.8253112,39.1888728],[-106.8253104,39.188868],[-106.825312,39.1888641],[-106.8253351,39.1888466],[-106.8253725,39.1888166],[-106.8253821,39.1887975],[-106.8253862,39.1887784],[-106.8253885,39.188722],[-106.8253846,39.1886935],[-106.8253719,39.1886686],[-106.8253515,39.188655],[-106.8253357,39.1886413],[-106.8253244,39.1886276],[-106.8253219,39.1886146],[-106.8253312,39.188606],[-106.825336,39.1886046],[-106.8253472,39.1886036],[-106.8253538,39.1885977],[-106.8253949,39.1885955],[-106.8254374,39.1886038],[-106.8254722,39.1886215],[-106.8254989,39.188623],[-106.8255334,39.1886182],[-106.8255567,39.1886071],[-106.8255631,39.188604],[-106.8255661,39.1885995],[-106.8255753,39.1885858],[-106.8255783,39.1885813],[-106.8255656,39.1885572],[-106.8255608,39.1885518],[-106.8255464,39.1885349],[-106.8255428,39.1885307],[-106.825538,39.1885273],[-106.8255078,39.1885065],[-106.8255045,39.1885042],[-106.825471,39.1884942],[-106.8254419,39.1884902],[-106.8254366,39.1884899],[-106.8254085,39.1884881],[-106.8254021,39.1884849],[-106.8253861,39.188477],[-106.8253624,39.1884617],[-106.8253411,39.1884515],[-106.8253237,39.1884501],[-106.8253189,39.1884518],[-106.8252936,39.1884695],[-106.8252608,39.1884992],[-106.8252432,39.1885159],[-106.8252286,39.1885204],[-106.8252112,39.1885257],[-106.8251765,39.188521],[-106.825172,39.1885159],[-106.8251663,39.1885097],[-106.8251539,39.1884961],[-106.8251506,39.1884882],[-106.8251474,39.1884803],[-106.8251411,39.1884642],[-106.8251348,39.1884262],[-106.8251354,39.1884046],[-106.825143,39.1883947],[-106.825144,39.1883934],[-106.8251662,39.188386],[-106.8251924,39.1883804],[-106.8251962,39.1883796],[-106.8252069,39.1883622],[-106.825201,39.1883354],[-106.8251904,39.1883105],[-106.8251812,39.1882897],[-106.8251763,39.1882837],[-106.8251765,39.1882767],[-106.8251771,39.1882676],[-106.8251783,39.1882525],[-106.8251885,39.1882323],[-106.8251912,39.1882273],[-106.8251985,39.1882029],[-106.8252011,39.1882019],[-106.8252116,39.1881976],[-106.8252171,39.1881966],[-106.8252272,39.1881948],[-106.825236,39.1881869],[-106.8252403,39.1881799],[-106.8252547,39.1881712],[-106.8252755,39.1881605],[-106.825293,39.1881465],[-106.8253005,39.1881316],[-106.8253126,39.1881176],[-106.8253244,39.1881106],[-106.82535,39.1880956],[-106.8253831,39.1880805],[-106.8254253,39.1880766],[-106.8254564,39.1880736],[-106.8254841,39.1880638],[-106.8255207,39.1880641],[-106.8255453,39.1880708],[-106.8255756,39.1880861],[-106.8256052,39.1881006],[-106.8256287,39.1881262],[-106.8256405,39.1881497],[-106.8256437,39.1881563],[-106.8256635,39.1881994],[-106.8256885,39.188226],[-106.8257091,39.1882578],[-106.8257412,39.1883067],[-106.8257777,39.1883557],[-106.8258141,39.1884003],[-106.8258368,39.1884165],[-106.8258727,39.1884343],[-106.8258963,39.1884505],[-106.8259152,39.1884735],[-106.82593,39.1884811],[-106.8259381,39.1884882],[-106.825947,39.1884929],[-106.825955,39.188498],[-106.8259631,39.1885054],[-106.8259694,39.1885133],[-106.8259793,39.1885207],[-106.8259882,39.1885288],[-106.8259963,39.1885373],[-106.8260053,39.1885441],[-106.826016,39.1885512],[-106.826025,39.1885586],[-106.826033,39.1885654],[-106.8260446,39.1885715],[-106.8260562,39.1885768],[-106.8260669,39.1885818],[-106.8260954,39.188597],[-106.826124,39.1886172],[-106.8261347,39.1886223],[-106.826148,39.1886269],[-106.8261577,39.1886299],[-106.8261684,39.1886339],[-106.8261799,39.1886375],[-106.8261897,39.1886412],[-106.8261995,39.1886462],[-106.8262076,39.188652],[-106.8262173,39.1886563],[-106.826228,39.188661],[-106.8262717,39.1886859],[-106.8262797,39.1886913],[-106.8262878,39.188696],[-106.8263045,39.1886955],[-106.8263088,39.1886903],[-106.8263069,39.1886835],[-106.8263042,39.1886773],[-106.8262996,39.1886691],[-106.8262898,39.1886607],[-106.8262808,39.1886539],[-106.8262733,39.1886481],[-106.8262705,39.1886445],[-106.8262613,39.1886386],[-106.8262401,39.188625],[-106.8262187,39.1886131],[-106.8262005,39.1886045],[-106.8261904,39.1885998],[-106.8261828,39.1885961],[-106.8261502,39.1885784],[-106.8261106,39.1885459],[-106.8260945,39.1885167],[-106.826074,39.1884926],[-106.8260502,39.1884677],[-106.8260399,39.1884532],[-106.8260305,39.1884325],[-106.8260202,39.1884135],[-106.8260008,39.1883835],[-106.8259859,39.1883629],[-106.8259745,39.1883457],[-106.8259607,39.188325],[-106.8259455,39.1882905],[-106.825932,39.1882725],[-106.8259239,39.188257],[-106.8259211,39.1882509],[-106.8259181,39.1882441],[-106.82592,39.1882311],[-106.8259434,39.1882326],[-106.8259659,39.1882454],[-106.8259808,39.1882659],[-106.8259988,39.1882761],[-106.8260226,39.1883001],[-106.8260395,39.1883172],[-106.8260689,39.1883403],[-106.8260961,39.188359],[-106.8261275,39.1883829],[-106.8261412,39.1883975],[-106.8261604,39.1884119],[-106.8261829,39.1884281],[-106.8262033,39.1884383],[-106.826219,39.1884563],[-106.8262316,39.1884691],[-106.8262507,39.1884854],[-106.8262789,39.1884972],[-106.8263146,39.1885064],[-106.8263562,39.1885266],[-106.8263808,39.1885358],[-106.8264011,39.188546],[-106.8264117,39.1885485],[-106.8264137,39.188546],[-106.8264181,39.1885442],[-106.8264188,39.1885428],[-106.8264255,39.188544],[-106.8264476,39.1885403],[-106.8264552,39.1885289],[-106.8264493,39.1885074],[-106.8264289,39.1884911],[-106.8263904,39.1884509],[-106.8263518,39.1884116],[-106.8263209,39.188372],[-106.8263037,39.1883393],[-106.8262601,39.1882705],[-106.8262282,39.1882302],[-106.8261963,39.1881925],[-106.8261792,39.1881667],[-106.8261649,39.1881167],[-106.8261509,39.1880848],[-106.8261359,39.1880546],[-106.8261233,39.188033],[-106.8261121,39.1880164],[-106.8261106,39.1880142],[-106.8261104,39.1880012],[-106.8261135,39.1879865],[-106.8261445,39.1879791],[-106.8261601,39.1879799],[-106.8261792,39.1879892],[-106.826213,39.1880087],[-106.82624,39.18803],[-106.826263,39.1880627],[-106.8262778,39.1880885],[-106.8262917,39.1881143],[-106.8263145,39.1881444],[-106.8263349,39.188165],[-106.8263576,39.1881837],[-106.8263779,39.1881999],[-106.8263901,39.1882045],[-106.8264092,39.1882117],[-106.8264282,39.1882106],[-106.8264335,39.1882027],[-106.8264221,39.1881856],[-106.8264051,39.1881693],[-106.8263937,39.1881512],[-106.8263774,39.1881142],[-106.8263691,39.1880857],[-106.8263705,39.1880433],[-106.8263653,39.1880001],[-106.8263415,39.1879761],[-106.8263277,39.1879644],[-106.8263256,39.1879598],[-106.8263007,39.187941],[-106.8262626,39.1879241],[-106.8262176,39.1879047],[-106.8261897,39.1878956],[-106.826157,39.1878795],[-106.8261014,39.1878195],[-106.8260741,39.1877851],[-106.8260244,39.1876913],[-106.8260015,39.1876526],[-106.8259671,39.1875994],[-106.8259036,39.1875334],[-106.825869,39.187524],[-106.8258428,39.1875073],[-106.8258256,39.1874676],[-106.8258076,39.1873963],[-106.825801,39.187288],[-106.8257998,39.1872676],[-106.825801,39.1872318],[-106.8258033,39.187166],[-106.8258115,39.1871115],[-106.825785,39.1870689],[-106.8257364,39.1870224],[-106.8256749,39.186983],[-106.825621,39.1869464],[-106.8255724,39.1869026],[-106.8255368,39.1868702],[-106.8255194,39.1868231],[-106.8255038,39.1867747],[-106.825464,39.1867312],[-106.8254042,39.1866571],[-106.825315,39.186608],[-106.825231,39.1865332],[-106.8252027,39.1864964],[-106.8251941,39.1864292],[-106.8251646,39.1863223],[-106.8251261,39.1862298],[-106.8250879,39.1861516],[-106.825052,39.1861047],[-106.8250169,39.1860923],[-106.8249801,39.1860884],[-106.8249246,39.186069],[-106.8248853,39.1860338],[-106.8248515,39.1859955],[-106.8248269,39.1859528],[-106.8248206,39.1859157],[-106.8248197,39.1858686],[-106.8248211,39.1858286],[-106.8248261,39.1858184],[-106.8248433,39.1857539],[-106.8248591,39.1857137],[-106.8248464,39.1856237],[-106.824845,39.1855465],[-106.8248405,39.1855022],[-106.8248285,39.1854537],[-106.8248293,39.1853994],[-106.8248174,39.1853538],[-106.8247949,39.1853283],[-106.8247885,39.1852782],[-106.8247912,39.1852282],[-106.8247829,39.1851768],[-106.8247527,39.1851314],[-106.8246855,39.1850763],[-106.824637,39.1850383],[-106.8245864,39.1849931],[-106.8245456,39.1849736],[-106.8245098,39.1849619],[-106.8244973,39.1849411],[-106.8244726,39.1848971],[-106.8244311,39.1848376],[-106.8243878,39.1847908],[-106.824356,39.1847555],[-106.8243209,39.1847384],[-106.8242579,39.1847173],[-106.8242149,39.1846928],[-106.8241869,39.1846586],[-106.8241551,39.184607],[-106.8241118,39.1845103],[-106.8240123,39.1843624],[-106.8239503,39.1843282],[-106.8239064,39.1842617],[-106.8238366,39.184234],[-106.8237943,39.184202],[-106.8237665,39.1841472],[-106.8237566,39.1840678],[-106.823757,39.1840274],[-106.823792,39.183982],[-106.8238071,39.1839424],[-106.8237953,39.183875],[-106.8237352,39.1837837],[-106.8236672,39.1836991],[-106.8235867,39.183614],[-106.8235364,39.1835748],[-106.823504,39.1835209],[-106.8234613,39.1834899],[-106.8234368,39.1834789],[-106.8233984,39.1834691],[-106.8233026,39.1834545],[-106.8232399,39.1834438],[-106.8231219,39.1834251],[-106.8230112,39.183402],[-106.8229208,39.183383],[-106.822847,39.1833681],[-106.8227787,39.1833503],[-106.8227286,39.1833266],[-106.8227112,39.1833146],[-106.8226914,39.1833012],[-106.8226433,39.1832846],[-106.8225879,39.1832738],[-106.8225179,39.1832632],[-106.8224517,39.1832624],[-106.8223801,39.1832604],[-106.8223599,39.1832563],[-106.8223226,39.1832339],[-106.8222448,39.1832018],[-106.8221264,39.1831574],[-106.8220358,39.183127],[-106.8219891,39.1831141],[-106.8219415,39.1831009],[-106.8218538,39.1830684],[-106.8217417,39.1830095],[-106.8216913,39.1829836],[-106.8216189,39.1829486],[-106.8215577,39.1829136],[-106.8215058,39.1828913],[-106.8214559,39.182879],[-106.8213989,39.1828697],[-106.8213528,39.1828673],[-106.8213123,39.1828649],[-106.8212738,39.1828654],[-106.8212296,39.1828587],[-106.8211779,39.1828478],[-106.8211355,39.1828454],[-106.821097,39.1828459],[-106.8210585,39.1828535],[-106.8210201,39.1828568],[-106.820976,39.1828573],[-106.8209207,39.1828507],[-106.8208674,39.1828513],[-106.8208404,39.1828508],[-106.8208056,39.1828562],[-106.8207849,39.1828595],[-106.8207336,39.1828671],[-106.820685,39.1828814],[-106.8206678,39.1828865],[-106.8206094,39.1829086],[-106.8205564,39.1829307],[-106.8205418,39.1829391],[-106.8204783,39.1829759],[-106.820402,39.1830196],[-106.8203881,39.1830312],[-106.8203622,39.183053],[-106.8203063,39.1831151],[-106.8202744,39.183177],[-106.820268,39.1832299],[-106.8202428,39.1832575],[-106.8202067,39.1832922],[-106.8201686,39.183314],[-106.8201124,39.1833604],[-106.8200763,39.1833923],[-106.8200693,39.1833964],[-106.8200671,39.1833995],[-106.8200491,39.1834084],[-106.8200034,39.1834261],[-106.8199668,39.1834379],[-106.819949,39.1834521],[-106.8199361,39.1834625],[-106.81992,39.1834871],[-106.8199061,39.183533],[-106.8198892,39.1836104],[-106.8198811,39.183662],[-106.8198578,39.1837023],[-106.8198201,39.1837413],[-106.8197455,39.1837865],[-106.8196859,39.1838401],[-106.8196209,39.1838995],[-106.8195901,39.1839075],[-106.8195697,39.1839129],[-106.8195348,39.1839205],[-106.8195073,39.1839164],[-106.8194682,39.1838969],[-106.8194329,39.1838715],[-106.8193808,39.1838364],[-106.8192727,39.1837622],[-106.8190039,39.1836073],[-106.8188809,39.1835431],[-106.8188045,39.1835212],[-106.8187221,39.1835006],[-106.8186317,39.1834788],[-106.8185524,39.183445],[-106.8184851,39.1834074],[-106.8184367,39.1833723],[-106.8184276,39.1833641],[-106.818405,39.183344],[-106.8183768,39.1833157],[-106.8183485,39.1832717],[-106.8183293,39.1832261],[-106.8182821,39.1831623],[-106.8182259,39.1831071],[-106.8181865,39.1830561],[-106.818159,39.1829606],[-106.818141,39.1828879],[-106.8181346,39.1828379],[-106.8181488,39.1828092],[-106.8181405,39.1827606],[-106.8181062,39.1826937],[-106.8180453,39.1826425],[-106.8179431,39.1826198],[-106.8178342,39.1825982],[-106.8178146,39.1825939],[-106.8177383,39.1825778],[-106.8176369,39.1825589],[-106.8175226,39.1825388],[-106.8173699,39.1825333],[-106.8172616,39.1825317],[-106.8171456,39.1825244],[-106.817026,39.1825143],[-106.8168842,39.1825002],[-106.8167387,39.1824818],[-106.8166024,39.1824619],[-106.8165101,39.1824429],[-106.8164104,39.1824154],[-106.8160134,39.1822912],[-106.8158598,39.18224],[-106.8157027,39.1821875],[-106.8155881,39.1821501],[-106.8154812,39.1821227],[-106.8154535,39.1821157],[-106.8154274,39.182109],[-106.8153632,39.1820938],[-106.8152456,39.1820811],[-106.8151264,39.1820728],[-106.8150063,39.182068],[-106.8148915,39.1820495],[-106.8147797,39.1820415],[-106.814681,39.1820343],[-106.8146139,39.1820409],[-106.8144483,39.1820313],[-106.8144344,39.1820313],[-106.814323,39.1820127],[-106.814179,39.1819743],[-106.8141446,39.1819572],[-106.814137,39.1819557],[-106.8140288,39.1819166],[-106.8139365,39.1818743],[-106.813852,39.1818288],[-106.8137595,39.1817802],[-106.813659,39.1817287],[-106.8135302,39.1816589],[-106.8134258,39.1816073],[-106.8133414,39.1815649],[-106.8132277,39.1815124],[-106.813132,39.1814686],[-106.8130018,39.181395],[-106.8128371,39.1813042],[-106.8127264,39.1812574],[-106.8125637,39.1811812],[-106.8124579,39.1811216],[-106.8123624,39.1810499],[-106.8122573,39.1809655],[-106.812213,39.1809025]]}},
{"type":"Feature","properties":{"full_id":"w292950867","osm_id":"292950867","osm_type":"way","highway":"cycleway","crossing:markings":null,"crossing":null,"footway":null,"maxheight":null,"oneway:bicycle":null,"bus":null,"wheelchair":null,"source:geometry":null,"operator":null,"motor_vehicle":null,"dog":null,"cycleway:both:lane":null,"parking:lanes:both":null,"maxweight:signed":null,"sidewalk:both:surface":null,"turn:lanes:forward":null,"horse":null,"mtb:scale:imba":null,"wikipedia":null,"wikidata":null,"segregated":null,"tunnel":null,"layer":null,"bridge":null,"foot":null,"turn:lanes:backward":null,"source:hgv:national_network":null,"hgv:national_network":null,"hgv":null,"alt_name":null,"parking:right:orientation":null,"parking:right":null,"parking:left:orientation":null,"parking:left":null,"cycleway:right":null,"sidewalk":null,"cycleway:both":null,"bicycle":null,"tiger:name_direction_suffix":null,"tracktype":null,"source:maxspeed":null,"smoothness":null,"parking:lane:both":null,"lanes:forward":null,"lanes:backward":null,"CDOT_route":null,"lit":null,"sidewalk:right":null,"sidewalk:left":null,"tiger:name_type_1":null,"tiger:name_direction_prefix_1":null,"tiger:name_base_1":null,"railway":null,"old_railway_operator":null,"name_1":null,"maxspeed":null,"cycleway":null,"ref":null,"tiger:name_direction_prefix":null,"parking:both:orientation":null,"parking:both":null,"oneway":null,"access":null,"service":null,"tiger:reviewed":null,"surface":"asphalt","lanes":null,"tiger:name_type":null,"tiger:name_base":null,"tiger:county":null,"tiger:cfcc":null,"name":"Alps","is_in:state_code":null,"is_in:state":null,"is_in:city":null},"geometry":{"type":"LineString","coordinates":[[-106.8170228,39.1858615],[-106.8170214,39.1858605],[-106.8167376,39.1856143],[-106.8166412,39.1854621]]}},
{"type":"Feature","properties":{"full_id":"w292950868","osm_id":"292950868","osm_type":"way","highway":"path","crossing:markings":null,"crossing":null,"footway":null,"maxheight":null,"oneway:bicycle":null,"bus":null,"wheelchair":null,"source:geometry":null,"operator":null,"motor_vehicle":null,"dog":null,"cycleway:both:lane":null,"parking:lanes:both":null,"maxweight:signed":null,"sidewalk:both:surface":null,"turn:lanes:forward":null,"horse":null,"mtb:scale:imba":null,"wikipedia":null,"wikidata":null,"segregated":null,"tunnel":null,"layer":null,"bridge":null,"foot":null,"turn:lanes:backward":null,"source:hgv:national_network":null,"hgv:national_network":null,"hgv":null,"alt_name":null,"parking:right:orientation":null,"parking:right":null,"parking:left:orientation":null,"parking:left":null,"cycleway:right":null,"sidewalk":null,"cycleway:both":null,"bicycle":"yes","tiger:name_direction_suffix":null,"tracktype":null,"source:maxspeed":null,"smoothness":null,"parking:lane:both":null,"lanes:forward":null,"lanes:backward":null,"CDOT_route":null,"lit":null,"sidewalk:right":null,"sidewalk:left":null,"tiger:name_type_1":null,"tiger:name_direction_prefix_1":null,"tiger:name_base_1":null,"railway":null,"old_railway_operator":null,"name_1":null,"maxspeed":null,"cycleway":null,"ref":null,"tiger:name_direction_prefix":null,"parking:both:orientation":null,"parking:both":null,"oneway":null,"access":null,"service":null,"tiger:reviewed":null,"surface":"dirt","lanes":null,"tiger:name_type":null,"tiger:name_base":null,"tiger:county":null,"tiger:cfcc":null,"name":"Snyder Park Trail","is_in:state_code":null,"is_in:state":null,"is_in:city":null},"geometry":{"type":"LineString","coordinates":[[-106.8083687,39.186837],[-106.8083816,39.1868021],[-106.8084442,39.1866337],[-106.8084764,39.1865509],[-106.8084285,39.1864574],[-106.808435,39.1864017],[-106.8084598,39.1863403],[-106.8084847,39.1862789],[-106.8084764,39.1862425],[-106.8084221,39.1861676],[-106.8083588,39.1861061],[-106.8083028,39.1860011],[-106.8081635,39.1858891],[-106.8081075,39.1858598],[-106.8079968,39.1858022],[-106.8079056,39.1857275],[-106.8079082,39.1856821],[-106.8079447,39.1856508],[-106.8080619,39.1855963],[-106.8081622,39.1855267],[-106.8081869,39.1854833],[-106.8081947,39.1854298],[-106.8081856,39.1853833],[-106.808183,39.185349],[-106.8082006,39.1853113],[-106.8082468,39.1851966],[-106.8082323,39.1851438],[-106.8081872,39.1850231],[-106.8079592,39.1846876],[-106.8078702,39.1845844],[-106.8077658,39.1844188],[-106.8077465,39.1843699],[-106.8077466,39.1843215],[-106.8077577,39.1842945],[-106.8078343,39.1841923]]}},
{"type":"Feature","properties":{"full_id":"w292950869","osm_id":"292950869","osm_type":"way","highway":"path","crossing:markings":null,"crossing":null,"footway":null,"maxheight":null,"oneway:bicycle":null,"bus":null,"wheelchair":null,"source:geometry":null,"operator":null,"motor_vehicle":null,"dog":null,"cycleway:both:lane":null,"parking:lanes:both":null,"maxweight:signed":null,"sidewalk:both:surface":null,"turn:lanes:forward":null,"horse":"yes","mtb:scale:imba":null,"wikipedia":null,"wikidata":null,"segregated":null,"tunnel":null,"layer":null,"bridge":null,"foot":null,"turn:lanes:backward":null,"source:hgv:national_network":null,"hgv:national_network":null,"hgv":null,"alt_name":null,"parking:right:orientation":null,"parking:right":null,"parking:left:orientation":null,"parking:left":null,"cycleway:right":null,"sidewalk":null,"cycleway:both":null,"bicycle":"yes","tiger:name_direction_suffix":null,"tracktype":null,"source:maxspeed":null,"smoothness":null,"parking:lane:both":null,"lanes:forward":null,"lanes:backward":null,"CDOT_route":null,"lit":null,"sidewalk:right":null,"sidewalk:left":null,"tiger:name_type_1":null,"tiger:name_direction_prefix_1":null,"tiger:name_base_1":null,"railway":null,"old_railway_operator":null,"name_1":null,"maxspeed":null,"cycleway":null,"ref":null,"tiger:name_direction_prefix":null,"parking:both:orientation":null,"parking:both":null,"oneway":null,"access":null,"service":null,"tiger:reviewed":null,"surface":"dirt","lanes":null,"tiger:name_type":null,"tiger:name_base":null,"tiger:county":null,"tiger:cfcc":null,"name":"Mollie Gibson Trail","is_in:state_code":null,"is_in:state":null,"is_in:city":null},"geometry":{"type":"LineString","coordinates":[[-106.8091663,39.1932943],[-106.8091775,39.193197],[-106.809179,39.1931842],[-106.8090872,39.1930773],[-106.8090766,39.1930496],[-106.8090837,39.1929103],[-106.8090686,39.192866],[-106.8089925,39.1927971],[-106.8088848,39.192725],[-106.8088247,39.1926728],[-106.8087913,39.1926181],[-106.8087794,39.1925525],[-106.8087909,39.1925085],[-106.8088513,39.1924183],[-106.8088803,39.1923421],[-106.808905,39.1922505],[-106.8089075,39.1921801],[-106.8088799,39.1921255],[-106.8087082,39.1919941],[-106.8086504,39.1919253],[-106.8086365,39.1918794],[-106.8086382,39.1918088],[-106.8086205,39.1917093],[-106.8086148,39.1916233],[-106.8085969,39.1915904],[-106.8085825,39.1915873],[-106.8085245,39.1915775]]}},
{"type":"Feature","properties":{"full_id":"w292950870","osm_id":"292950870","osm_type":"way","highway":"path","crossing:markings":null,"crossing":null,"footway":null,"maxheight":null,"oneway:bicycle":null,"bus":null,"wheelchair":null,"source:geometry":null,"operator":null,"motor_vehicle":null,"dog":null,"cycleway:both:lane":null,"parking:lanes:both":null,"maxweight:signed":null,"sidewalk:both:surface":null,"turn:lanes:forward":null,"horse":null,"mtb:scale:imba":null,"wikipedia":null,"wikidata":null,"segregated":null,"tunnel":null,"layer":null,"bridge":null,"foot":null,"turn:lanes:backward":null,"source:hgv:national_network":null,"hgv:national_network":null,"hgv":null,"alt_name":null,"parking:right:orientation":null,"parking:right":null,"parking:left:orientation":null,"parking:left":null,"cycleway:right":null,"sidewalk":null,"cycleway:both":null,"bicycle":"yes","tiger:name_direction_suffix":null,"tracktype":null,"source:maxspeed":null,"smoothness":null,"parking:lane:both":null,"lanes:forward":null,"lanes:backward":null,"CDOT_route":null,"lit":null,"sidewalk:right":null,"sidewalk:left":null,"tiger:name_type_1":null,"tiger:name_direction_prefix_1":null,"tiger:name_base_1":null,"railway":null,"old_railway_operator":null,"name_1":null,"maxspeed":null,"cycleway":null,"ref":null,"tiger:name_direction_prefix":null,"parking:both:orientation":null,"parking:both":null,"oneway":null,"access":null,"service":null,"tiger:reviewed":null,"surface":"dirt","lanes":null,"tiger:name_type":null,"tiger:name_base":null,"tiger:county":null,"tiger:cfcc":null,"name":"No Problem Joe Trail","is_in:state_code":null,"is_in:state":null,"is_in:city":null},"geometry":{"type":"LineString","coordinates":[[-106.8140454,39.1892327],[-106.8139924,39.1891901],[-106.8139797,39.1891798],[-106.813898,39.1891495],[-106.813747,39.1891324],[-106.8136443,39.1891172],[-106.8135789,39.1890892],[-106.8135007,39.1890616],[-106.8134463,39.1890438],[-106.8133885,39.1890489],[-106.813355,39.1890555],[-106.8133001,39.1890526],[-106.8131917,39.1890427],[-106.8131271,39.1890226],[-106.8130553,39.1889968],[-106.8130062,39.1889923],[-106.812959,39.1889786],[-106.8128547,39.1889419],[-106.8127781,39.1889434],[-106.8127395,39.188939],[-106.8126451,39.1889117],[-106.8125077,39.1888727],[-106.8123838,39.1888515],[-106.8122035,39.188833],[-106.8121425,39.1888391],[-106.8120946,39.1888454],[-106.8120656,39.1888391],[-106.8120551,39.1888344],[-106.8120447,39.1888234],[-106.812101,39.1887307]]}},
{"type":"Feature","properties":{"full_id":"w292950871","osm_id":"292950871","osm_type":"way","highway":"path","crossing:markings":null,"crossing":null,"footway":null,"maxheight":null,"oneway:bicycle":null,"bus":null,"wheelchair":null,"source:geometry":null,"operator":null,"motor_vehicle":null,"dog":null,"cycleway:both:lane":null,"parking:lanes:both":null,"maxweight:signed":null,"sidewalk:both:surface":null,"turn:lanes:forward":null,"horse":null,"mtb:scale:imba":"3","wikipedia":null,"wikidata":null,"segregated":null,"tunnel":null,"layer":null,"bridge":null,"foot":null,"turn:lanes:backward":null,"source:hgv:national_network":null,"hgv:national_network":null,"hgv":null,"alt_name":null,"parking:right:orientation":null,"parking:right":null,"parking:left:orientation":null,"parking:left":null,"cycleway:right":null,"sidewalk":null,"cycleway:both":null,"bicycle":"yes","tiger:name_direction_suffix":null,"tracktype":null,"source:maxspeed":null,"smoothness":null,"parking:lane:both":null,"lanes:forward":null,"lanes:backward":null,"CDOT_route":null,"lit":null,"sidewalk:right":null,"sidewalk:left":null,"tiger:name_type_1":null,"tiger:name_direction_prefix_1":null,"tiger:name_base_1":null,"railway":null,"old_railway_operator":null,"name_1":null,"maxspeed":null,"cycleway":null,"ref":null,"tiger:name_direction_prefix":null,"parking:both:orientation":null,"parking:both":null,"oneway":null,"access":null,"service":null,"tiger:reviewed":null,"surface":"dirt","lanes":null,"tiger:name_type":null,"tiger:name_base":null,"tiger:county":null,"tiger:cfcc":null,"name":"Scotties","is_in:state_code":null,"is_in:state":null,"is_in:city":null},"geometry":{"type":"LineString","coordinates":[[-106.8183771,39.1861036],[-106.81861,39.1859509],[-106.8186122,39.1858393],[-106.8185423,39.1857802],[-106.8184258,39.1857277],[-106.8183368,39.1856768],[-106.8182987,39.1856276],[-106.8183432,39.1855701],[-106.8184914,39.185534],[-106.8186609,39.1855143],[-106.8187583,39.1854815],[-106.8188811,39.1854371],[-106.8189277,39.18536],[-106.8189163,39.1853342],[-106.818892,39.1852807],[-106.8184914,39.1850317],[-106.8184088,39.1849348],[-106.8183898,39.184856],[-106.8184046,39.1847953],[-106.8186058,39.184751],[-106.818771,39.1847149],[-106.818951,39.1846623],[-106.8190527,39.1845885],[-106.8191014,39.18449],[-106.8191331,39.1843931],[-106.8191458,39.1843127],[-106.8191543,39.1842339],[-106.8190905,39.1840887]]}},
{"type":"Feature","properties":{"full_id":"w292950872","osm_id":"292950872","osm_type":"way","highway":"path","crossing:markings":null,"crossing":null,"footway":null,"maxheight":null,"oneway:bicycle":null,"bus":null,"wheelchair":null,"source:geometry":null,"operator":null,"motor_vehicle":null,"dog":null,"cycleway:both:lane":null,"parking:lanes:both":null,"maxweight:signed":null,"sidewalk:both:surface":null,"turn:lanes:forward":null,"horse":null,"mtb:scale:imba":"3","wikipedia":null,"wikidata":null,"segregated":null,"tunnel":null,"layer":null,"bridge":null,"foot":null,"turn:lanes:backward":null,"source:hgv:national_network":null,"hgv:national_network":null,"hgv":null,"alt_name":null,"parking:right:orientation":null,"parking:right":null,"parking:left:orientation":null,"parking:left":null,"cycleway:right":null,"sidewalk":null,"cycleway:both":null,"bicycle":"yes","tiger:name_direction_suffix":null,"tracktype":null,"source:maxspeed":null,"smoothness":null,"parking:lane:both":null,"lanes:forward":null,"lanes:backward":null,"CDOT_route":null,"lit":null,"sidewalk:right":null,"sidewalk:left":null,"tiger:name_type_1":null,"tiger:name_direction_prefix_1":null,"tiger:name_base_1":null,"railway":null,"old_railway_operator":null,"name_1":null,"maxspeed":null,"cycleway":null,"ref":null,"tiger:name_direction_prefix":null,"parking:both:orientation":null,"parking:both":null,"oneway":null,"access":null,"service":null,"tiger:reviewed":null,"surface":"dirt","lanes":null,"tiger:name_type":null,"tiger:name_base":null,"tiger:county":null,"tiger:cfcc":null,"name":"Little Nell Trail","is_in:state_code":null,"is_in:state":null,"is_in:city":null},"geometry":{"type":"LineString","coordinates":[[-106.8185119,39.1837178],[-106.818394,39.1836248],[-106.8183368,39.1835001],[-106.8184025,39.1833868],[-106.8184276,39.1833641],[-106.8185041,39.1832949],[-106.8185952,39.1832144],[-106.8186609,39.1831652],[-106.8187637,39.1831316],[-106.8189311,39.1831048],[-106.8190527,39.1830963],[-106.8191861,39.1830963],[-106.8193098,39.1830921],[-106.8193936,39.183088],[-106.8196605,39.1830798],[-106.8197876,39.1830569],[-106.8198341,39.1830142],[-106.8198469,39.1829748],[-106.819885,39.1829419],[-106.8199104,39.182914],[-106.8198977,39.1828828],[-106.819921,39.1828467],[-106.8199443,39.182827],[-106.8199909,39.1827991],[-106.8199993,39.182763],[-106.8200015,39.1827253],[-106.8200375,39.1827006],[-106.8200459,39.182676],[-106.820029,39.1826415],[-106.8200629,39.1826054],[-106.8201306,39.1825808],[-106.8201539,39.1825168],[-106.8201476,39.1822968],[-106.8201455,39.1822278],[-106.8201412,39.1821802],[-106.8201921,39.1819964],[-106.8202175,39.1819225],[-106.8202874,39.1818749],[-106.8203488,39.1818601],[-106.8204208,39.1818174],[-106.8204631,39.1817879],[-106.8204356,39.1817157],[-106.820389,39.1816697],[-106.8202005,39.1816795],[-106.8200925,39.1816845],[-106.820048,39.1816828],[-106.8199294,39.1816385],[-106.819633,39.1815531],[-106.819544,39.1815236],[-106.8194911,39.1814973],[-106.8195101,39.1814645],[-106.8195631,39.1814563],[-106.819632,39.181435],[-106.8196393,39.1814037],[-106.8193852,39.1812708],[-106.8191162,39.1812002],[-106.819059,39.1811887],[-106.8190717,39.1811411],[-106.8191162,39.1810885],[-106.8191649,39.1810705],[-106.8194212,39.1809966],[-106.8195652,39.1809884],[-106.8196676,39.1809829],[-106.8197682,39.1809603],[-106.819847,39.1809252],[-106.8199219,39.1808922],[-106.8199956,39.1808529],[-106.820033,39.180814],[-106.8200537,39.180758],[-106.8200666,39.1807014],[-106.8200339,39.1806351],[-106.8199612,39.1805714],[-106.8198187,39.180487],[-106.8197616,39.180446],[-106.8197068,39.1804052],[-106.8196499,39.1803465],[-106.8196288,39.1802969],[-106.8196519,39.1802196],[-106.8197077,39.1801971],[-106.8198087,39.1801758],[-106.8202053,39.1801656],[-106.8202746,39.1801637],[-106.8205455,39.1801949],[-106.8206431,39.1802909],[-106.8206702,39.1803953],[-106.8207723,39.1804581],[-106.8209136,39.1804847],[-106.821101,39.1806204],[-106.821213,39.1807474],[-106.8213018,39.1807848],[-106.8213823,39.1807963],[-106.8218037,39.1808554],[-106.8222654,39.1808998],[-106.8223967,39.1809145],[-106.8224858,39.1808915]]}},
{"type":"Feature","properties":{"full_id":"w292950876","osm_id":"292950876","osm_type":"way","highway":"footway","crossing:markings":null,"crossing":null,"footway":null,"maxheight":null,"oneway:bicycle":null,"bus":null,"wheelchair":null,"source:geometry":null,"operator":null,"motor_vehicle":null,"dog":null,"cycleway:both:lane":null,"parking:lanes:both":null,"maxweight:signed":null,"sidewalk:both:surface":null,"turn:lanes:forward":null,"horse":null,"mtb:scale:imba":null,"wikipedia":null,"wikidata":null,"segregated":null,"tunnel":null,"layer":null,"bridge":null,"foot":null,"turn:lanes:backward":null,"source:hgv:national_network":null,"hgv:national_network":null,"hgv":null,"alt_name":null,"parking:right:orientation":null,"parking:right":null,"parking:left:orientation":null,"parking:left":null,"cycleway:right":null,"sidewalk":null,"cycleway:both":null,"bicycle":"yes","tiger:name_direction_suffix":null,"tracktype":null,"source:maxspeed":null,"smoothness":null,"parking:lane:both":null,"lanes:forward":null,"lanes:backward":null,"CDOT_route":null,"lit":null,"sidewalk:right":null,"sidewalk:left":null,"tiger:name_type_1":null,"tiger:name_direction_prefix_1":null,"tiger:name_base_1":null,"railway":null,"old_railway_operator":null,"name_1":null,"maxspeed":null,"cycleway":null,"ref":null,"tiger:name_direction_prefix":null,"parking:both:orientation":null,"parking:both":null,"oneway":null,"access":null,"service":null,"tiger:reviewed":null,"surface":"dirt","lanes":null,"tiger:name_type":null,"tiger:name_base":null,"tiger:county":null,"tiger:cfcc":null,"name":"Wheeler Ditch Trail","is_in:state_code":null,"is_in:state":null,"is_in:city":null},"geometry":{"type":"LineString","coordinates":[[-106.8146282,39.1834892],[-106.8145542,39.1835182],[-106.8145067,39.1835371],[-106.81441,39.1836355],[-106.8143192,39.1837395],[-106.8142634,39.1837928],[-106.8141944,39.1838154],[-106.8141145,39.1838258],[-106.8140464,39.1838263],[-106.8139434,39.1838029],[-106.8137502,39.1837681],[-106.8135106,39.1837762],[-106.8132111,39.183818],[-106.8130793,39.183818],[-106.8129955,39.1837809],[-106.8128906,39.1836822],[-106.8128188,39.1836079],[-106.8127005,39.1835731],[-106.8125043,39.1835963],[-106.8123291,39.1836671],[-106.8122362,39.183731],[-106.8121763,39.1838192],[-106.8121449,39.1838749],[-106.8121271,39.1839136],[-106.8121064,39.1839448],[-106.8119816,39.1840003],[-106.8118858,39.1840037],[-106.8117944,39.1839747],[-106.8117031,39.1839185],[-106.8116873,39.1838882],[-106.811689,39.1838191],[-106.8117118,39.1837731],[-106.8117225,39.1837262],[-106.8117392,39.183708],[-106.8117579,39.1835331],[-106.8117614,39.1834936],[-106.8117458,39.1834591],[-106.8117442,39.1833748],[-106.8117216,39.1833032],[-106.8116804,39.1832271],[-106.8116621,39.1830582],[-106.8116656,39.183037]]}},
{"type":"Feature","properties":{"full_id":"w292950879","osm_id":"292950879","osm_type":"way","highway":"path","crossing:markings":null,"crossing":null,"footway":null,"maxheight":null,"oneway:bicycle":null,"bus":null,"wheelchair":null,"source:geometry":null,"operator":null,"motor_vehicle":null,"dog":null,"cycleway:both:lane":null,"parking:lanes:both":null,"maxweight:signed":null,"sidewalk:both:surface":null,"turn:lanes:forward":null,"horse":null,"mtb:scale:imba":null,"wikipedia":null,"wikidata":null,"segregated":null,"tunnel":null,"layer":null,"bridge":null,"foot":null,"turn:lanes:backward":null,"source:hgv:national_network":null,"hgv:national_network":null,"hgv":null,"alt_name":null,"parking:right:orientation":null,"parking:right":null,"parking:left:orientation":null,"parking:left":null,"cycleway:right":null,"sidewalk":null,"cycleway:both":null,"bicycle":null,"tiger:name_direction_suffix":null,"tracktype":null,"source:maxspeed":null,"smoothness":null,"parking:lane:both":null,"lanes:forward":null,"lanes:backward":null,"CDOT_route":null,"lit":null,"sidewalk:right":null,"sidewalk:left":null,"tiger:name_type_1":null,"tiger:name_direction_prefix_1":null,"tiger:name_base_1":null,"railway":null,"old_railway_operator":null,"name_1":null,"maxspeed":null,"cycleway":null,"ref":null,"tiger:name_direction_prefix":null,"parking:both:orientation":null,"parking:both":null,"oneway":null,"access":null,"service":null,"tiger:reviewed":null,"surface":"dirt","lanes":null,"tiger:name_type":null,"tiger:name_base":null,"tiger:county":null,"tiger:cfcc":null,"name":"Ajax Park","is_in:state_code":null,"is_in:state":null,"is_in:city":null},"geometry":{"type":"LineString","coordinates":[[-106.8144344,39.1820313],[-106.8145191,39.1820873],[-106.814571,39.1821187],[-106.8146072,39.1821593],[-106.8146434,39.1821795],[-106.8147616,39.1822542],[-106.8148837,39.1823182],[-106.8149996,39.1823803],[-106.8150301,39.182398],[-106.8150341,39.182421],[-106.8150018,39.1824413],[-106.8149546,39.1824582],[-106.814859,39.1824642],[-106.814781,39.1824821],[-106.8147337,39.1825243],[-106.8146922,39.1825367],[-106.8145727,39.1825391],[-106.8143177,39.1825208]]}},
{"type":"Feature","properties":{"full_id":"w292950880","osm_id":"292950880","osm_type":"way","highway":"path","crossing:markings":null,"crossing":null,"footway":null,"maxheight":null,"oneway:bicycle":null,"bus":null,"wheelchair":null,"source:geometry":null,"operator":null,"motor_vehicle":null,"dog":null,"cycleway:both:lane":null,"parking:lanes:both":null,"maxweight:signed":null,"sidewalk:both:surface":null,"turn:lanes:forward":null,"horse":null,"mtb:scale:imba":null,"wikipedia":null,"wikidata":null,"segregated":null,"tunnel":null,"layer":null,"bridge":null,"foot":null,"turn:lanes:backward":null,"source:hgv:national_network":null,"hgv:national_network":null,"hgv":null,"alt_name":null,"parking:right:orientation":null,"parking:right":null,"parking:left:orientation":null,"parking:left":null,"cycleway:right":null,"sidewalk":null,"cycleway:both":null,"bicycle":"yes","tiger:name_direction_suffix":null,"tracktype":null,"source:maxspeed":null,"smoothness":null,"parking:lane:both":null,"lanes:forward":null,"lanes:backward":null,"CDOT_route":null,"lit":null,"sidewalk:right":null,"sidewalk:left":null,"tiger:name_type_1":null,"tiger:name_direction_prefix_1":null,"tiger:name_base_1":null,"railway":null,"old_railway_operator":null,"name_1":null,"maxspeed":null,"cycleway":null,"ref":null,"tiger:name_direction_prefix":null,"parking:both:orientation":null,"parking:both":null,"oneway":null,"access":null,"service":null,"tiger:reviewed":null,"surface":"dirt","lanes":null,"tiger:name_type":null,"tiger:name_base":null,"tiger:county":null,"tiger:cfcc":null,"name":"Mollie Gibston Trail","is_in:state_code":null,"is_in:state":null,"is_in:city":null},"geometry":{"type":"LineString","coordinates":[[-106.8086504,39.1919253],[-106.8086009,39.1919379],[-106.8085771,39.1919503],[-106.8084716,39.1920192],[-106.8083559,39.192088],[-106.8082683,39.192131],[-106.8082548,39.1921319],[-106.8082403,39.1921295],[-106.8082329,39.1921258],[-106.808186,39.1921021]]}},
{"type":"Feature","properties":{"full_id":"w292950881","osm_id":"292950881","osm_type":"way","highway":"residential","crossing:markings":null,"crossing":null,"footway":null,"maxheight":null,"oneway:bicycle":null,"bus":null,"wheelchair":null,"source:geometry":null,"operator":null,"motor_vehicle":null,"dog":null,"cycleway:both:lane":null,"parking:lanes:both":null,"maxweight:signed":null,"sidewalk:both:surface":null,"turn:lanes:forward":null,"horse":null,"mtb:scale:imba":null,"wikipedia":null,"wikidata":null,"segregated":null,"tunnel":null,"layer":null,"bridge":null,"foot":null,"turn:lanes:backward":null,"source:hgv:national_network":null,"hgv:national_network":null,"hgv":null,"alt_name":null,"parking:right:orientation":null,"parking:right":null,"parking:left:orientation":null,"parking:left":null,"cycleway:right":null,"sidewalk":null,"cycleway:both":null,"bicycle":null,"tiger:name_direction_suffix":null,"tracktype":null,"source:maxspeed":null,"smoothness":null,"parking:lane:both":null,"lanes:forward":null,"lanes:backward":null,"CDOT_route":null,"lit":null,"sidewalk:right":null,"sidewalk:left":null,"tiger:name_type_1":null,"tiger:name_direction_prefix_1":null,"tiger:name_base_1":null,"railway":null,"old_railway_operator":null,"name_1":null,"maxspeed":null,"cycleway":null,"ref":null,"tiger:name_direction_prefix":null,"parking:both:orientation":null,"parking:both":null,"oneway":null,"access":null,"service":null,"tiger:reviewed":null,"surface":null,"lanes":null,"tiger:name_type":null,"tiger:name_base":null,"tiger:county":null,"tiger:cfcc":null,"name":null,"is_in:state_code":null,"is_in:state":null,"is_in:city":null},"geometry":{"type":"LineString","coordinates":[[-106.8120535,39.1813359],[-106.812096,39.1813017],[-106.812153,39.1812908],[-106.8125667,39.1813996],[-106.813132,39.1814686],[-106.8133087,39.1814918],[-106.8135694,39.1815725],[-106.8139213,39.1817048]]}},
{"type":"Feature","properties":{"full_id":"w292956390","osm_id":"292956390","osm_type":"way","highway":"path","crossing:markings":null,"crossing":null,"footway":null,"maxheight":null,"oneway:bicycle":null,"bus":null,"wheelchair":null,"source:geometry":null,"operator":null,"motor_vehicle":null,"dog":null,"cycleway:both:lane":null,"parking:lanes:both":null,"maxweight:signed":null,"sidewalk:both:surface":null,"turn:lanes:forward":null,"horse":"yes","mtb:scale:imba":null,"wikipedia":null,"wikidata":"Q122205654","segregated":null,"tunnel":null,"layer":null,"bridge":null,"foot":"yes","turn:lanes:backward":null,"source:hgv:national_network":null,"hgv:national_network":null,"hgv":null,"alt_name":null,"parking:right:orientation":null,"parking:right":null,"parking:left:orientation":null,"parking:left":null,"cycleway:right":null,"sidewalk":null,"cycleway:both":null,"bicycle":null,"tiger:name_direction_suffix":null,"tracktype":null,"source:maxspeed":null,"smoothness":null,"parking:lane:both":null,"lanes:forward":null,"lanes:backward":null,"CDOT_route":null,"lit":null,"sidewalk:right":null,"sidewalk:left":null,"tiger:name_type_1":null,"tiger:name_direction_prefix_1":null,"tiger:name_base_1":null,"railway":null,"old_railway_operator":null,"name_1":null,"maxspeed":null,"cycleway":null,"ref":null,"tiger:name_direction_prefix":null,"parking:both:orientation":null,"parking:both":null,"oneway":null,"access":null,"service":null,"tiger:reviewed":null,"surface":"ground","lanes":null,"tiger:name_type":null,"tiger:name_base":null,"tiger:county":null,"tiger:cfcc":null,"name":"Ute Trail","is_in:state_code":null,"is_in:state":null,"is_in:city":null},"geometry":{"type":"LineString","coordinates":[[-106.811926,39.1812794],[-106.8119683,39.1812143],[-106.8119574,39.1811815],[-106.8118948,39.181099],[-106.8118773,39.1809597],[-106.8118557,39.1808379],[-106.8118658,39.1808162],[-106.8118852,39.180817],[-106.8119915,39.1808623],[-106.8120908,39.1808919],[-106.812213,39.1809025],[-106.8122543,39.1808817],[-106.8122687,39.1808574],[-106.8122756,39.180808],[-106.8122518,39.1807356],[-106.8122045,39.1806675],[-106.8121904,39.1806021],[-106.8121428,39.1804962],[-106.812142,39.18038],[-106.8121577,39.1802991],[-106.8121496,39.1802211],[-106.8121642,39.1801889],[-106.8121939,39.1801659],[-106.8122393,39.1801714],[-106.8123344,39.180231],[-106.8123701,39.1802772],[-106.8124771,39.1803563],[-106.812494,39.1803972],[-106.8125517,39.1804215],[-106.8126504,39.1804416],[-106.8127091,39.180469],[-106.8127281,39.1804715],[-106.8127272,39.1804562],[-106.8126915,39.1803944],[-106.8126691,39.1803415],[-106.8126766,39.180317],[-106.8126207,39.1802346],[-106.8126064,39.1802004],[-106.8126104,39.1801886],[-106.8126304,39.1801892],[-106.8127113,39.1802247],[-106.8128079,39.1802484],[-106.8128222,39.1802461],[-106.8128423,39.1802509],[-106.8128503,39.1802652],[-106.8129286,39.1802672],[-106.8129437,39.1802487],[-106.8129476,39.1802337],[-106.8128974,39.180194],[-106.8128759,39.1801593],[-106.8128483,39.1801335],[-106.8128381,39.18006],[-106.8128537,39.1800263],[-106.8128178,39.1799787],[-106.8128005,39.1798665],[-106.812759,39.1797774],[-106.8127272,39.1797345],[-106.8126966,39.1796513],[-106.8127011,39.1796404],[-106.8127308,39.1796444],[-106.8127596,39.1796539],[-106.8128223,39.1796662],[-106.8129948,39.1797755],[-106.8131762,39.1798747],[-106.8132144,39.1798834],[-106.813307,39.1798857],[-106.8133316,39.1798959],[-106.8133662,39.1799192],[-106.8134465,39.1799381],[-106.8135041,39.1799916],[-106.8135575,39.1800222],[-106.8135669,39.1800352],[-106.8135882,39.1800412],[-106.813654,39.1801076],[-106.8137379,39.1801387],[-106.8137727,39.1801411],[-106.8137956,39.1801501],[-106.8138124,39.1801649],[-106.81383,39.180166],[-106.8138436,39.1801575],[-106.8138385,39.1801347],[-106.8138133,39.1801015],[-106.8137045,39.1799504],[-106.8136861,39.1799152],[-106.8136866,39.1798766],[-106.8136119,39.1797685],[-106.8135729,39.1797527],[-106.8135497,39.1797315],[-106.8135484,39.1796995],[-106.8135507,39.1796668],[-106.8135353,39.1796319],[-106.8132664,39.1794533],[-106.8132297,39.1794178],[-106.8130741,39.1791837],[-106.8130507,39.1791712],[-106.8130337,39.1791351],[-106.8130107,39.1790552],[-106.8129716,39.1790035],[-106.8129046,39.1789654],[-106.812839,39.17894],[-106.8128174,39.17894],[-106.8128048,39.1789314],[-106.8128087,39.1789135],[-106.8128182,39.1788951],[-106.8128122,39.1788779],[-106.8127706,39.1787792],[-106.8127433,39.178702],[-106.8127367,39.1786666],[-106.8127097,39.1786307],[-106.8126467,39.1786014],[-106.8125721,39.1785595],[-106.812458,39.178407],[-106.812263,39.178224],[-106.812175,39.178102],[-106.812157,39.178034],[-106.8120722,39.1778918],[-106.8119918,39.1778168],[-106.8119915,39.1777931],[-106.8120189,39.1777887],[-106.8121415,39.1778534],[-106.8122323,39.1779232],[-106.812317,39.177942],[-106.8124233,39.1779936],[-106.812523,39.178004],[-106.81271,39.178008],[-106.8129208,39.1780271],[-106.813045,39.178063],[-106.81311,39.178067],[-106.813177,39.178048],[-106.813238,39.178],[-106.813268,39.177922],[-106.813243,39.177863],[-106.813101,39.177691],[-106.8130243,39.1775993],[-106.8130146,39.1775802],[-106.8130206,39.1775692],[-106.8130369,39.1775437],[-106.8130687,39.1775411],[-106.813096,39.1775609],[-106.813203,39.177596],[-106.8133834,39.1775705],[-106.813463,39.177545],[-106.8136163,39.1775195],[-106.8136485,39.1775023],[-106.8135916,39.1774548],[-106.8134479,39.1774095],[-106.8132961,39.1773487],[-106.8132886,39.1772922],[-106.8133496,39.1772798],[-106.813465,39.177276],[-106.8135994,39.1773006],[-106.8137161,39.1772993],[-106.8138313,39.1772674],[-106.813826,39.177159],[-106.8137636,39.177061],[-106.8137516,39.1770212],[-106.8137611,39.1770064],[-106.8138235,39.1769965],[-106.8140134,39.176974],[-106.814138,39.176929],[-106.814278,39.176893],[-106.814402,39.176909],[-106.814529,39.176961],[-106.814931,39.17723],[-106.815213,39.177441],[-106.815338,39.177496],[-106.815533,39.177536],[-106.8156882,39.1775948],[-106.8157951,39.1776402],[-106.8158674,39.1776861],[-106.8159252,39.1777607],[-106.8159778,39.17778],[-106.8160314,39.1777665],[-106.816063,39.177711],[-106.816091,39.177644],[-106.816068,39.177464],[-106.816086,39.177374],[-106.816139,39.177287],[-106.816143,39.177203],[-106.816082,39.177069],[-106.816074,39.176982],[-106.81611,39.176754],[-106.816089,39.176605],[-106.816093,39.176436],[-106.816154,39.176185],[-106.816183,39.175856],[-106.816252,39.175535],[-106.816329,39.175311],[-106.816247,39.175049],[-106.816242,39.174882],[-106.816204,39.174735],[-106.816116,39.174544],[-106.816091,39.174433],[-106.816141,39.174009],[-106.816203,39.173832],[-106.816217,39.173683],[-106.816194,39.173628],[-106.816101,39.173532],[-106.815812,39.172949],[-106.815712,39.172658],[-106.815662,39.17257],[-106.815392,39.172269],[-106.815346,39.172134],[-106.815297,39.171767],[-106.81542,39.171],[-106.815467,39.17073],[-106.815473,39.170393],[-106.815278,39.169973],[-106.815212,39.169767],[-106.815119,39.169458],[-106.815061,39.169038],[-106.815145,39.16846],[-106.815146,39.168124],[-106.815273,39.166752],[-106.815272,39.166572],[-106.815208,39.166044],[-106.815239,39.165706],[-106.815404,39.165312],[-106.815463,39.164979],[-106.81555,39.164659],[-106.815859,39.164098],[-106.816035,39.163662],[-106.816048,39.162902],[-106.816069,39.162625],[-106.816194,39.161932],[-106.816229,39.161798],[-106.816322,39.161575],[-106.816431,39.161102],[-106.816617,39.160482],[-106.816766,39.160225],[-106.8168034,39.1601361],[-106.8168748,39.160087],[-106.8169982,39.1599523],[-106.8173033,39.1593785],[-106.8173536,39.1590853],[-106.8174459,39.1582585],[-106.8174769,39.1581578],[-106.8174639,39.1577967],[-106.8174737,39.1576922],[-106.8175646,39.1575638],[-106.8175727,39.15717],[-106.8177707,39.1567157],[-106.8178956,39.1563117],[-106.8179044,39.1560165],[-106.8179475,39.1558895],[-106.817963,39.1557363],[-106.8180482,39.1554811],[-106.8181066,39.1552307],[-106.8182689,39.1549324],[-106.8183647,39.1547902],[-106.8184766,39.1546002],[-106.8185838,39.1542062],[-106.8187655,39.1537242],[-106.8189976,39.1534725],[-106.8191713,39.1530874],[-106.8193115,39.1527554]]}},
{"type":"Feature","properties":{"full_id":"w318095700","osm_id":"318095700","osm_type":"way","highway":"secondary","crossing:markings":null,"crossing":null,"footway":null,"maxheight":null,"oneway:bicycle":null,"bus":null,"wheelchair":null,"source:geometry":null,"operator":null,"motor_vehicle":null,"dog":null,"cycleway:both:lane":null,"parking:lanes:both":null,"maxweight:signed":null,"sidewalk:both:surface":null,"turn:lanes:forward":"left|through","horse":null,"mtb:scale:imba":null,"wikipedia":null,"wikidata":null,"segregated":null,"tunnel":null,"layer":null,"bridge":null,"foot":null,"turn:lanes:backward":null,"source:hgv:national_network":null,"hgv:national_network":null,"hgv":null,"alt_name":null,"parking:right:orientation":null,"parking:right":null,"parking:left:orientation":null,"parking:left":null,"cycleway:right":"lane","sidewalk":"both","cycleway:both":null,"bicycle":null,"tiger:name_direction_suffix":null,"tracktype":"grade1","source:maxspeed":"CDOT","smoothness":null,"parking:lane:both":null,"lanes:forward":"2","lanes:backward":"1","CDOT_route":"082A","lit":null,"sidewalk:right":null,"sidewalk:left":null,"tiger:name_type_1":null,"tiger:name_direction_prefix_1":null,"tiger:name_base_1":null,"railway":null,"old_railway_operator":null,"name_1":null,"maxspeed":"25 mph","cycleway":null,"ref":"CO 82","tiger:name_direction_prefix":null,"parking:both:orientation":null,"parking:both":null,"oneway":null,"access":null,"service":null,"tiger:reviewed":null,"surface":"asphalt","lanes":"3","tiger:name_type":null,"tiger:name_base":null,"tiger:county":null,"tiger:cfcc":null,"name":"East Main Street","is_in:state_code":"CO","is_in:state":"Colorado","is_in:city":"Aspen"},"geometry":{"type":"LineString","coordinates":[[-106.8152936,39.1898613],[-106.8155692,39.1899237],[-106.8157038,39.1899542]]}},
{"type":"Feature","properties":{"full_id":"w318095701","osm_id":"318095701","osm_type":"way","highway":"secondary","crossing:markings":null,"crossing":null,"footway":null,"maxheight":null,"oneway:bicycle":null,"bus":null,"wheelchair":null,"source:geometry":null,"operator":null,"motor_vehicle":null,"dog":null,"cycleway:both:lane":null,"parking:lanes:both":null,"maxweight:signed":null,"sidewalk:both:surface":"concrete","turn:lanes:forward":null,"horse":null,"mtb:scale:imba":null,"wikipedia":null,"wikidata":null,"segregated":null,"tunnel":null,"layer":null,"bridge":null,"foot":null,"turn:lanes:backward":null,"source:hgv:national_network":null,"hgv:national_network":null,"hgv":null,"alt_name":null,"parking:right:orientation":null,"parking:right":null,"parking:left:orientation":null,"parking:left":null,"cycleway:right":null,"sidewalk":"both","cycleway:both":null,"bicycle":null,"tiger:name_direction_suffix":null,"tracktype":"grade1","source:maxspeed":"CDOT","smoothness":"excellent","parking:lane:both":null,"lanes:forward":"1","lanes:backward":"1","CDOT_route":"082A","lit":null,"sidewalk:right":null,"sidewalk:left":null,"tiger:name_type_1":null,"tiger:name_direction_prefix_1":null,"tiger:name_base_1":null,"railway":null,"old_railway_operator":null,"name_1":null,"maxspeed":"30 mph","cycleway":null,"ref":"CO 82","tiger:name_direction_prefix":null,"parking:both:orientation":"parallel","parking:both":"lane","oneway":null,"access":null,"service":null,"tiger:reviewed":null,"surface":"asphalt","lanes":"2","tiger:name_type":null,"tiger:name_base":null,"tiger:county":null,"tiger:cfcc":null,"name":"East Cooper Avenue","is_in:state_code":"CO","is_in:state":"Colorado","is_in:city":"Aspen"},"geometry":{"type":"LineString","coordinates":[[-106.8116085,39.1865837],[-106.8118076,39.1866241],[-106.8129793,39.1868603]]}},
{"type":"Feature","properties":{"full_id":"w318095702","osm_id":"318095702","osm_type":"way","highway":"secondary","crossing:markings":null,"crossing":null,"footway":null,"maxheight":null,"oneway:bicycle":null,"bus":null,"wheelchair":null,"source:geometry":null,"operator":null,"motor_vehicle":null,"dog":null,"cycleway:both:lane":null,"parking:lanes:both":null,"maxweight:signed":"no","sidewalk:both:surface":null,"turn:lanes:forward":null,"horse":null,"mtb:scale:imba":null,"wikipedia":null,"wikidata":null,"segregated":null,"tunnel":null,"layer":"1","bridge":"yes","foot":null,"turn:lanes:backward":null,"source:hgv:national_network":null,"hgv:national_network":null,"hgv":null,"alt_name":null,"parking:right:orientation":null,"parking:right":null,"parking:left:orientation":null,"parking:left":null,"cycleway:right":null,"sidewalk":null,"cycleway:both":null,"bicycle":null,"tiger:name_direction_suffix":null,"tracktype":"grade1","source:maxspeed":"CDOT","smoothness":null,"parking:lane:both":"no_parking","lanes:forward":"1","lanes:backward":"1","CDOT_route":"082A","lit":null,"sidewalk:right":null,"sidewalk:left":null,"tiger:name_type_1":null,"tiger:name_direction_prefix_1":null,"tiger:name_base_1":null,"railway":null,"old_railway_operator":null,"name_1":null,"maxspeed":"30 mph","cycleway":null,"ref":"CO 82","tiger:name_direction_prefix":null,"parking:both:orientation":null,"parking:both":null,"oneway":null,"access":null,"service":null,"tiger:reviewed":null,"surface":"asphalt","lanes":"2","tiger:name_type":null,"tiger:name_base":null,"tiger:county":null,"tiger:cfcc":null,"name":"East Cooper Avenue","is_in:state_code":"CO","is_in:state":"Colorado","is_in:city":"Aspen"},"geometry":{"type":"LineString","coordinates":[[-106.811296,39.1865212],[-106.8116085,39.1865837]]}},
{"type":"Feature","properties":{"full_id":"w318095703","osm_id":"318095703","osm_type":"way","highway":"secondary","crossing:markings":null,"crossing":null,"footway":null,"maxheight":null,"oneway:bicycle":null,"bus":null,"wheelchair":null,"source:geometry":null,"operator":null,"motor_vehicle":null,"dog":null,"cycleway:both:lane":null,"parking:lanes:both":null,"maxweight:signed":null,"sidewalk:both:surface":null,"turn:lanes:forward":null,"horse":null,"mtb:scale:imba":null,"wikipedia":null,"wikidata":null,"segregated":null,"tunnel":null,"layer":null,"bridge":null,"foot":null,"turn:lanes:backward":null,"source:hgv:national_network":null,"hgv:national_network":null,"hgv":null,"alt_name":null,"parking:right:orientation":null,"parking:right":null,"parking:left:orientation":null,"parking:left":null,"cycleway:right":null,"sidewalk":"both","cycleway:both":null,"bicycle":null,"tiger:name_direction_suffix":null,"tracktype":"grade1","source:maxspeed":"CDOT","smoothness":null,"parking:lane:both":"parallel","lanes:forward":"1","lanes:backward":"1","CDOT_route":"082A","lit":null,"sidewalk:right":null,"sidewalk:left":null,"tiger:name_type_1":null,"tiger:name_direction_prefix_1":null,"tiger:name_base_1":null,"railway":null,"old_railway_operator":null,"name_1":null,"maxspeed":"25 mph","cycleway":"lane","ref":"CO 82","tiger:name_direction_prefix":null,"parking:both:orientation":null,"parking:both":null,"oneway":null,"access":null,"service":null,"tiger:reviewed":null,"surface":"asphalt","lanes":"2","tiger:name_type":null,"tiger:name_base":null,"tiger:county":null,"tiger:cfcc":null,"name":"South Original Street","is_in:state_code":"CO","is_in:state":"Colorado","is_in:city":"Aspen"},"geometry":{"type":"LineString","coordinates":[[-106.8150729,39.188106],[-106.8150428,39.1881938],[-106.8149334,39.1885125],[-106.8148333,39.1888044],[-106.8148019,39.1888959],[-106.8147768,39.1889687],[-106.814669,39.1892785],[-106.8146578,39.1893271]]}},
{"type":"Feature","properties":{"full_id":"w318096963","osm_id":"318096963","osm_type":"way","highway":"secondary","crossing:markings":null,"crossing":null,"footway":null,"maxheight":null,"oneway:bicycle":null,"bus":null,"wheelchair":null,"source:geometry":null,"operator":null,"motor_vehicle":null,"dog":null,"cycleway:both:lane":null,"parking:lanes:both":"no_parking","maxweight:signed":null,"sidewalk:both:surface":null,"turn:lanes:forward":null,"horse":null,"mtb:scale:imba":null,"wikipedia":null,"wikidata":null,"segregated":null,"tunnel":null,"layer":null,"bridge":null,"foot":null,"turn:lanes:backward":null,"source:hgv:national_network":null,"hgv:national_network":null,"hgv":null,"alt_name":null,"parking:right:orientation":null,"parking:right":null,"parking:left:orientation":null,"parking:left":null,"cycleway:right":null,"sidewalk":null,"cycleway:both":null,"bicycle":null,"tiger:name_direction_suffix":null,"tracktype":"grade1","source:maxspeed":"CDOT","smoothness":null,"parking:lane:both":null,"lanes:forward":"1","lanes:backward":"1","CDOT_route":"082A","lit":null,"sidewalk:right":null,"sidewalk:left":null,"tiger:name_type_1":null,"tiger:name_direction_prefix_1":null,"tiger:name_base_1":null,"railway":null,"old_railway_operator":null,"name_1":null,"maxspeed":"30 mph","cycleway":null,"ref":"CO 82","tiger:name_direction_prefix":null,"parking:both:orientation":null,"parking:both":"no","oneway":null,"access":null,"service":null,"tiger:reviewed":null,"surface":"asphalt","lanes":"2","tiger:name_type":null,"tiger:name_base":null,"tiger:county":null,"tiger:cfcc":null,"name":"East Cooper Avenue","is_in:state_code":"CO","is_in:state":"Colorado","is_in:city":"Aspen"},"geometry":{"type":"LineString","coordinates":[[-106.8099848,39.1861713],[-106.8101984,39.1862628],[-106.810498,39.1863513],[-106.8108042,39.1864217],[-106.8111286,39.1864892],[-106.811296,39.1865212]]}},
{"type":"Feature","properties":{"full_id":"w318096964","osm_id":"318096964","osm_type":"way","highway":"secondary","crossing:markings":null,"crossing":null,"footway":null,"maxheight":null,"oneway:bicycle":null,"bus":null,"wheelchair":null,"source:geometry":null,"operator":null,"motor_vehicle":null,"dog":null,"cycleway:both:lane":null,"parking:lanes:both":"no_parking","maxweight:signed":null,"sidewalk:both:surface":null,"turn:lanes:forward":null,"horse":null,"mtb:scale:imba":null,"wikipedia":null,"wikidata":null,"segregated":null,"tunnel":null,"layer":null,"bridge":null,"foot":null,"turn:lanes:backward":null,"source:hgv:national_network":null,"hgv:national_network":null,"hgv":null,"alt_name":null,"parking:right:orientation":null,"parking:right":null,"parking:left:orientation":null,"parking:left":null,"cycleway:right":null,"sidewalk":null,"cycleway:both":null,"bicycle":null,"tiger:name_direction_suffix":null,"tracktype":"grade1","source:maxspeed":"CDOT","smoothness":"good","parking:lane:both":null,"lanes:forward":"1","lanes:backward":"2","CDOT_route":"082A","lit":null,"sidewalk:right":null,"sidewalk:left":null,"tiger:name_type_1":null,"tiger:name_direction_prefix_1":null,"tiger:name_base_1":null,"railway":null,"old_railway_operator":null,"name_1":null,"maxspeed":"30 mph","cycleway":null,"ref":"CO 82","tiger:name_direction_prefix":null,"parking:both:orientation":null,"parking:both":"no","oneway":null,"access":null,"service":null,"tiger:reviewed":null,"surface":"asphalt","lanes":"3","tiger:name_type":null,"tiger:name_base":null,"tiger:county":null,"tiger:cfcc":null,"name":"East Cooper Avenue","is_in:state_code":"CO","is_in:state":"Colorado","is_in:city":"Aspen"},"geometry":{"type":"LineString","coordinates":[[-106.8096815,39.186007],[-106.8099848,39.1861713]]}},
{"type":"Feature","properties":{"full_id":"w318101012","osm_id":"318101012","osm_type":"way","highway":"primary","crossing:markings":null,"crossing":null,"footway":null,"maxheight":null,"oneway:bicycle":null,"bus":null,"wheelchair":null,"source:geometry":null,"operator":null,"motor_vehicle":null,"dog":null,"cycleway:both:lane":null,"parking:lanes:both":null,"maxweight:signed":null,"sidewalk:both:surface":null,"turn:lanes:forward":null,"horse":null,"mtb:scale:imba":null,"wikipedia":null,"wikidata":null,"segregated":null,"tunnel":null,"layer":null,"bridge":null,"foot":null,"turn:lanes:backward":"left|through|through","source:hgv:national_network":"CDOT \"Highway Data Explorer\"","hgv:national_network":"yes","hgv":"designated","alt_name":"State Highway 82","parking:right:orientation":null,"parking:right":null,"parking:left:orientation":null,"parking:left":null,"cycleway:right":null,"sidewalk":"both","cycleway:both":null,"bicycle":null,"tiger:name_direction_suffix":null,"tracktype":"grade1","source:maxspeed":"CDOT","smoothness":null,"parking:lane:both":"parallel","lanes:forward":"2","lanes:backward":"3","CDOT_route":"082A","lit":null,"sidewalk:right":null,"sidewalk:left":null,"tiger:name_type_1":null,"tiger:name_direction_prefix_1":null,"tiger:name_base_1":null,"railway":null,"old_railway_operator":null,"name_1":null,"maxspeed":"25 mph","cycleway":null,"ref":"CO 82","tiger:name_direction_prefix":null,"parking:both:orientation":null,"parking:both":null,"oneway":null,"access":null,"service":null,"tiger:reviewed":null,"surface":"asphalt","lanes":"5","tiger:name_type":null,"tiger:name_base":null,"tiger:county":null,"tiger:cfcc":null,"name":"East Main Street","is_in:state_code":"CO","is_in:state":"Colorado","is_in:city":"Aspen"},"geometry":{"type":"LineString","coordinates":[[-106.819217,39.1906813],[-106.8193437,39.1907076],[-106.8197945,39.1908012]]}},
{"type":"Feature","properties":{"full_id":"w318101021","osm_id":"318101021","osm_type":"way","highway":"secondary","crossing:markings":null,"crossing":null,"footway":null,"maxheight":null,"oneway:bicycle":null,"bus":null,"wheelchair":null,"source:geometry":null,"operator":null,"motor_vehicle":null,"dog":null,"cycleway:both:lane":null,"parking:lanes:both":null,"maxweight:signed":null,"sidewalk:both:surface":null,"turn:lanes:forward":"left|through|through","horse":null,"mtb:scale:imba":null,"wikipedia":null,"wikidata":null,"segregated":null,"tunnel":null,"layer":null,"bridge":null,"foot":null,"turn:lanes:backward":null,"source:hgv:national_network":"CDOT \"Highway Data Explorer\"","hgv:national_network":"yes","hgv":"designated","alt_name":"State Highway 82","parking:right:orientation":null,"parking:right":null,"parking:left:orientation":null,"parking:left":null,"cycleway:right":null,"sidewalk":"both","cycleway:both":null,"bicycle":null,"tiger:name_direction_suffix":null,"tracktype":"grade1","source:maxspeed":"CDOT","smoothness":null,"parking:lane:both":"parallel","lanes:forward":"3","lanes:backward":"2","CDOT_route":"082A","lit":null,"sidewalk:right":null,"sidewalk:left":null,"tiger:name_type_1":null,"tiger:name_direction_prefix_1":null,"tiger:name_base_1":null,"railway":null,"old_railway_operator":null,"name_1":null,"maxspeed":"25 mph","cycleway":null,"ref":"CO 82","tiger:name_direction_prefix":null,"parking:both:orientation":null,"parking:both":null,"oneway":null,"access":null,"service":null,"tiger:reviewed":null,"surface":"asphalt","lanes":"5","tiger:name_type":null,"tiger:name_base":null,"tiger:county":null,"tiger:cfcc":null,"name":"East Main Street","is_in:state_code":"CO","is_in:state":"Colorado","is_in:city":"Aspen"},"geometry":{"type":"LineString","coordinates":[[-106.8186195,39.1905577],[-106.8191068,39.1906585],[-106.819217,39.1906813]]}},
{"type":"Feature","properties":{"full_id":"w353287660","osm_id":"353287660","osm_type":"way","highway":"residential","crossing:markings":null,"crossing":null,"footway":null,"maxheight":null,"oneway:bicycle":null,"bus":null,"wheelchair":null,"source:geometry":null,"operator":null,"motor_vehicle":null,"dog":null,"cycleway:both:lane":null,"parking:lanes:both":null,"maxweight:signed":null,"sidewalk:both:surface":null,"turn:lanes:forward":null,"horse":null,"mtb:scale:imba":null,"wikipedia":null,"wikidata":null,"segregated":null,"tunnel":null,"layer":null,"bridge":null,"foot":null,"turn:lanes:backward":null,"source:hgv:national_network":null,"hgv:national_network":null,"hgv":null,"alt_name":null,"parking:right:orientation":null,"parking:right":null,"parking:left:orientation":null,"parking:left":null,"cycleway:right":null,"sidewalk":null,"cycleway:both":null,"bicycle":null,"tiger:name_direction_suffix":null,"tracktype":null,"source:maxspeed":null,"smoothness":null,"parking:lane:both":null,"lanes:forward":null,"lanes:backward":null,"CDOT_route":null,"lit":null,"sidewalk:right":null,"sidewalk:left":null,"tiger:name_type_1":null,"tiger:name_direction_prefix_1":null,"tiger:name_base_1":null,"railway":null,"old_railway_operator":null,"name_1":null,"maxspeed":null,"cycleway":null,"ref":null,"tiger:name_direction_prefix":null,"parking:both:orientation":null,"parking:both":null,"oneway":null,"access":null,"service":null,"tiger:reviewed":null,"surface":null,"lanes":null,"tiger:name_type":null,"tiger:name_base":null,"tiger:county":null,"tiger:cfcc":null,"name":"Sesame Street","is_in:state_code":null,"is_in:state":null,"is_in:city":null},"geometry":{"type":"LineString","coordinates":[[-106.8081732,39.1915689],[-106.8082962,39.1913461],[-106.8083667,39.1911755],[-106.8084499,39.1910545],[-106.8085378,39.1909449],[-106.8087551,39.1905764]]}},
{"type":"Feature","properties":{"full_id":"w421800084","osm_id":"421800084","osm_type":"way","highway":"pedestrian","crossing:markings":null,"crossing":null,"footway":null,"maxheight":null,"oneway:bicycle":null,"bus":null,"wheelchair":null,"source:geometry":null,"operator":null,"motor_vehicle":null,"dog":null,"cycleway:both:lane":null,"parking:lanes:both":null,"maxweight:signed":null,"sidewalk:both:surface":null,"turn:lanes:forward":null,"horse":null,"mtb:scale:imba":null,"wikipedia":null,"wikidata":null,"segregated":null,"tunnel":null,"layer":null,"bridge":null,"foot":null,"turn:lanes:backward":null,"source:hgv:national_network":null,"hgv:national_network":null,"hgv":null,"alt_name":null,"parking:right:orientation":null,"parking:right":null,"parking:left:orientation":null,"parking:left":null,"cycleway:right":null,"sidewalk":null,"cycleway:both":null,"bicycle":null,"tiger:name_direction_suffix":null,"tracktype":null,"source:maxspeed":null,"smoothness":null,"parking:lane:both":null,"lanes:forward":null,"lanes:backward":null,"CDOT_route":null,"lit":"yes","sidewalk:right":null,"sidewalk:left":null,"tiger:name_type_1":null,"tiger:name_direction_prefix_1":null,"tiger:name_base_1":null,"railway":null,"old_railway_operator":null,"name_1":null,"maxspeed":null,"cycleway":null,"ref":null,"tiger:name_direction_prefix":null,"parking:both:orientation":null,"parking:both":null,"oneway":null,"access":null,"service":null,"tiger:reviewed":null,"surface":"paving_stones","lanes":null,"tiger:name_type":null,"tiger:name_base":null,"tiger:county":null,"tiger:cfcc":null,"name":"East Cooper Avenue","is_in:state_code":null,"is_in:state":null,"is_in:city":null},"geometry":{"type":"LineString","coordinates":[[-106.8188072,39.1880852],[-106.8188767,39.1880526],[-106.8200262,39.1882939]]}},
{"type":"Feature","properties":{"full_id":"w421800086","osm_id":"421800086","osm_type":"way","highway":"pedestrian","crossing:markings":null,"crossing":null,"footway":null,"maxheight":null,"oneway:bicycle":null,"bus":null,"wheelchair":null,"source:geometry":null,"operator":null,"motor_vehicle":null,"dog":null,"cycleway:both:lane":null,"parking:lanes:both":null,"maxweight:signed":null,"sidewalk:both:surface":null,"turn:lanes:forward":null,"horse":null,"mtb:scale:imba":null,"wikipedia":null,"wikidata":null,"segregated":null,"tunnel":null,"layer":null,"bridge":null,"foot":null,"turn:lanes:backward":null,"source:hgv:national_network":null,"hgv:national_network":null,"hgv":null,"alt_name":null,"parking:right:orientation":null,"parking:right":null,"parking:left:orientation":null,"parking:left":null,"cycleway:right":null,"sidewalk":null,"cycleway:both":null,"bicycle":null,"tiger:name_direction_suffix":null,"tracktype":null,"source:maxspeed":null,"smoothness":null,"parking:lane:both":null,"lanes:forward":null,"lanes:backward":null,"CDOT_route":null,"lit":null,"sidewalk:right":null,"sidewalk:left":null,"tiger:name_type_1":null,"tiger:name_direction_prefix_1":null,"tiger:name_base_1":null,"railway":null,"old_railway_operator":null,"name_1":null,"maxspeed":null,"cycleway":null,"ref":null,"tiger:name_direction_prefix":null,"parking:both:orientation":null,"parking:both":null,"oneway":null,"access":null,"service":null,"tiger:reviewed":null,"surface":"paving_stones","lanes":null,"tiger:name_type":null,"tiger:name_base":null,"tiger:county":null,"tiger:cfcc":null,"name":null,"is_in:state_code":null,"is_in:state":null,"is_in:city":null},"geometry":{"type":"LineString","coordinates":[[-106.819762,39.189068],[-106.8196757,39.189051],[-106.8187083,39.18886],[-106.8186008,39.1888388]]}},
{"type":"Feature","properties":{"full_id":"w422887553","osm_id":"422887553","osm_type":"way","highway":"unclassified","crossing:markings":null,"crossing":null,"footway":null,"maxheight":null,"oneway:bicycle":null,"bus":null,"wheelchair":null,"source:geometry":null,"operator":null,"motor_vehicle":null,"dog":null,"cycleway:both:lane":null,"parking:lanes:both":null,"maxweight:signed":null,"sidewalk:both:surface":null,"turn:lanes:forward":null,"horse":null,"mtb:scale:imba":null,"wikipedia":null,"wikidata":null,"segregated":null,"tunnel":null,"layer":null,"bridge":null,"foot":null,"turn:lanes:backward":null,"source:hgv:national_network":null,"hgv:national_network":null,"hgv":null,"alt_name":null,"parking:right:orientation":null,"parking:right":null,"parking:left:orientation":null,"parking:left":null,"cycleway:right":null,"sidewalk":null,"cycleway:both":null,"bicycle":null,"tiger:name_direction_suffix":null,"tracktype":null,"source:maxspeed":null,"smoothness":null,"parking:lane:both":null,"lanes:forward":null,"lanes:backward":null,"CDOT_route":null,"lit":null,"sidewalk:right":null,"sidewalk:left":null,"tiger:name_type_1":null,"tiger:name_direction_prefix_1":null,"tiger:name_base_1":null,"railway":null,"old_railway_operator":null,"name_1":null,"maxspeed":null,"cycleway":null,"ref":"CR 21","tiger:name_direction_prefix":null,"parking:both:orientation":null,"parking:both":null,"oneway":null,"access":null,"service":null,"tiger:reviewed":null,"surface":"asphalt","lanes":null,"tiger:name_type":null,"tiger:name_base":null,"tiger:county":null,"tiger:cfcc":null,"name":"Smuggler Mountain Road","is_in:state_code":null,"is_in:state":null,"is_in:city":null},"geometry":{"type":"LineString","coordinates":[[-106.8086473,39.191462],[-106.8086091,39.1914778],[-106.8085744,39.1914921],[-106.8085427,39.1915257],[-106.8085245,39.1915775],[-106.808507,39.1917436],[-106.8084379,39.1918786],[-106.8083352,39.1919694]]}},
{"type":"Feature","properties":{"full_id":"w422887554","osm_id":"422887554","osm_type":"way","highway":"footway","crossing:markings":null,"crossing":null,"footway":null,"maxheight":null,"oneway:bicycle":null,"bus":null,"wheelchair":null,"source:geometry":null,"operator":null,"motor_vehicle":null,"dog":null,"cycleway:both:lane":null,"parking:lanes:both":null,"maxweight:signed":null,"sidewalk:both:surface":null,"turn:lanes:forward":null,"horse":null,"mtb:scale:imba":null,"wikipedia":null,"wikidata":null,"segregated":null,"tunnel":null,"layer":null,"bridge":null,"foot":null,"turn:lanes:backward":null,"source:hgv:national_network":null,"hgv:national_network":null,"hgv":null,"alt_name":null,"parking:right:orientation":null,"parking:right":null,"parking:left:orientation":null,"parking:left":null,"cycleway:right":null,"sidewalk":null,"cycleway:both":null,"bicycle":null,"tiger:name_direction_suffix":null,"tracktype":null,"source:maxspeed":null,"smoothness":null,"parking:lane:both":null,"lanes:forward":null,"lanes:backward":null,"CDOT_route":null,"lit":null,"sidewalk:right":null,"sidewalk:left":null,"tiger:name_type_1":null,"tiger:name_direction_prefix_1":null,"tiger:name_base_1":null,"railway":null,"old_railway_operator":null,"name_1":null,"maxspeed":null,"cycleway":null,"ref":null,"tiger:name_direction_prefix":null,"parking:both:orientation":null,"parking:both":null,"oneway":null,"access":null,"service":null,"tiger:reviewed":null,"surface":null,"lanes":null,"tiger:name_type":null,"tiger:name_base":null,"tiger:county":null,"tiger:cfcc":null,"name":null,"is_in:state_code":null,"is_in:state":null,"is_in:city":null},"geometry":{"type":"LineString","coordinates":[[-106.8103625,39.1918976],[-106.8102958,39.1919654],[-106.8102708,39.1919918]]}},
{"type":"Feature","properties":{"full_id":"w422887556","osm_id":"422887556","osm_type":"way","highway":"path","crossing:markings":null,"crossing":null,"footway":null,"maxheight":null,"oneway:bicycle":null,"bus":null,"wheelchair":null,"source:geometry":null,"operator":null,"motor_vehicle":null,"dog":null,"cycleway:both:lane":null,"parking:lanes:both":null,"maxweight:signed":null,"sidewalk:both:surface":null,"turn:lanes:forward":null,"horse":null,"mtb:scale:imba":null,"wikipedia":null,"wikidata":null,"segregated":null,"tunnel":null,"layer":null,"bridge":null,"foot":null,"turn:lanes:backward":null,"source:hgv:national_network":null,"hgv:national_network":null,"hgv":null,"alt_name":null,"parking:right:orientation":null,"parking:right":null,"parking:left:orientation":null,"parking:left":null,"cycleway:right":null,"sidewalk":null,"cycleway:both":null,"bicycle":null,"tiger:name_direction_suffix":null,"tracktype":null,"source:maxspeed":null,"smoothness":null,"parking:lane:both":null,"lanes:forward":null,"lanes:backward":null,"CDOT_route":null,"lit":null,"sidewalk:right":null,"sidewalk:left":null,"tiger:name_type_1":null,"tiger:name_direction_prefix_1":null,"tiger:name_base_1":null,"railway":null,"old_railway_operator":null,"name_1":null,"maxspeed":null,"cycleway":null,"ref":null,"tiger:name_direction_prefix":null,"parking:both:orientation":null,"parking:both":null,"oneway":null,"access":null,"service":null,"tiger:reviewed":null,"surface":null,"lanes":null,"tiger:name_type":null,"tiger:name_base":null,"tiger:county":null,"tiger:cfcc":null,"name":null,"is_in:state_code":null,"is_in:state":null,"is_in:city":null},"geometry":{"type":"LineString","coordinates":[[-106.8100955,39.192205],[-106.8099956,39.1922234],[-106.8098638,39.1922748],[-106.8097627,39.1922935],[-106.8096292,39.1923611]]}},
{"type":"Feature","properties":{"full_id":"w571044268","osm_id":"571044268","osm_type":"way","highway":"residential","crossing:markings":null,"crossing":null,"footway":null,"maxheight":null,"oneway:bicycle":null,"bus":null,"wheelchair":null,"source:geometry":null,"operator":null,"motor_vehicle":null,"dog":null,"cycleway:both:lane":null,"parking:lanes:both":null,"maxweight:signed":null,"sidewalk:both:surface":null,"turn:lanes:forward":null,"horse":null,"mtb:scale:imba":null,"wikipedia":null,"wikidata":null,"segregated":null,"tunnel":null,"layer":null,"bridge":null,"foot":null,"turn:lanes:backward":null,"source:hgv:national_network":null,"hgv:national_network":null,"hgv":null,"alt_name":null,"parking:right:orientation":null,"parking:right":null,"parking:left:orientation":null,"parking:left":null,"cycleway:right":null,"sidewalk":null,"cycleway:both":null,"bicycle":null,"tiger:name_direction_suffix":null,"tracktype":null,"source:maxspeed":null,"smoothness":null,"parking:lane:both":null,"lanes:forward":null,"lanes:backward":null,"CDOT_route":null,"lit":null,"sidewalk:right":null,"sidewalk:left":null,"tiger:name_type_1":null,"tiger:name_direction_prefix_1":null,"tiger:name_base_1":null,"railway":null,"old_railway_operator":null,"name_1":null,"maxspeed":null,"cycleway":null,"ref":null,"tiger:name_direction_prefix":null,"parking:both:orientation":null,"parking:both":null,"oneway":"yes","access":null,"service":null,"tiger:reviewed":null,"surface":"asphalt","lanes":null,"tiger:name_type":null,"tiger:name_base":null,"tiger:county":"Pitkin, CO","tiger:cfcc":"A41","name":null,"is_in:state_code":"CO","is_in:state":"Colorado","is_in:city":"Aspen"},"geometry":{"type":"LineString","coordinates":[[-106.81796,39.1909262],[-106.8179713,39.1909061],[-106.8179735,39.1908859],[-106.8179676,39.1908661],[-106.8179542,39.1908487],[-106.8179344,39.1908354],[-106.8179104,39.1908274],[-106.8178824,39.1908256],[-106.8178551,39.1908311],[-106.8178318,39.1908432],[-106.8178149,39.1908607],[-106.8178064,39.1908815],[-106.8178072,39.1909033],[-106.8178173,39.1909237],[-106.8178356,39.1909404],[-106.8178601,39.1909515],[-106.8178878,39.1909556],[-106.8179158,39.1909524],[-106.8179408,39.1909422],[-106.81796,39.1909262]]}},
{"type":"Feature","properties":{"full_id":"w571138344","osm_id":"571138344","osm_type":"way","highway":"residential","crossing:markings":null,"crossing":null,"footway":null,"maxheight":null,"oneway:bicycle":null,"bus":null,"wheelchair":null,"source:geometry":null,"operator":null,"motor_vehicle":null,"dog":null,"cycleway:both:lane":null,"parking:lanes:both":null,"maxweight:signed":null,"sidewalk:both:surface":null,"turn:lanes:forward":null,"horse":null,"mtb:scale:imba":null,"wikipedia":null,"wikidata":null,"segregated":null,"tunnel":null,"layer":null,"bridge":null,"foot":null,"turn:lanes:backward":null,"source:hgv:national_network":null,"hgv:national_network":null,"hgv":null,"alt_name":null,"parking:right:orientation":null,"parking:right":null,"parking:left:orientation":null,"parking:left":null,"cycleway:right":null,"sidewalk":null,"cycleway:both":null,"bicycle":null,"tiger:name_direction_suffix":null,"tracktype":null,"source:maxspeed":null,"smoothness":null,"parking:lane:both":null,"lanes:forward":null,"lanes:backward":null,"CDOT_route":null,"lit":null,"sidewalk:right":null,"sidewalk:left":null,"tiger:name_type_1":null,"tiger:name_direction_prefix_1":null,"tiger:name_base_1":null,"railway":null,"old_railway_operator":null,"name_1":null,"maxspeed":null,"cycleway":null,"ref":null,"tiger:name_direction_prefix":null,"parking:both:orientation":null,"parking:both":null,"oneway":null,"access":"private","service":null,"tiger:reviewed":null,"surface":"paved","lanes":"2","tiger:name_type":"Rd","tiger:name_base":"Crystal Lake","tiger:county":"Pitkin, CO","tiger:cfcc":"A41","name":"Crystal Lake Road","is_in:state_code":"CO","is_in:state":"Colorado","is_in:city":"Aspen"},"geometry":{"type":"LineString","coordinates":[[-106.8075067,39.182029],[-106.8076925,39.1820447],[-106.8082502,39.1820919],[-106.808454,39.1821382],[-106.8085674,39.1821858],[-106.8086817,39.1822424],[-106.8087786,39.1823391],[-106.8088507,39.1824324],[-106.8089556,39.1825659],[-106.8090474,39.1826395],[-106.8091919,39.1827024],[-106.8093901,39.1827807],[-106.8095649,39.1828717],[-106.8096806,39.1829754],[-106.8098132,39.1831109],[-106.809872,39.1831476],[-106.8099335,39.1831625],[-106.8100211,39.1831589],[-106.8102151,39.1831113],[-106.8103705,39.1830593],[-106.8105002,39.1830028],[-106.8103651,39.182708],[-106.8103312,39.1826521],[-106.8102715,39.1826031],[-106.8101766,39.1825641],[-106.8100717,39.1825427],[-106.8100082,39.1825404],[-106.809944,39.1825496],[-106.8091919,39.1827024],[-106.8088708,39.1827613],[-106.8087262,39.1828093],[-106.8085752,39.1828947],[-106.8084325,39.1830219],[-106.8082088,39.1832346],[-106.8080817,39.1833375],[-106.8078359,39.1835023],[-106.8076654,39.1836169],[-106.807525,39.18369]]}},
{"type":"Feature","properties":{"full_id":"w571139575","osm_id":"571139575","osm_type":"way","highway":"service","crossing:markings":null,"crossing":null,"footway":null,"maxheight":null,"oneway:bicycle":null,"bus":null,"wheelchair":null,"source:geometry":null,"operator":null,"motor_vehicle":null,"dog":null,"cycleway:both:lane":null,"parking:lanes:both":null,"maxweight:signed":null,"sidewalk:both:surface":null,"turn:lanes:forward":null,"horse":null,"mtb:scale:imba":null,"wikipedia":null,"wikidata":null,"segregated":null,"tunnel":null,"layer":null,"bridge":null,"foot":null,"turn:lanes:backward":null,"source:hgv:national_network":null,"hgv:national_network":null,"hgv":null,"alt_name":null,"parking:right:orientation":null,"parking:right":null,"parking:left:orientation":null,"parking:left":null,"cycleway:right":null,"sidewalk":null,"cycleway:both":null,"bicycle":null,"tiger:name_direction_suffix":null,"tracktype":null,"source:maxspeed":null,"smoothness":null,"parking:lane:both":null,"lanes:forward":null,"lanes:backward":null,"CDOT_route":null,"lit":null,"sidewalk:right":null,"sidewalk:left":null,"tiger:name_type_1":null,"tiger:name_direction_prefix_1":null,"tiger:name_base_1":null,"railway":"razed","old_railway_operator":"Colorado Midland Railway","name_1":null,"maxspeed":null,"cycleway":null,"ref":null,"tiger:name_direction_prefix":null,"parking:both:orientation":null,"parking:both":null,"oneway":null,"access":null,"service":"alley","tiger:reviewed":null,"surface":null,"lanes":null,"tiger:name_type":null,"tiger:name_base":null,"tiger:county":null,"tiger:cfcc":null,"name":null,"is_in:state_code":null,"is_in:state":null,"is_in:city":null},"geometry":{"type":"LineString","coordinates":[[-106.8145644,39.1859216],[-106.8144526,39.1858979],[-106.8135652,39.1857099]]}},
{"type":"Feature","properties":{"full_id":"w632117911","osm_id":"632117911","osm_type":"way","highway":"residential","crossing:markings":null,"crossing":null,"footway":null,"maxheight":null,"oneway:bicycle":null,"bus":null,"wheelchair":null,"source:geometry":null,"operator":null,"motor_vehicle":null,"dog":null,"cycleway:both:lane":null,"parking:lanes:both":null,"maxweight:signed":null,"sidewalk:both:surface":null,"turn:lanes:forward":null,"horse":null,"mtb:scale:imba":null,"wikipedia":null,"wikidata":null,"segregated":null,"tunnel":null,"layer":null,"bridge":null,"foot":null,"turn:lanes:backward":null,"source:hgv:national_network":null,"hgv:national_network":null,"hgv":null,"alt_name":null,"parking:right:orientation":null,"parking:right":null,"parking:left:orientation":null,"parking:left":null,"cycleway:right":null,"sidewalk":null,"cycleway:both":null,"bicycle":null,"tiger:name_direction_suffix":null,"tracktype":null,"source:maxspeed":null,"smoothness":null,"parking:lane:both":null,"lanes:forward":null,"lanes:backward":null,"CDOT_route":null,"lit":"yes","sidewalk:right":null,"sidewalk:left":null,"tiger:name_type_1":null,"tiger:name_direction_prefix_1":null,"tiger:name_base_1":"State Highway 82","railway":null,"old_railway_operator":null,"name_1":null,"maxspeed":null,"cycleway":null,"ref":null,"tiger:name_direction_prefix":"E","parking:both:orientation":null,"parking:both":null,"oneway":"yes","access":null,"service":null,"tiger:reviewed":"no","surface":"asphalt","lanes":null,"tiger:name_type":"Ave","tiger:name_base":"Cooper","tiger:county":"Pitkin, CO","tiger:cfcc":"A41","name":"East Cooper Avenue","is_in:state_code":"CO","is_in:state":"Colorado","is_in:city":"Aspen"},"geometry":{"type":"LineString","coordinates":[[-106.8188072,39.1880852],[-106.8187735,39.1880509],[-106.8187526,39.1880398],[-106.8187319,39.1880288],[-106.8177968,39.1878297],[-106.8176823,39.1878053]]}},
{"type":"Feature","properties":{"full_id":"w632117915","osm_id":"632117915","osm_type":"way","highway":"residential","crossing:markings":null,"crossing":null,"footway":null,"maxheight":null,"oneway:bicycle":null,"bus":null,"wheelchair":null,"source:geometry":null,"operator":null,"motor_vehicle":null,"dog":null,"cycleway:both:lane":null,"parking:lanes:both":null,"maxweight:signed":null,"sidewalk:both:surface":null,"turn:lanes:forward":null,"horse":null,"mtb:scale:imba":null,"wikipedia":null,"wikidata":null,"segregated":null,"tunnel":null,"layer":null,"bridge":null,"foot":null,"turn:lanes:backward":null,"source:hgv:national_network":null,"hgv:national_network":null,"hgv":null,"alt_name":null,"parking:right:orientation":null,"parking:right":null,"parking:left:orientation":null,"parking:left":null,"cycleway:right":null,"sidewalk":null,"cycleway:both":null,"bicycle":null,"tiger:name_direction_suffix":null,"tracktype":null,"source:maxspeed":null,"smoothness":null,"parking:lane:both":null,"lanes:forward":null,"lanes:backward":null,"CDOT_route":null,"lit":null,"sidewalk:right":null,"sidewalk:left":null,"tiger:name_type_1":null,"tiger:name_direction_prefix_1":null,"tiger:name_base_1":"State Highway 82","railway":null,"old_railway_operator":null,"name_1":null,"maxspeed":null,"cycleway":null,"ref":null,"tiger:name_direction_prefix":"S","parking:both:orientation":null,"parking:both":null,"oneway":null,"access":null,"service":null,"tiger:reviewed":"no","surface":"asphalt","lanes":null,"tiger:name_type":"St","tiger:name_base":"Galena","tiger:county":"Pitkin, CO","tiger:cfcc":"A31","name":"South Galena Street","is_in:state_code":"CO","is_in:state":"Colorado","is_in:city":"Aspen"},"geometry":{"type":"LineString","coordinates":[[-106.8183365,39.1896169],[-106.8183041,39.189709],[-106.8181967,39.1900146],[-106.8180999,39.1903147],[-106.818059,39.1904417]]}},
{"type":"Feature","properties":{"full_id":"w665377197","osm_id":"665377197","osm_type":"way","highway":"tertiary","crossing:markings":null,"crossing":null,"footway":null,"maxheight":null,"oneway:bicycle":null,"bus":null,"wheelchair":null,"source:geometry":null,"operator":null,"motor_vehicle":null,"dog":null,"cycleway:both:lane":"pictogram","parking:lanes:both":null,"maxweight:signed":null,"sidewalk:both:surface":null,"turn:lanes:forward":null,"horse":null,"mtb:scale:imba":null,"wikipedia":null,"wikidata":null,"segregated":null,"tunnel":null,"layer":null,"bridge":null,"foot":null,"turn:lanes:backward":null,"source:hgv:national_network":null,"hgv:national_network":null,"hgv":null,"alt_name":null,"parking:right:orientation":"parallel","parking:right":"lane","parking:left:orientation":"diagonal","parking:left":"street_side","cycleway:right":null,"sidewalk":null,"cycleway:both":"shared_lane","bicycle":null,"tiger:name_direction_suffix":null,"tracktype":null,"source:maxspeed":null,"smoothness":"excellent","parking:lane:both":null,"lanes:forward":null,"lanes:backward":null,"CDOT_route":null,"lit":null,"sidewalk:right":null,"sidewalk:left":null,"tiger:name_type_1":null,"tiger:name_direction_prefix_1":null,"tiger:name_base_1":null,"railway":null,"old_railway_operator":null,"name_1":null,"maxspeed":null,"cycleway":null,"ref":null,"tiger:name_direction_prefix":"E","parking:both:orientation":null,"parking:both":null,"oneway":null,"access":null,"service":null,"tiger:reviewed":"no","surface":"asphalt","lanes":null,"tiger:name_type":"Ave","tiger:name_base":"Durant","tiger:county":"Pitkin, CO","tiger:cfcc":"A41","name":"East Durant Avenue","is_in:state_code":"CO","is_in:state":"Colorado","is_in:city":"Aspen"},"geometry":{"type":"LineString","coordinates":[[-106.8156083,39.1865418],[-106.8157277,39.186567],[-106.8166052,39.1867525],[-106.8167825,39.1867898],[-106.816864,39.1868231],[-106.817005,39.1868541],[-106.8179397,39.1870406],[-106.819154,39.1872813],[-106.820303,39.1875192],[-106.8213826,39.1877441],[-106.8214855,39.1877655],[-106.8216062,39.187789],[-106.8225628,39.1879753],[-106.8226719,39.1879965]]}},
{"type":"Feature","properties":{"full_id":"w665378453","osm_id":"665378453","osm_type":"way","highway":"service","crossing:markings":null,"crossing":null,"footway":null,"maxheight":null,"oneway:bicycle":null,"bus":null,"wheelchair":null,"source:geometry":null,"operator":null,"motor_vehicle":null,"dog":null,"cycleway:both:lane":null,"parking:lanes:both":null,"maxweight:signed":null,"sidewalk:both:surface":null,"turn:lanes:forward":null,"horse":null,"mtb:scale:imba":null,"wikipedia":null,"wikidata":null,"segregated":null,"tunnel":null,"layer":null,"bridge":null,"foot":null,"turn:lanes:backward":null,"source:hgv:national_network":null,"hgv:national_network":null,"hgv":null,"alt_name":null,"parking:right:orientation":null,"parking:right":null,"parking:left:orientation":null,"parking:left":null,"cycleway:right":null,"sidewalk":null,"cycleway:both":null,"bicycle":null,"tiger:name_direction_suffix":null,"tracktype":null,"source:maxspeed":null,"smoothness":null,"parking:lane:both":null,"lanes:forward":null,"lanes:backward":null,"CDOT_route":null,"lit":null,"sidewalk:right":null,"sidewalk:left":null,"tiger:name_type_1":null,"tiger:name_direction_prefix_1":null,"tiger:name_base_1":null,"railway":null,"old_railway_operator":null,"name_1":null,"maxspeed":null,"cycleway":null,"ref":null,"tiger:name_direction_prefix":null,"parking:both:orientation":null,"parking:both":null,"oneway":null,"access":null,"service":"driveway","tiger:reviewed":null,"surface":null,"lanes":null,"tiger:name_type":null,"tiger:name_base":null,"tiger:county":null,"tiger:cfcc":null,"name":null,"is_in:state_code":null,"is_in:state":null,"is_in:city":null},"geometry":{"type":"LineString","coordinates":[[-106.8140724,39.1848931],[-106.8141482,39.1846403],[-106.8141388,39.1846123],[-106.814112,39.1845842],[-106.8140167,39.1845501],[-106.813935,39.1845208],[-106.8138974,39.1844948],[-106.813884,39.1844615],[-106.8138854,39.1844262],[-106.8140973,39.1839064]]}},
{"type":"Feature","properties":{"full_id":"w665378454","osm_id":"665378454","osm_type":"way","highway":"service","crossing:markings":null,"crossing":null,"footway":null,"maxheight":null,"oneway:bicycle":null,"bus":null,"wheelchair":null,"source:geometry":null,"operator":null,"motor_vehicle":null,"dog":null,"cycleway:both:lane":null,"parking:lanes:both":null,"maxweight:signed":null,"sidewalk:both:surface":null,"turn:lanes:forward":null,"horse":null,"mtb:scale:imba":null,"wikipedia":null,"wikidata":null,"segregated":null,"tunnel":null,"layer":null,"bridge":null,"foot":null,"turn:lanes:backward":null,"source:hgv:national_network":null,"hgv:national_network":null,"hgv":null,"alt_name":null,"parking:right:orientation":null,"parking:right":null,"parking:left:orientation":null,"parking:left":null,"cycleway:right":null,"sidewalk":null,"cycleway:both":null,"bicycle":null,"tiger:name_direction_suffix":null,"tracktype":null,"source:maxspeed":null,"smoothness":null,"parking:lane:both":null,"lanes:forward":null,"lanes:backward":null,"CDOT_route":null,"lit":null,"sidewalk:right":null,"sidewalk:left":null,"tiger:name_type_1":null,"tiger:name_direction_prefix_1":null,"tiger:name_base_1":null,"railway":null,"old_railway_operator":null,"name_1":null,"maxspeed":null,"cycleway":null,"ref":null,"tiger:name_direction_prefix":null,"parking:both:orientation":null,"parking:both":null,"oneway":null,"access":null,"service":"driveway","tiger:reviewed":null,"surface":null,"lanes":null,"tiger:name_type":null,"tiger:name_base":null,"tiger:county":null,"tiger:cfcc":null,"name":null,"is_in:state_code":null,"is_in:state":null,"is_in:city":null},"geometry":{"type":"LineString","coordinates":[[-106.8140167,39.1845501],[-106.8142649,39.1839064]]}},
{"type":"Feature","properties":{"full_id":"w665483617","osm_id":"665483617","osm_type":"way","highway":"footway","crossing:markings":null,"crossing":null,"footway":null,"maxheight":null,"oneway:bicycle":null,"bus":null,"wheelchair":null,"source:geometry":null,"operator":null,"motor_vehicle":null,"dog":null,"cycleway:both:lane":null,"parking:lanes:both":null,"maxweight:signed":null,"sidewalk:both:surface":null,"turn:lanes:forward":null,"horse":null,"mtb:scale:imba":null,"wikipedia":null,"wikidata":null,"segregated":null,"tunnel":null,"layer":null,"bridge":null,"foot":null,"turn:lanes:backward":null,"source:hgv:national_network":null,"hgv:national_network":null,"hgv":null,"alt_name":null,"parking:right:orientation":null,"parking:right":null,"parking:left:orientation":null,"parking:left":null,"cycleway:right":null,"sidewalk":null,"cycleway:both":null,"bicycle":null,"tiger:name_direction_suffix":null,"tracktype":null,"source:maxspeed":null,"smoothness":null,"parking:lane:both":null,"lanes:forward":null,"lanes:backward":null,"CDOT_route":null,"lit":null,"sidewalk:right":null,"sidewalk:left":null,"tiger:name_type_1":null,"tiger:name_direction_prefix_1":null,"tiger:name_base_1":null,"railway":null,"old_railway_operator":null,"name_1":null,"maxspeed":null,"cycleway":null,"ref":null,"tiger:name_direction_prefix":null,"parking:both:orientation":null,"parking:both":null,"oneway":null,"access":null,"service":null,"tiger:reviewed":null,"surface":"paved","lanes":null,"tiger:name_type":null,"tiger:name_base":null,"tiger:county":null,"tiger:cfcc":null,"name":"Aspen Club Trail","is_in:state_code":"CO","is_in:state":"Colorado","is_in:city":"Aspen"},"geometry":{"type":"LineString","coordinates":[[-106.8098552,39.1818736],[-106.8098592,39.1819795]]}},
{"type":"Feature","properties":{"full_id":"w665483618","osm_id":"665483618","osm_type":"way","highway":"cycleway","crossing:markings":null,"crossing":null,"footway":null,"maxheight":null,"oneway:bicycle":null,"bus":null,"wheelchair":"yes","source:geometry":"Strava Global Heatmap","operator":"City of Aspen","motor_vehicle":"no","dog":"leashed","cycleway:both:lane":null,"parking:lanes:both":null,"maxweight:signed":null,"sidewalk:both:surface":null,"turn:lanes:forward":null,"horse":"no","mtb:scale:imba":null,"wikipedia":null,"wikidata":null,"segregated":null,"tunnel":null,"layer":null,"bridge":null,"foot":"yes","turn:lanes:backward":null,"source:hgv:national_network":null,"hgv:national_network":null,"hgv":null,"alt_name":"Ute Avenue Trail","parking:right:orientation":null,"parking:right":null,"parking:left:orientation":null,"parking:left":null,"cycleway:right":null,"sidewalk":null,"cycleway:both":null,"bicycle":"yes","tiger:name_direction_suffix":null,"tracktype":null,"source:maxspeed":null,"smoothness":null,"parking:lane:both":null,"lanes:forward":null,"lanes:backward":null,"CDOT_route":null,"lit":null,"sidewalk:right":null,"sidewalk:left":null,"tiger:name_type_1":null,"tiger:name_direction_prefix_1":null,"tiger:name_base_1":null,"railway":null,"old_railway_operator":null,"name_1":null,"maxspeed":null,"cycleway":null,"ref":null,"tiger:name_direction_prefix":null,"parking:both:orientation":null,"parking:both":null,"oneway":null,"access":null,"service":null,"tiger:reviewed":null,"surface":"asphalt","lanes":null,"tiger:name_type":null,"tiger:name_base":null,"tiger:county":null,"tiger:cfcc":null,"name":"Aspen Club Trail","is_in:state_code":null,"is_in:state":null,"is_in:city":null},"geometry":{"type":"LineString","coordinates":[[-106.8114167,39.1812518],[-106.8113364,39.1812922],[-106.8112808,39.1813691],[-106.8112338,39.1815113],[-106.8112097,39.1816753],[-106.8111645,39.181799],[-106.8110609,39.181891],[-106.8109954,39.1819238],[-106.8109313,39.1819381],[-106.8108461,39.1819375],[-106.8107016,39.1819209],[-106.8104026,39.1819222],[-106.8102561,39.1819323],[-106.810139,39.1819278],[-106.8100007,39.1819146],[-106.8099181,39.181902],[-106.8098552,39.1818736],[-106.8097956,39.1818337],[-106.8096824,39.1817803],[-106.8095088,39.1817209],[-106.8094375,39.181685],[-106.8092819,39.1815937],[-106.8091104,39.1815191],[-106.8090503,39.1814958],[-106.8090026,39.1814864],[-106.8089674,39.181481],[-106.8089398,39.181483]]}},
{"type":"Feature","properties":{"full_id":"w665483619","osm_id":"665483619","osm_type":"way","highway":"cycleway","crossing:markings":null,"crossing":null,"footway":null,"maxheight":null,"oneway:bicycle":null,"bus":null,"wheelchair":null,"source:geometry":null,"operator":null,"motor_vehicle":null,"dog":null,"cycleway:both:lane":null,"parking:lanes:both":null,"maxweight:signed":null,"sidewalk:both:surface":null,"turn:lanes:forward":null,"horse":null,"mtb:scale:imba":null,"wikipedia":null,"wikidata":null,"segregated":null,"tunnel":null,"layer":null,"bridge":null,"foot":null,"turn:lanes:backward":null,"source:hgv:national_network":null,"hgv:national_network":null,"hgv":null,"alt_name":null,"parking:right:orientation":null,"parking:right":null,"parking:left:orientation":null,"parking:left":null,"cycleway:right":null,"sidewalk":null,"cycleway:both":null,"bicycle":null,"tiger:name_direction_suffix":null,"tracktype":null,"source:maxspeed":null,"smoothness":null,"parking:lane:both":null,"lanes:forward":null,"lanes:backward":null,"CDOT_route":null,"lit":null,"sidewalk:right":null,"sidewalk:left":null,"tiger:name_type_1":null,"tiger:name_direction_prefix_1":null,"tiger:name_base_1":null,"railway":null,"old_railway_operator":null,"name_1":null,"maxspeed":null,"cycleway":null,"ref":null,"tiger:name_direction_prefix":null,"parking:both:orientation":null,"parking:both":null,"oneway":null,"access":null,"service":null,"tiger:reviewed":null,"surface":"asphalt","lanes":null,"tiger:name_type":null,"tiger:name_base":null,"tiger:county":null,"tiger:cfcc":null,"name":"Ute Avenue Trail","is_in:state_code":null,"is_in:state":null,"is_in:city":null},"geometry":{"type":"LineString","coordinates":[[-106.8148857,39.1838448],[-106.8145542,39.1835182],[-106.8144736,39.1834435],[-106.814395,39.1833687],[-106.8143196,39.1832686],[-106.8141343,39.1829872],[-106.8140429,39.1828282],[-106.8139517,39.1826627],[-106.8138969,39.1825528],[-106.8138569,39.1824531],[-106.8138363,39.182407],[-106.8138157,39.1823816],[-106.8137636,39.182331],[-106.8136912,39.1822621],[-106.8136223,39.1822121],[-106.8135234,39.1821581],[-106.8134335,39.1821305],[-106.8132126,39.1820702],[-106.8130483,39.1820031],[-106.8128473,39.1818832],[-106.8126847,39.181761],[-106.8125822,39.1816896],[-106.8124897,39.181645],[-106.8123507,39.181599],[-106.8121926,39.1815698],[-106.8120595,39.1815409],[-106.8119746,39.1814986],[-106.8116332,39.1813284],[-106.8115657,39.181303],[-106.8114883,39.1812739],[-106.8114167,39.1812518],[-106.8113681,39.1812175],[-106.8113503,39.1811633]]}},
{"type":"Feature","properties":{"full_id":"w665483620","osm_id":"665483620","osm_type":"way","highway":"cycleway","crossing:markings":null,"crossing":null,"footway":null,"maxheight":null,"oneway:bicycle":null,"bus":null,"wheelchair":null,"source:geometry":null,"operator":null,"motor_vehicle":null,"dog":null,"cycleway:both:lane":null,"parking:lanes:both":null,"maxweight:signed":null,"sidewalk:both:surface":null,"turn:lanes:forward":null,"horse":null,"mtb:scale:imba":null,"wikipedia":null,"wikidata":null,"segregated":null,"tunnel":null,"layer":null,"bridge":null,"foot":null,"turn:lanes:backward":null,"source:hgv:national_network":null,"hgv:national_network":null,"hgv":null,"alt_name":null,"parking:right:orientation":null,"parking:right":null,"parking:left:orientation":null,"parking:left":null,"cycleway:right":null,"sidewalk":null,"cycleway:both":null,"bicycle":null,"tiger:name_direction_suffix":null,"tracktype":null,"source:maxspeed":null,"smoothness":"good","parking:lane:both":null,"lanes:forward":null,"lanes:backward":null,"CDOT_route":null,"lit":null,"sidewalk:right":null,"sidewalk:left":null,"tiger:name_type_1":null,"tiger:name_direction_prefix_1":null,"tiger:name_base_1":null,"railway":null,"old_railway_operator":null,"name_1":null,"maxspeed":null,"cycleway":null,"ref":null,"tiger:name_direction_prefix":null,"parking:both:orientation":null,"parking:both":null,"oneway":null,"access":null,"service":null,"tiger:reviewed":null,"surface":"asphalt","lanes":null,"tiger:name_type":null,"tiger:name_base":null,"tiger:county":null,"tiger:cfcc":null,"name":"East of Aspen Trail","is_in:state_code":null,"is_in:state":null,"is_in:city":null},"geometry":{"type":"LineString","coordinates":[[-106.8113292,39.1864552],[-106.8109227,39.1863782],[-106.8108231,39.1863652],[-106.8107329,39.1863561],[-106.8103865,39.1862604],[-106.8101608,39.1861854],[-106.8099811,39.1860612],[-106.8097243,39.1859449],[-106.8093509,39.1857712],[-106.8090109,39.1855613],[-106.8088129,39.185427],[-106.8086516,39.1853013],[-106.8084996,39.185135],[-106.8084591,39.1850864],[-106.8082039,39.1846365],[-106.8081421,39.1845722],[-106.8080381,39.1843821],[-106.8079984,39.1843087],[-106.8079913,39.184297],[-106.8077948,39.1839738],[-106.8077887,39.1839474],[-106.8078126,39.1838768],[-106.8078141,39.1838379],[-106.8077187,39.1836865],[-106.8076654,39.1836169],[-106.8075759,39.1835095],[-106.8075159,39.1834659],[-106.8074491,39.1834303],[-106.807408,39.1833979],[-106.8071253,39.1829858],[-106.806947,39.1827428],[-106.8069349,39.1827174],[-106.8069213,39.1826656],[-106.8069088,39.1826345],[-106.8068827,39.182594],[-106.8068103,39.1825222],[-106.8066975,39.1824152],[-106.8064658,39.1822861],[-106.8063141,39.1821927],[-106.8062486,39.1821587],[-106.8061878,39.1821461],[-106.8060924,39.1821575],[-106.8060291,39.1821456],[-106.8059502,39.1820873],[-106.8057591,39.1820065],[-106.8055159,39.1819469],[-106.8052877,39.1818712],[-106.8052106,39.1818558],[-106.8051329,39.1818462],[-106.8048867,39.1818386],[-106.8048251,39.1818345],[-106.8046228,39.1817998],[-106.8045588,39.1817928],[-106.8041923,39.1818023],[-106.8040828,39.1818124],[-106.803943,39.1818382],[-106.8038692,39.1818436],[-106.8037938,39.1818418],[-106.80368,39.1818289],[-106.8033912,39.1817772],[-106.8032932,39.18175],[-106.8032051,39.1817168],[-106.8030435,39.1816455],[-106.8028742,39.1815457],[-106.8021511,39.181007],[-106.8020694,39.1809376],[-106.8020106,39.18088],[-106.802007,39.1808597],[-106.8020142,39.1808393],[-106.8020381,39.1808143]]}},
{"type":"Feature","properties":{"full_id":"w666247951","osm_id":"666247951","osm_type":"way","highway":"service","crossing:markings":null,"crossing":null,"footway":null,"maxheight":null,"oneway:bicycle":null,"bus":null,"wheelchair":null,"source:geometry":null,"operator":null,"motor_vehicle":null,"dog":null,"cycleway:both:lane":null,"parking:lanes:both":null,"maxweight:signed":null,"sidewalk:both:surface":null,"turn:lanes:forward":null,"horse":null,"mtb:scale:imba":null,"wikipedia":null,"wikidata":null,"segregated":null,"tunnel":null,"layer":null,"bridge":null,"foot":null,"turn:lanes:backward":null,"source:hgv:national_network":null,"hgv:national_network":null,"hgv":null,"alt_name":null,"parking:right:orientation":null,"parking:right":null,"parking:left:orientation":null,"parking:left":null,"cycleway:right":null,"sidewalk":null,"cycleway:both":null,"bicycle":null,"tiger:name_direction_suffix":null,"tracktype":null,"source:maxspeed":null,"smoothness":null,"parking:lane:both":null,"lanes:forward":null,"lanes:backward":null,"CDOT_route":null,"lit":null,"sidewalk:right":null,"sidewalk:left":null,"tiger:name_type_1":null,"tiger:name_direction_prefix_1":null,"tiger:name_base_1":null,"railway":null,"old_railway_operator":null,"name_1":null,"maxspeed":null,"cycleway":null,"ref":null,"tiger:name_direction_prefix":null,"parking:both:orientation":null,"parking:both":null,"oneway":null,"access":"private","service":"driveway","tiger:reviewed":null,"surface":null,"lanes":null,"tiger:name_type":null,"tiger:name_base":null,"tiger:county":null,"tiger:cfcc":null,"name":null,"is_in:state_code":null,"is_in:state":null,"is_in:city":null},"geometry":{"type":"LineString","coordinates":[[-106.811698,39.1811562],[-106.8117315,39.1810614],[-106.8117315,39.1810302],[-106.8117234,39.1809876],[-106.8116993,39.1809387],[-106.8115263,39.1807131],[-106.8114525,39.1806435],[-106.811368,39.1805884],[-106.8112996,39.1805551],[-106.8111575,39.1804907],[-106.8111132,39.1804626],[-106.8110274,39.1803971]]}},
{"type":"Feature","properties":{"full_id":"w667034679","osm_id":"667034679","osm_type":"way","highway":"service","crossing:markings":null,"crossing":null,"footway":null,"maxheight":null,"oneway:bicycle":null,"bus":null,"wheelchair":null,"source:geometry":null,"operator":null,"motor_vehicle":null,"dog":null,"cycleway:both:lane":null,"parking:lanes:both":null,"maxweight:signed":null,"sidewalk:both:surface":null,"turn:lanes:forward":null,"horse":null,"mtb:scale:imba":null,"wikipedia":null,"wikidata":null,"segregated":null,"tunnel":null,"layer":null,"bridge":null,"foot":null,"turn:lanes:backward":null,"source:hgv:national_network":null,"hgv:national_network":null,"hgv":null,"alt_name":null,"parking:right:orientation":null,"parking:right":null,"parking:left:orientation":null,"parking:left":null,"cycleway:right":null,"sidewalk":null,"cycleway:both":null,"bicycle":null,"tiger:name_direction_suffix":null,"tracktype":null,"source:maxspeed":null,"smoothness":null,"parking:lane:both":null,"lanes:forward":null,"lanes:backward":null,"CDOT_route":null,"lit":null,"sidewalk:right":null,"sidewalk:left":null,"tiger:name_type_1":null,"tiger:name_direction_prefix_1":null,"tiger:name_base_1":null,"railway":null,"old_railway_operator":null,"name_1":null,"maxspeed":null,"cycleway":null,"ref":null,"tiger:name_direction_prefix":null,"parking:both:orientation":null,"parking:both":null,"oneway":null,"access":"destination","service":"parking_aisle","tiger:reviewed":null,"surface":null,"lanes":null,"tiger:name_type":null,"tiger:name_base":null,"tiger:county":null,"tiger:cfcc":null,"name":null,"is_in:state_code":null,"is_in:state":null,"is_in:city":null},"geometry":{"type":"LineString","coordinates":[[-106.8186791,39.1921395],[-106.8187876,39.1921681],[-106.8191461,39.1922624],[-106.8193207,39.1922939],[-106.8193838,39.1921088]]}},
{"type":"Feature","properties":{"full_id":"w667034680","osm_id":"667034680","osm_type":"way","highway":"service","crossing:markings":null,"crossing":null,"footway":null,"maxheight":null,"oneway:bicycle":null,"bus":null,"wheelchair":null,"source:geometry":null,"operator":null,"motor_vehicle":null,"dog":null,"cycleway:both:lane":null,"parking:lanes:both":null,"maxweight:signed":null,"sidewalk:both:surface":null,"turn:lanes:forward":null,"horse":null,"mtb:scale:imba":null,"wikipedia":null,"wikidata":null,"segregated":null,"tunnel":null,"layer":null,"bridge":null,"foot":null,"turn:lanes:backward":null,"source:hgv:national_network":null,"hgv:national_network":null,"hgv":null,"alt_name":null,"parking:right:orientation":null,"parking:right":null,"parking:left:orientation":null,"parking:left":null,"cycleway:right":null,"sidewalk":null,"cycleway:both":null,"bicycle":null,"tiger:name_direction_suffix":null,"tracktype":null,"source:maxspeed":null,"smoothness":null,"parking:lane:both":null,"lanes:forward":null,"lanes:backward":null,"CDOT_route":null,"lit":null,"sidewalk:right":null,"sidewalk:left":null,"tiger:name_type_1":null,"tiger:name_direction_prefix_1":null,"tiger:name_base_1":null,"railway":null,"old_railway_operator":null,"name_1":null,"maxspeed":null,"cycleway":null,"ref":null,"tiger:name_direction_prefix":null,"parking:both:orientation":null,"parking:both":null,"oneway":null,"access":null,"service":"parking_aisle","tiger:reviewed":null,"surface":"asphalt","lanes":null,"tiger:name_type":null,"tiger:name_base":null,"tiger:county":null,"tiger:cfcc":null,"name":null,"is_in:state_code":"CO","is_in:state":"Colorado","is_in:city":"Aspen"},"geometry":{"type":"LineString","coordinates":[[-106.8186918,39.1926535],[-106.8186066,39.1928414],[-106.8185383,39.1929921],[-106.8184679,39.1931544],[-106.8191803,39.1933586]]}},
{"type":"Feature","properties":{"full_id":"w667034684","osm_id":"667034684","osm_type":"way","highway":"service","crossing:markings":null,"crossing":null,"footway":null,"maxheight":null,"oneway:bicycle":null,"bus":null,"wheelchair":null,"source:geometry":null,"operator":null,"motor_vehicle":null,"dog":null,"cycleway:both:lane":null,"parking:lanes:both":null,"maxweight:signed":null,"sidewalk:both:surface":null,"turn:lanes:forward":null,"horse":null,"mtb:scale:imba":null,"wikipedia":null,"wikidata":null,"segregated":null,"tunnel":null,"layer":null,"bridge":null,"foot":null,"turn:lanes:backward":null,"source:hgv:national_network":null,"hgv:national_network":null,"hgv":null,"alt_name":null,"parking:right:orientation":null,"parking:right":null,"parking:left:orientation":null,"parking:left":null,"cycleway:right":null,"sidewalk":null,"cycleway:both":null,"bicycle":null,"tiger:name_direction_suffix":null,"tracktype":null,"source:maxspeed":null,"smoothness":null,"parking:lane:both":null,"lanes:forward":null,"lanes:backward":null,"CDOT_route":null,"lit":null,"sidewalk:right":null,"sidewalk:left":null,"tiger:name_type_1":null,"tiger:name_direction_prefix_1":null,"tiger:name_base_1":null,"railway":null,"old_railway_operator":null,"name_1":null,"maxspeed":null,"cycleway":null,"ref":null,"tiger:name_direction_prefix":null,"parking:both:orientation":null,"parking:both":null,"oneway":null,"access":null,"service":"parking_aisle","tiger:reviewed":null,"surface":"paved","lanes":null,"tiger:name_type":null,"tiger:name_base":null,"tiger:county":null,"tiger:cfcc":null,"name":null,"is_in:state_code":null,"is_in:state":null,"is_in:city":null},"geometry":{"type":"LineString","coordinates":[[-106.8162323,39.1917305],[-106.8160661,39.1916793],[-106.815995,39.1916222],[-106.815983,39.1915734],[-106.8159859,39.1915272],[-106.8159915,39.1915095],[-106.8160079,39.1914583]]}},
{"type":"Feature","properties":{"full_id":"w724187746","osm_id":"724187746","osm_type":"way","highway":"secondary","crossing:markings":null,"crossing":null,"footway":null,"maxheight":null,"oneway:bicycle":null,"bus":null,"wheelchair":null,"source:geometry":null,"operator":null,"motor_vehicle":null,"dog":null,"cycleway:both:lane":null,"parking:lanes:both":null,"maxweight:signed":null,"sidewalk:both:surface":null,"turn:lanes:forward":null,"horse":null,"mtb:scale:imba":null,"wikipedia":null,"wikidata":null,"segregated":null,"tunnel":null,"layer":null,"bridge":null,"foot":null,"turn:lanes:backward":null,"source:hgv:national_network":null,"hgv:national_network":null,"hgv":null,"alt_name":null,"parking:right:orientation":null,"parking:right":null,"parking:left:orientation":null,"parking:left":null,"cycleway:right":null,"sidewalk":"both","cycleway:both":null,"bicycle":null,"tiger:name_direction_suffix":null,"tracktype":"grade1","source:maxspeed":"CDOT","smoothness":null,"parking:lane:both":null,"lanes:forward":"1","lanes:backward":"1","CDOT_route":"082A","lit":null,"sidewalk:right":null,"sidewalk:left":null,"tiger:name_type_1":null,"tiger:name_direction_prefix_1":null,"tiger:name_base_1":null,"railway":null,"old_railway_operator":null,"name_1":null,"maxspeed":"25 mph","cycleway":null,"ref":"CO 82","tiger:name_direction_prefix":null,"parking:both:orientation":"parallel","parking:both":"lane","oneway":null,"access":null,"service":null,"tiger:reviewed":null,"surface":"asphalt","lanes":"2","tiger:name_type":null,"tiger:name_base":null,"tiger:county":null,"tiger:cfcc":null,"name":"East Cooper Avenue","is_in:state_code":"CO","is_in:state":"Colorado","is_in:city":"Aspen"},"geometry":{"type":"LineString","coordinates":[[-106.8129793,39.1868603],[-106.8141513,39.1870932],[-106.8142896,39.18712],[-106.8152243,39.1873078],[-106.815337,39.1873295]]}},
{"type":"Feature","properties":{"full_id":"w724207562","osm_id":"724207562","osm_type":"way","highway":"tertiary","crossing:markings":null,"crossing":null,"footway":null,"maxheight":null,"oneway:bicycle":null,"bus":null,"wheelchair":null,"source:geometry":null,"operator":null,"motor_vehicle":null,"dog":null,"cycleway:both:lane":null,"parking:lanes:both":null,"maxweight:signed":null,"sidewalk:both:surface":null,"turn:lanes:forward":null,"horse":null,"mtb:scale:imba":null,"wikipedia":null,"wikidata":null,"segregated":null,"tunnel":null,"layer":null,"bridge":null,"foot":null,"turn:lanes:backward":null,"source:hgv:national_network":null,"hgv:national_network":null,"hgv":null,"alt_name":null,"parking:right:orientation":null,"parking:right":null,"parking:left:orientation":null,"parking:left":null,"cycleway:right":null,"sidewalk":null,"cycleway:both":null,"bicycle":null,"tiger:name_direction_suffix":null,"tracktype":null,"source:maxspeed":null,"smoothness":null,"parking:lane:both":null,"lanes:forward":null,"lanes:backward":null,"CDOT_route":null,"lit":null,"sidewalk:right":null,"sidewalk:left":null,"tiger:name_type_1":null,"tiger:name_direction_prefix_1":null,"tiger:name_base_1":null,"railway":null,"old_railway_operator":null,"name_1":null,"maxspeed":"20 mph","cycleway":"lane","ref":null,"tiger:name_direction_prefix":null,"parking:both:orientation":null,"parking:both":null,"oneway":null,"access":null,"service":null,"tiger:reviewed":null,"surface":"asphalt","lanes":null,"tiger:name_type":null,"tiger:name_base":null,"tiger:county":null,"tiger:cfcc":null,"name":"North Mill Street","is_in:state_code":null,"is_in:state":null,"is_in:city":null},"geometry":{"type":"LineString","coordinates":[[-106.8186791,39.1921395],[-106.8183337,39.1929054],[-106.818165,39.1932832],[-106.8180689,39.1934659],[-106.8179776,39.1936447],[-106.8178826,39.1938015],[-106.8177161,39.1940249],[-106.817636,39.1940964],[-106.8175336,39.1941675]]}},
{"type":"Feature","properties":{"full_id":"w724641136","osm_id":"724641136","osm_type":"way","highway":"secondary","crossing:markings":null,"crossing":null,"footway":null,"maxheight":null,"oneway:bicycle":null,"bus":null,"wheelchair":null,"source:geometry":null,"operator":null,"motor_vehicle":null,"dog":null,"cycleway:both:lane":null,"parking:lanes:both":null,"maxweight:signed":null,"sidewalk:both:surface":null,"turn:lanes:forward":null,"horse":null,"mtb:scale:imba":null,"wikipedia":null,"wikidata":null,"segregated":null,"tunnel":null,"layer":null,"bridge":null,"foot":null,"turn:lanes:backward":null,"source:hgv:national_network":null,"hgv:national_network":null,"hgv":null,"alt_name":null,"parking:right:orientation":null,"parking:right":null,"parking:left:orientation":null,"parking:left":null,"cycleway:right":null,"sidewalk":null,"cycleway:both":null,"bicycle":null,"tiger:name_direction_suffix":null,"tracktype":null,"source:maxspeed":null,"smoothness":"excellent","parking:lane:both":null,"lanes:forward":null,"lanes:backward":null,"CDOT_route":null,"lit":null,"sidewalk:right":null,"sidewalk:left":null,"tiger:name_type_1":null,"tiger:name_direction_prefix_1":null,"tiger:name_base_1":"Highway 82","railway":null,"old_railway_operator":null,"name_1":null,"maxspeed":"30 mph","cycleway":null,"ref":"CO 82","tiger:name_direction_prefix":null,"parking:both:orientation":null,"parking:both":"no","oneway":null,"access":null,"service":null,"tiger:reviewed":null,"surface":"asphalt","lanes":"2","tiger:name_type":null,"tiger:name_base":"State Highway 82","tiger:county":"Pitkin, CO","tiger:cfcc":"A31","name":null,"is_in:state_code":"CO","is_in:state":"Colorado","is_in:city":"Aspen"},"geometry":{"type":"LineString","coordinates":[[-106.8081968,39.1847766],[-106.8084582,39.1851971],[-106.8086825,39.1854022],[-106.8089359,39.1855808]]}},
{"type":"Feature","properties":{"full_id":"w871508205","osm_id":"871508205","osm_type":"way","highway":"service","crossing:markings":null,"crossing":null,"footway":null,"maxheight":null,"oneway:bicycle":null,"bus":"yes","wheelchair":null,"source:geometry":null,"operator":null,"motor_vehicle":null,"dog":null,"cycleway:both:lane":null,"parking:lanes:both":null,"maxweight:signed":null,"sidewalk:both:surface":null,"turn:lanes:forward":null,"horse":null,"mtb:scale:imba":null,"wikipedia":null,"wikidata":null,"segregated":null,"tunnel":null,"layer":null,"bridge":null,"foot":null,"turn:lanes:backward":null,"source:hgv:national_network":null,"hgv:national_network":null,"hgv":null,"alt_name":null,"parking:right:orientation":null,"parking:right":null,"parking:left:orientation":null,"parking:left":null,"cycleway:right":null,"sidewalk":null,"cycleway:both":null,"bicycle":null,"tiger:name_direction_suffix":null,"tracktype":null,"source:maxspeed":null,"smoothness":null,"parking:lane:both":null,"lanes:forward":null,"lanes:backward":null,"CDOT_route":null,"lit":null,"sidewalk:right":null,"sidewalk:left":null,"tiger:name_type_1":null,"tiger:name_direction_prefix_1":null,"tiger:name_base_1":null,"railway":null,"old_railway_operator":null,"name_1":null,"maxspeed":null,"cycleway":null,"ref":null,"tiger:name_direction_prefix":null,"parking:both:orientation":null,"parking:both":null,"oneway":null,"access":"no","service":null,"tiger:reviewed":null,"surface":null,"lanes":null,"tiger:name_type":null,"tiger:name_base":null,"tiger:county":null,"tiger:cfcc":null,"name":null,"is_in:state_code":null,"is_in:state":null,"is_in:city":null},"geometry":{"type":"LineString","coordinates":[[-106.8190527,39.1875583],[-106.8194963,39.1876559],[-106.8201995,39.1877994]]}},
{"type":"Feature","properties":{"full_id":"w1064649057","osm_id":"1064649057","osm_type":"way","highway":"service","crossing:markings":null,"crossing":null,"footway":null,"maxheight":null,"oneway:bicycle":null,"bus":null,"wheelchair":null,"source:geometry":null,"operator":null,"motor_vehicle":null,"dog":null,"cycleway:both:lane":null,"parking:lanes:both":null,"maxweight:signed":null,"sidewalk:both:surface":null,"turn:lanes:forward":null,"horse":null,"mtb:scale:imba":null,"wikipedia":null,"wikidata":null,"segregated":null,"tunnel":null,"layer":null,"bridge":null,"foot":null,"turn:lanes:backward":null,"source:hgv:national_network":null,"hgv:national_network":null,"hgv":null,"alt_name":null,"parking:right:orientation":null,"parking:right":null,"parking:left:orientation":null,"parking:left":null,"cycleway:right":null,"sidewalk":null,"cycleway:both":null,"bicycle":null,"tiger:name_direction_suffix":null,"tracktype":null,"source:maxspeed":null,"smoothness":null,"parking:lane:both":null,"lanes:forward":null,"lanes:backward":null,"CDOT_route":null,"lit":null,"sidewalk:right":null,"sidewalk:left":null,"tiger:name_type_1":null,"tiger:name_direction_prefix_1":null,"tiger:name_base_1":null,"railway":null,"old_railway_operator":null,"name_1":null,"maxspeed":null,"cycleway":null,"ref":null,"tiger:name_direction_prefix":null,"parking:both:orientation":null,"parking:both":null,"oneway":"yes","access":null,"service":"parking_aisle","tiger:reviewed":null,"surface":"asphalt","lanes":null,"tiger:name_type":null,"tiger:name_base":null,"tiger:county":null,"tiger:cfcc":null,"name":null,"is_in:state_code":null,"is_in:state":null,"is_in:city":null},"geometry":{"type":"LineString","coordinates":[[-106.8183816,39.1919338],[-106.8184071,39.1919385],[-106.8184379,39.1919442],[-106.8184795,39.1919526],[-106.8185177,39.1919541],[-106.8185439,39.1919432],[-106.8185606,39.1919151],[-106.818576,39.1918788],[-106.8185941,39.191832],[-106.8186055,39.1917925],[-106.8186109,39.1917572],[-106.8185928,39.1917369],[-106.8185412,39.1917213],[-106.8185036,39.1917197],[-106.81846,39.191728],[-106.8184359,39.1917483],[-106.8183729,39.1919183],[-106.8183816,39.1919338]]}},
{"type":"Feature","properties":{"full_id":"w1064649058","osm_id":"1064649058","osm_type":"way","highway":"service","crossing:markings":null,"crossing":null,"footway":null,"maxheight":null,"oneway:bicycle":null,"bus":null,"wheelchair":null,"source:geometry":null,"operator":null,"motor_vehicle":null,"dog":null,"cycleway:both:lane":null,"parking:lanes:both":null,"maxweight:signed":null,"sidewalk:both:surface":null,"turn:lanes:forward":null,"horse":null,"mtb:scale:imba":null,"wikipedia":null,"wikidata":null,"segregated":null,"tunnel":null,"layer":null,"bridge":null,"foot":null,"turn:lanes:backward":null,"source:hgv:national_network":null,"hgv:national_network":null,"hgv":null,"alt_name":null,"parking:right:orientation":null,"parking:right":null,"parking:left:orientation":null,"parking:left":null,"cycleway:right":null,"sidewalk":null,"cycleway:both":null,"bicycle":null,"tiger:name_direction_suffix":null,"tracktype":null,"source:maxspeed":null,"smoothness":null,"parking:lane:both":null,"lanes:forward":null,"lanes:backward":null,"CDOT_route":null,"lit":null,"sidewalk:right":null,"sidewalk:left":null,"tiger:name_type_1":null,"tiger:name_direction_prefix_1":null,"tiger:name_base_1":null,"railway":null,"old_railway_operator":null,"name_1":null,"maxspeed":null,"cycleway":null,"ref":null,"tiger:name_direction_prefix":null,"parking:both:orientation":null,"parking:both":null,"oneway":null,"access":null,"service":null,"tiger:reviewed":null,"surface":null,"lanes":null,"tiger:name_type":null,"tiger:name_base":null,"tiger:county":null,"tiger:cfcc":null,"name":null,"is_in:state_code":null,"is_in:state":null,"is_in:city":null},"geometry":{"type":"LineString","coordinates":[[-106.8183332,39.1920426],[-106.8183816,39.1919338]]}},
{"type":"Feature","properties":{"full_id":"w1064649060","osm_id":"1064649060","osm_type":"way","highway":"cycleway","crossing:markings":null,"crossing":null,"footway":null,"maxheight":null,"oneway:bicycle":null,"bus":null,"wheelchair":null,"source:geometry":null,"operator":null,"motor_vehicle":null,"dog":null,"cycleway:both:lane":null,"parking:lanes:both":null,"maxweight:signed":null,"sidewalk:both:surface":null,"turn:lanes:forward":null,"horse":null,"mtb:scale:imba":null,"wikipedia":null,"wikidata":null,"segregated":null,"tunnel":null,"layer":null,"bridge":null,"foot":null,"turn:lanes:backward":null,"source:hgv:national_network":null,"hgv:national_network":null,"hgv":null,"alt_name":null,"parking:right:orientation":null,"parking:right":null,"parking:left:orientation":null,"parking:left":null,"cycleway:right":null,"sidewalk":null,"cycleway:both":null,"bicycle":null,"tiger:name_direction_suffix":null,"tracktype":null,"source:maxspeed":null,"smoothness":null,"parking:lane:both":null,"lanes:forward":null,"lanes:backward":null,"CDOT_route":null,"lit":"no","sidewalk:right":null,"sidewalk:left":null,"tiger:name_type_1":null,"tiger:name_direction_prefix_1":null,"tiger:name_base_1":null,"railway":null,"old_railway_operator":null,"name_1":null,"maxspeed":null,"cycleway":null,"ref":null,"tiger:name_direction_prefix":null,"parking:both:orientation":null,"parking:both":null,"oneway":null,"access":null,"service":null,"tiger:reviewed":null,"surface":"concrete","lanes":null,"tiger:name_type":null,"tiger:name_base":null,"tiger:county":null,"tiger:cfcc":null,"name":null,"is_in:state_code":null,"is_in:state":null,"is_in:city":null},"geometry":{"type":"LineString","coordinates":[[-106.8170874,39.1928215],[-106.8171567,39.1928235],[-106.8172025,39.1928187]]}},
{"type":"Feature","properties":{"full_id":"w1064649061","osm_id":"1064649061","osm_type":"way","highway":"cycleway","crossing:markings":null,"crossing":null,"footway":null,"maxheight":null,"oneway:bicycle":null,"bus":null,"wheelchair":null,"source:geometry":null,"operator":null,"motor_vehicle":null,"dog":null,"cycleway:both:lane":null,"parking:lanes:both":null,"maxweight:signed":null,"sidewalk:both:surface":null,"turn:lanes:forward":null,"horse":null,"mtb:scale:imba":null,"wikipedia":null,"wikidata":null,"segregated":null,"tunnel":null,"layer":"1","bridge":"yes","foot":null,"turn:lanes:backward":null,"source:hgv:national_network":null,"hgv:national_network":null,"hgv":null,"alt_name":null,"parking:right:orientation":null,"parking:right":null,"parking:left:orientation":null,"parking:left":null,"cycleway:right":null,"sidewalk":null,"cycleway:both":null,"bicycle":null,"tiger:name_direction_suffix":null,"tracktype":null,"source:maxspeed":null,"smoothness":null,"parking:lane:both":null,"lanes:forward":null,"lanes:backward":null,"CDOT_route":null,"lit":"no","sidewalk:right":null,"sidewalk:left":null,"tiger:name_type_1":null,"tiger:name_direction_prefix_1":null,"tiger:name_base_1":null,"railway":null,"old_railway_operator":null,"name_1":null,"maxspeed":null,"cycleway":null,"ref":null,"tiger:name_direction_prefix":null,"parking:both:orientation":null,"parking:both":null,"oneway":null,"access":null,"service":null,"tiger:reviewed":null,"surface":"paved","lanes":null,"tiger:name_type":null,"tiger:name_base":null,"tiger:county":null,"tiger:cfcc":null,"name":null,"is_in:state_code":null,"is_in:state":null,"is_in:city":null},"geometry":{"type":"LineString","coordinates":[[-106.8172025,39.1928187],[-106.8172816,39.1928065]]}},
{"type":"Feature","properties":{"full_id":"w1064649062","osm_id":"1064649062","osm_type":"way","highway":"cycleway","crossing:markings":null,"crossing":null,"footway":null,"maxheight":null,"oneway:bicycle":null,"bus":null,"wheelchair":null,"source:geometry":null,"operator":null,"motor_vehicle":null,"dog":null,"cycleway:both:lane":null,"parking:lanes:both":null,"maxweight:signed":null,"sidewalk:both:surface":null,"turn:lanes:forward":null,"horse":null,"mtb:scale:imba":null,"wikipedia":null,"wikidata":null,"segregated":null,"tunnel":null,"layer":null,"bridge":null,"foot":null,"turn:lanes:backward":null,"source:hgv:national_network":null,"hgv:national_network":null,"hgv":null,"alt_name":null,"parking:right:orientation":null,"parking:right":null,"parking:left:orientation":null,"parking:left":null,"cycleway:right":null,"sidewalk":null,"cycleway:both":null,"bicycle":null,"tiger:name_direction_suffix":null,"tracktype":null,"source:maxspeed":null,"smoothness":null,"parking:lane:both":null,"lanes:forward":null,"lanes:backward":null,"CDOT_route":null,"lit":"no","sidewalk:right":null,"sidewalk:left":null,"tiger:name_type_1":null,"tiger:name_direction_prefix_1":null,"tiger:name_base_1":null,"railway":null,"old_railway_operator":null,"name_1":null,"maxspeed":null,"cycleway":null,"ref":null,"tiger:name_direction_prefix":null,"parking:both:orientation":null,"parking:both":null,"oneway":null,"access":null,"service":null,"tiger:reviewed":null,"surface":"concrete","lanes":null,"tiger:name_type":null,"tiger:name_base":null,"tiger:county":null,"tiger:cfcc":null,"name":null,"is_in:state_code":null,"is_in:state":null,"is_in:city":null},"geometry":{"type":"LineString","coordinates":[[-106.8179286,39.1927883],[-106.8179845,39.1928056],[-106.8180565,39.1928205],[-106.8181115,39.1928319],[-106.8182196,39.1928677],[-106.8183337,39.1929054]]}},
{"type":"Feature","properties":{"full_id":"w1064649063","osm_id":"1064649063","osm_type":"way","highway":"cycleway","crossing:markings":null,"crossing":null,"footway":null,"maxheight":null,"oneway:bicycle":null,"bus":null,"wheelchair":null,"source:geometry":null,"operator":null,"motor_vehicle":null,"dog":null,"cycleway:both:lane":null,"parking:lanes:both":null,"maxweight:signed":null,"sidewalk:both:surface":null,"turn:lanes:forward":null,"horse":null,"mtb:scale:imba":null,"wikipedia":null,"wikidata":null,"segregated":null,"tunnel":null,"layer":"1","bridge":"yes","foot":null,"turn:lanes:backward":null,"source:hgv:national_network":null,"hgv:national_network":null,"hgv":null,"alt_name":null,"parking:right:orientation":null,"parking:right":null,"parking:left:orientation":null,"parking:left":null,"cycleway:right":null,"sidewalk":null,"cycleway:both":null,"bicycle":null,"tiger:name_direction_suffix":null,"tracktype":null,"source:maxspeed":null,"smoothness":null,"parking:lane:both":null,"lanes:forward":null,"lanes:backward":null,"CDOT_route":null,"lit":"no","sidewalk:right":null,"sidewalk:left":null,"tiger:name_type_1":null,"tiger:name_direction_prefix_1":null,"tiger:name_base_1":null,"railway":null,"old_railway_operator":null,"name_1":null,"maxspeed":null,"cycleway":null,"ref":null,"tiger:name_direction_prefix":null,"parking:both:orientation":null,"parking:both":null,"oneway":null,"access":null,"service":null,"tiger:reviewed":null,"surface":"paved","lanes":null,"tiger:name_type":null,"tiger:name_base":null,"tiger:county":null,"tiger:cfcc":null,"name":null,"is_in:state_code":null,"is_in:state":null,"is_in:city":null},"geometry":{"type":"LineString","coordinates":[[-106.8178717,39.1927721],[-106.8179286,39.1927883]]}},
{"type":"Feature","properties":{"full_id":"w1064649064","osm_id":"1064649064","osm_type":"way","highway":"footway","crossing:markings":null,"crossing":null,"footway":null,"maxheight":null,"oneway:bicycle":null,"bus":null,"wheelchair":null,"source:geometry":null,"operator":null,"motor_vehicle":null,"dog":null,"cycleway:both:lane":null,"parking:lanes:both":null,"maxweight:signed":null,"sidewalk:both:surface":null,"turn:lanes:forward":null,"horse":null,"mtb:scale:imba":null,"wikipedia":null,"wikidata":null,"segregated":null,"tunnel":null,"layer":null,"bridge":null,"foot":null,"turn:lanes:backward":null,"source:hgv:national_network":null,"hgv:national_network":null,"hgv":null,"alt_name":null,"parking:right:orientation":null,"parking:right":null,"parking:left:orientation":null,"parking:left":null,"cycleway:right":null,"sidewalk":null,"cycleway:both":null,"bicycle":null,"tiger:name_direction_suffix":null,"tracktype":null,"source:maxspeed":null,"smoothness":null,"parking:lane:both":null,"lanes:forward":null,"lanes:backward":null,"CDOT_route":null,"lit":null,"sidewalk:right":null,"sidewalk:left":null,"tiger:name_type_1":null,"tiger:name_direction_prefix_1":null,"tiger:name_base_1":null,"railway":null,"old_railway_operator":null,"name_1":null,"maxspeed":null,"cycleway":null,"ref":null,"tiger:name_direction_prefix":null,"parking:both:orientation":null,"parking:both":null,"oneway":null,"access":null,"service":null,"tiger:reviewed":null,"surface":null,"lanes":null,"tiger:name_type":null,"tiger:name_base":null,"tiger:county":null,"tiger:cfcc":null,"name":null,"is_in:state_code":null,"is_in:state":null,"is_in:city":null},"geometry":{"type":"LineString","coordinates":[[-106.8166043,39.192389],[-106.8165706,39.1924158],[-106.8165041,39.1924261],[-106.816441,39.1924377],[-106.8163861,39.1924777],[-106.8163379,39.192479],[-106.8162814,39.1924751]]}},
{"type":"Feature","properties":{"full_id":"w1064649066","osm_id":"1064649066","osm_type":"way","highway":"footway","crossing:markings":null,"crossing":null,"footway":null,"maxheight":null,"oneway:bicycle":null,"bus":null,"wheelchair":null,"source:geometry":null,"operator":null,"motor_vehicle":null,"dog":null,"cycleway:both:lane":null,"parking:lanes:both":null,"maxweight:signed":null,"sidewalk:both:surface":null,"turn:lanes:forward":null,"horse":null,"mtb:scale:imba":null,"wikipedia":null,"wikidata":null,"segregated":null,"tunnel":null,"layer":"1","bridge":"yes","foot":null,"turn:lanes:backward":null,"source:hgv:national_network":null,"hgv:national_network":null,"hgv":null,"alt_name":null,"parking:right:orientation":null,"parking:right":null,"parking:left:orientation":null,"parking:left":null,"cycleway:right":null,"sidewalk":null,"cycleway:both":null,"bicycle":null,"tiger:name_direction_suffix":null,"tracktype":null,"source:maxspeed":null,"smoothness":null,"parking:lane:both":null,"lanes:forward":null,"lanes:backward":null,"CDOT_route":null,"lit":null,"sidewalk:right":null,"sidewalk:left":null,"tiger:name_type_1":null,"tiger:name_direction_prefix_1":null,"tiger:name_base_1":null,"railway":null,"old_railway_operator":null,"name_1":null,"maxspeed":null,"cycleway":null,"ref":null,"tiger:name_direction_prefix":null,"parking:both:orientation":null,"parking:both":null,"oneway":null,"access":null,"service":null,"tiger:reviewed":null,"surface":null,"lanes":null,"tiger:name_type":null,"tiger:name_base":null,"tiger:county":null,"tiger:cfcc":null,"name":null,"is_in:state_code":null,"is_in:state":null,"is_in:city":null},"geometry":{"type":"LineString","coordinates":[[-106.8167187,39.1922837],[-106.8166043,39.192389]]}},
{"type":"Feature","properties":{"full_id":"w1064649067","osm_id":"1064649067","osm_type":"way","highway":"cycleway","crossing:markings":null,"crossing":null,"footway":null,"maxheight":null,"oneway:bicycle":null,"bus":null,"wheelchair":null,"source:geometry":null,"operator":null,"motor_vehicle":null,"dog":null,"cycleway:both:lane":null,"parking:lanes:both":null,"maxweight:signed":null,"sidewalk:both:surface":null,"turn:lanes:forward":null,"horse":null,"mtb:scale:imba":null,"wikipedia":null,"wikidata":null,"segregated":"no","tunnel":null,"layer":null,"bridge":null,"foot":"designated","turn:lanes:backward":null,"source:hgv:national_network":null,"hgv:national_network":null,"hgv":null,"alt_name":null,"parking:right:orientation":null,"parking:right":null,"parking:left:orientation":null,"parking:left":null,"cycleway:right":null,"sidewalk":null,"cycleway:both":null,"bicycle":"designated","tiger:name_direction_suffix":null,"tracktype":null,"source:maxspeed":null,"smoothness":null,"parking:lane:both":null,"lanes:forward":null,"lanes:backward":null,"CDOT_route":null,"lit":"no","sidewalk:right":null,"sidewalk:left":null,"tiger:name_type_1":null,"tiger:name_direction_prefix_1":null,"tiger:name_base_1":null,"railway":null,"old_railway_operator":null,"name_1":null,"maxspeed":null,"cycleway":null,"ref":null,"tiger:name_direction_prefix":null,"parking:both:orientation":null,"parking:both":null,"oneway":null,"access":null,"service":null,"tiger:reviewed":null,"surface":"concrete","lanes":null,"tiger:name_type":null,"tiger:name_base":null,"tiger:county":null,"tiger:cfcc":null,"name":"Rio Grande Trail","is_in:state_code":null,"is_in:state":null,"is_in:city":null},"geometry":{"type":"LineString","coordinates":[[-106.8170564,39.1925944],[-106.8170685,39.192552],[-106.8170816,39.1925113],[-106.8170808,39.1924601],[-106.8170572,39.1923992],[-106.8170207,39.1923464],[-106.8169734,39.1923055],[-106.8169036,39.1922688]]}},
{"type":"Feature","properties":{"full_id":"w1064649068","osm_id":"1064649068","osm_type":"way","highway":"cycleway","crossing:markings":null,"crossing":null,"footway":null,"maxheight":null,"oneway:bicycle":null,"bus":null,"wheelchair":null,"source:geometry":null,"operator":null,"motor_vehicle":null,"dog":null,"cycleway:both:lane":null,"parking:lanes:both":null,"maxweight:signed":null,"sidewalk:both:surface":null,"turn:lanes:forward":null,"horse":null,"mtb:scale:imba":null,"wikipedia":null,"wikidata":null,"segregated":"no","tunnel":null,"layer":"1","bridge":"yes","foot":"designated","turn:lanes:backward":null,"source:hgv:national_network":null,"hgv:national_network":null,"hgv":null,"alt_name":null,"parking:right:orientation":null,"parking:right":null,"parking:left:orientation":null,"parking:left":null,"cycleway:right":null,"sidewalk":null,"cycleway:both":null,"bicycle":"designated","tiger:name_direction_suffix":null,"tracktype":null,"source:maxspeed":null,"smoothness":null,"parking:lane:both":null,"lanes:forward":null,"lanes:backward":null,"CDOT_route":null,"lit":"no","sidewalk:right":null,"sidewalk:left":null,"tiger:name_type_1":null,"tiger:name_direction_prefix_1":null,"tiger:name_base_1":null,"railway":null,"old_railway_operator":null,"name_1":null,"maxspeed":null,"cycleway":null,"ref":null,"tiger:name_direction_prefix":null,"parking:both:orientation":null,"parking:both":null,"oneway":null,"access":null,"service":null,"tiger:reviewed":null,"surface":"concrete","lanes":null,"tiger:name_type":null,"tiger:name_base":null,"tiger:county":null,"tiger:cfcc":null,"name":"Rio Grande Trail","is_in:state_code":null,"is_in:state":null,"is_in:city":null},"geometry":{"type":"LineString","coordinates":[[-106.8170349,39.1926852],[-106.8170564,39.1925944]]}},
{"type":"Feature","properties":{"full_id":"w1065014674","osm_id":"1065014674","osm_type":"way","highway":"residential","crossing:markings":null,"crossing":null,"footway":null,"maxheight":null,"oneway:bicycle":null,"bus":null,"wheelchair":null,"source:geometry":null,"operator":null,"motor_vehicle":null,"dog":null,"cycleway:both:lane":null,"parking:lanes:both":null,"maxweight:signed":null,"sidewalk:both:surface":null,"turn:lanes:forward":null,"horse":null,"mtb:scale:imba":null,"wikipedia":null,"wikidata":null,"segregated":null,"tunnel":null,"layer":null,"bridge":null,"foot":null,"turn:lanes:backward":null,"source:hgv:national_network":null,"hgv:national_network":null,"hgv":null,"alt_name":null,"parking:right:orientation":null,"parking:right":null,"parking:left:orientation":null,"parking:left":null,"cycleway:right":null,"sidewalk":null,"cycleway:both":null,"bicycle":"designated","tiger:name_direction_suffix":null,"tracktype":null,"source:maxspeed":null,"smoothness":null,"parking:lane:both":null,"lanes:forward":null,"lanes:backward":null,"CDOT_route":null,"lit":null,"sidewalk:right":null,"sidewalk:left":null,"tiger:name_type_1":null,"tiger:name_direction_prefix_1":null,"tiger:name_base_1":null,"railway":null,"old_railway_operator":null,"name_1":null,"maxspeed":null,"cycleway":"shared_lane","ref":null,"tiger:name_direction_prefix":"E","parking:both:orientation":null,"parking:both":null,"oneway":null,"access":null,"service":null,"tiger:reviewed":"no","surface":"asphalt","lanes":null,"tiger:name_type":"Ave","tiger:name_base":"Hopkins","tiger:county":"Pitkin, CO","tiger:cfcc":"A41","name":"East Hopkins Avenue","is_in:state_code":"CO","is_in:state":"Colorado","is_in:city":"Aspen"},"geometry":{"type":"LineString","coordinates":[[-106.8195088,39.1898664],[-106.8196222,39.1898888],[-106.8205704,39.1900764],[-106.8206936,39.1901008],[-106.8208071,39.1901247],[-106.8217499,39.1903234],[-106.8218629,39.1903472],[-106.8229682,39.1905757],[-106.8230823,39.1905993]]}},
{"type":"Feature","properties":{"full_id":"w1065014675","osm_id":"1065014675","osm_type":"way","highway":"residential","crossing:markings":null,"crossing":null,"footway":null,"maxheight":null,"oneway:bicycle":"no","bus":null,"wheelchair":null,"source:geometry":null,"operator":null,"motor_vehicle":null,"dog":null,"cycleway:both:lane":null,"parking:lanes:both":null,"maxweight:signed":null,"sidewalk:both:surface":null,"turn:lanes:forward":null,"horse":null,"mtb:scale:imba":null,"wikipedia":null,"wikidata":null,"segregated":null,"tunnel":null,"layer":null,"bridge":null,"foot":null,"turn:lanes:backward":null,"source:hgv:national_network":null,"hgv:national_network":null,"hgv":null,"alt_name":null,"parking:right:orientation":null,"parking:right":null,"parking:left:orientation":null,"parking:left":null,"cycleway:right":null,"sidewalk":null,"cycleway:both":null,"bicycle":null,"tiger:name_direction_suffix":null,"tracktype":null,"source:maxspeed":null,"smoothness":null,"parking:lane:both":null,"lanes:forward":null,"lanes:backward":null,"CDOT_route":null,"lit":null,"sidewalk:right":null,"sidewalk:left":null,"tiger:name_type_1":null,"tiger:name_direction_prefix_1":null,"tiger:name_base_1":null,"railway":null,"old_railway_operator":null,"name_1":null,"maxspeed":null,"cycleway":null,"ref":null,"tiger:name_direction_prefix":null,"parking:both:orientation":null,"parking:both":null,"oneway":"yes","access":null,"service":null,"tiger:reviewed":null,"surface":"asphalt","lanes":null,"tiger:name_type":null,"tiger:name_base":null,"tiger:county":null,"tiger:cfcc":null,"name":"South Mill Street","is_in:state_code":"CO","is_in:state":"Colorado","is_in:city":"Aspen"},"geometry":{"type":"LineString","coordinates":[[-106.8198236,39.1891374],[-106.8197579,39.1891926],[-106.8196453,39.1894764],[-106.8195382,39.1897825],[-106.8195088,39.1898664]]}},
{"type":"Feature","properties":{"full_id":"w1065325848","osm_id":"1065325848","osm_type":"way","highway":"service","crossing:markings":null,"crossing":null,"footway":null,"maxheight":null,"oneway:bicycle":null,"bus":null,"wheelchair":null,"source:geometry":null,"operator":null,"motor_vehicle":null,"dog":null,"cycleway:both:lane":null,"parking:lanes:both":null,"maxweight:signed":null,"sidewalk:both:surface":null,"turn:lanes:forward":null,"horse":null,"mtb:scale:imba":null,"wikipedia":null,"wikidata":null,"segregated":null,"tunnel":null,"layer":null,"bridge":null,"foot":null,"turn:lanes:backward":null,"source:hgv:national_network":null,"hgv:national_network":null,"hgv":null,"alt_name":null,"parking:right:orientation":null,"parking:right":null,"parking:left:orientation":null,"parking:left":null,"cycleway:right":null,"sidewalk":null,"cycleway:both":null,"bicycle":null,"tiger:name_direction_suffix":null,"tracktype":null,"source:maxspeed":null,"smoothness":null,"parking:lane:both":null,"lanes:forward":null,"lanes:backward":null,"CDOT_route":null,"lit":null,"sidewalk:right":null,"sidewalk:left":null,"tiger:name_type_1":null,"tiger:name_direction_prefix_1":null,"tiger:name_base_1":null,"railway":null,"old_railway_operator":null,"name_1":null,"maxspeed":null,"cycleway":null,"ref":null,"tiger:name_direction_prefix":null,"parking:both:orientation":null,"parking:both":null,"oneway":null,"access":"customers","service":"driveway","tiger:reviewed":null,"surface":null,"lanes":null,"tiger:name_type":null,"tiger:name_base":null,"tiger:county":null,"tiger:cfcc":null,"name":null,"is_in:state_code":null,"is_in:state":null,"is_in:city":null},"geometry":{"type":"LineString","coordinates":[[-106.8161617,39.187077],[-106.8160967,39.1872621],[-106.8160238,39.1874693]]}},
{"type":"Feature","properties":{"full_id":"w1065325849","osm_id":"1065325849","osm_type":"way","highway":"service","crossing:markings":null,"crossing":null,"footway":null,"maxheight":null,"oneway:bicycle":null,"bus":null,"wheelchair":null,"source:geometry":null,"operator":null,"motor_vehicle":null,"dog":null,"cycleway:both:lane":null,"parking:lanes:both":null,"maxweight:signed":null,"sidewalk:both:surface":null,"turn:lanes:forward":null,"horse":null,"mtb:scale:imba":null,"wikipedia":null,"wikidata":null,"segregated":null,"tunnel":null,"layer":null,"bridge":null,"foot":null,"turn:lanes:backward":null,"source:hgv:national_network":null,"hgv:national_network":null,"hgv":null,"alt_name":null,"parking:right:orientation":null,"parking:right":null,"parking:left:orientation":null,"parking:left":null,"cycleway:right":null,"sidewalk":null,"cycleway:both":null,"bicycle":null,"tiger:name_direction_suffix":null,"tracktype":null,"source:maxspeed":null,"smoothness":null,"parking:lane:both":null,"lanes:forward":null,"lanes:backward":null,"CDOT_route":null,"lit":null,"sidewalk:right":null,"sidewalk:left":null,"tiger:name_type_1":null,"tiger:name_direction_prefix_1":null,"tiger:name_base_1":null,"railway":null,"old_railway_operator":null,"name_1":null,"maxspeed":null,"cycleway":null,"ref":null,"tiger:name_direction_prefix":null,"parking:both:orientation":null,"parking:both":null,"oneway":null,"access":"customers","service":"parking_aisle","tiger:reviewed":null,"surface":"asphalt","lanes":null,"tiger:name_type":null,"tiger:name_base":null,"tiger:county":null,"tiger:cfcc":null,"name":null,"is_in:state_code":null,"is_in:state":null,"is_in:city":null},"geometry":{"type":"LineString","coordinates":[[-106.8160967,39.1872621],[-106.8165841,39.1873654]]}},
{"type":"Feature","properties":{"full_id":"w1065325852","osm_id":"1065325852","osm_type":"way","highway":"service","crossing:markings":null,"crossing":null,"footway":null,"maxheight":null,"oneway:bicycle":null,"bus":null,"wheelchair":null,"source:geometry":null,"operator":null,"motor_vehicle":null,"dog":null,"cycleway:both:lane":null,"parking:lanes:both":null,"maxweight:signed":null,"sidewalk:both:surface":null,"turn:lanes:forward":null,"horse":null,"mtb:scale:imba":null,"wikipedia":null,"wikidata":null,"segregated":null,"tunnel":null,"layer":"-1","bridge":null,"foot":null,"turn:lanes:backward":null,"source:hgv:national_network":null,"hgv:national_network":null,"hgv":null,"alt_name":null,"parking:right:orientation":null,"parking:right":null,"parking:left:orientation":null,"parking:left":null,"cycleway:right":null,"sidewalk":null,"cycleway:both":null,"bicycle":null,"tiger:name_direction_suffix":null,"tracktype":null,"source:maxspeed":null,"smoothness":null,"parking:lane:both":null,"lanes:forward":null,"lanes:backward":null,"CDOT_route":null,"lit":null,"sidewalk:right":null,"sidewalk:left":null,"tiger:name_type_1":null,"tiger:name_direction_prefix_1":null,"tiger:name_base_1":null,"railway":"razed","old_railway_operator":"Colorado Midland Railway","name_1":null,"maxspeed":null,"cycleway":null,"ref":null,"tiger:name_direction_prefix":null,"parking:both:orientation":null,"parking:both":null,"oneway":null,"access":"destination","service":"driveway","tiger:reviewed":null,"surface":null,"lanes":null,"tiger:name_type":null,"tiger:name_base":null,"tiger:county":null,"tiger:cfcc":null,"name":null,"is_in:state_code":null,"is_in:state":null,"is_in:city":null},"geometry":{"type":"LineString","coordinates":[[-106.8165934,39.1863284],[-106.8160608,39.1862186],[-106.8157488,39.186154]]}},
{"type":"Feature","properties":{"full_id":"w1065325853","osm_id":"1065325853","osm_type":"way","highway":"service","crossing:markings":null,"crossing":null,"footway":null,"maxheight":null,"oneway:bicycle":null,"bus":null,"wheelchair":null,"source:geometry":null,"operator":null,"motor_vehicle":null,"dog":null,"cycleway:both:lane":null,"parking:lanes:both":null,"maxweight:signed":null,"sidewalk:both:surface":null,"turn:lanes:forward":null,"horse":null,"mtb:scale:imba":null,"wikipedia":null,"wikidata":null,"segregated":null,"tunnel":null,"layer":null,"bridge":null,"foot":null,"turn:lanes:backward":null,"source:hgv:national_network":null,"hgv:national_network":null,"hgv":null,"alt_name":null,"parking:right:orientation":null,"parking:right":null,"parking:left:orientation":null,"parking:left":null,"cycleway:right":null,"sidewalk":null,"cycleway:both":null,"bicycle":null,"tiger:name_direction_suffix":null,"tracktype":null,"source:maxspeed":null,"smoothness":null,"parking:lane:both":null,"lanes:forward":null,"lanes:backward":null,"CDOT_route":null,"lit":null,"sidewalk:right":null,"sidewalk:left":null,"tiger:name_type_1":null,"tiger:name_direction_prefix_1":null,"tiger:name_base_1":null,"railway":null,"old_railway_operator":null,"name_1":null,"maxspeed":null,"cycleway":null,"ref":null,"tiger:name_direction_prefix":null,"parking:both:orientation":null,"parking:both":null,"oneway":null,"access":null,"service":null,"tiger:reviewed":null,"surface":null,"lanes":null,"tiger:name_type":null,"tiger:name_base":null,"tiger:county":null,"tiger:cfcc":null,"name":null,"is_in:state_code":null,"is_in:state":null,"is_in:city":null},"geometry":{"type":"LineString","coordinates":[[-106.8172646,39.1860886],[-106.8170992,39.1859333],[-106.8170228,39.1858615]]}},
{"type":"Feature","properties":{"full_id":"w1065325854","osm_id":"1065325854","osm_type":"way","highway":"service","crossing:markings":null,"crossing":null,"footway":null,"maxheight":null,"oneway:bicycle":null,"bus":null,"wheelchair":null,"source:geometry":null,"operator":null,"motor_vehicle":null,"dog":null,"cycleway:both:lane":null,"parking:lanes:both":null,"maxweight:signed":null,"sidewalk:both:surface":null,"turn:lanes:forward":null,"horse":null,"mtb:scale:imba":null,"wikipedia":null,"wikidata":null,"segregated":null,"tunnel":null,"layer":null,"bridge":null,"foot":null,"turn:lanes:backward":null,"source:hgv:national_network":null,"hgv:national_network":null,"hgv":null,"alt_name":null,"parking:right:orientation":null,"parking:right":null,"parking:left:orientation":null,"parking:left":null,"cycleway:right":null,"sidewalk":null,"cycleway:both":null,"bicycle":null,"tiger:name_direction_suffix":null,"tracktype":null,"source:maxspeed":null,"smoothness":null,"parking:lane:both":null,"lanes:forward":null,"lanes:backward":null,"CDOT_route":null,"lit":null,"sidewalk:right":null,"sidewalk:left":null,"tiger:name_type_1":null,"tiger:name_direction_prefix_1":null,"tiger:name_base_1":null,"railway":null,"old_railway_operator":null,"name_1":null,"maxspeed":null,"cycleway":null,"ref":null,"tiger:name_direction_prefix":null,"parking:both:orientation":null,"parking:both":null,"oneway":null,"access":null,"service":null,"tiger:reviewed":null,"surface":null,"lanes":null,"tiger:name_type":null,"tiger:name_base":null,"tiger:county":null,"tiger:cfcc":null,"name":null,"is_in:state_code":null,"is_in:state":null,"is_in:city":null},"geometry":{"type":"LineString","coordinates":[[-106.8170992,39.1859333],[-106.8168707,39.1860447],[-106.8163565,39.1859391],[-106.8160005,39.1858658],[-106.8158776,39.1858171]]}},
{"type":"Feature","properties":{"full_id":"w1065331775","osm_id":"1065331775","osm_type":"way","highway":"service","crossing:markings":null,"crossing":null,"footway":null,"maxheight":null,"oneway:bicycle":null,"bus":null,"wheelchair":null,"source:geometry":null,"operator":null,"motor_vehicle":null,"dog":null,"cycleway:both:lane":null,"parking:lanes:both":null,"maxweight:signed":null,"sidewalk:both:surface":null,"turn:lanes:forward":null,"horse":null,"mtb:scale:imba":null,"wikipedia":null,"wikidata":null,"segregated":null,"tunnel":null,"layer":null,"bridge":null,"foot":null,"turn:lanes:backward":null,"source:hgv:national_network":null,"hgv:national_network":null,"hgv":null,"alt_name":null,"parking:right:orientation":null,"parking:right":null,"parking:left:orientation":null,"parking:left":null,"cycleway:right":null,"sidewalk":null,"cycleway:both":null,"bicycle":null,"tiger:name_direction_suffix":null,"tracktype":null,"source:maxspeed":null,"smoothness":null,"parking:lane:both":null,"lanes:forward":null,"lanes:backward":null,"CDOT_route":null,"lit":null,"sidewalk:right":null,"sidewalk:left":null,"tiger:name_type_1":null,"tiger:name_direction_prefix_1":null,"tiger:name_base_1":null,"railway":null,"old_railway_operator":null,"name_1":null,"maxspeed":null,"cycleway":null,"ref":null,"tiger:name_direction_prefix":null,"parking:both:orientation":null,"parking:both":null,"oneway":null,"access":null,"service":"alley","tiger:reviewed":null,"surface":null,"lanes":null,"tiger:name_type":null,"tiger:name_base":null,"tiger:county":null,"tiger:cfcc":null,"name":null,"is_in:state_code":"CO","is_in:state":"Colorado","is_in:city":"Aspen"},"geometry":{"type":"LineString","coordinates":[[-106.8175525,39.1873635],[-106.8178141,39.1874169],[-106.8190162,39.1876629],[-106.8201648,39.1878983]]}},
{"type":"Feature","properties":{"full_id":"w1065331776","osm_id":"1065331776","osm_type":"way","highway":"pedestrian","crossing:markings":null,"crossing":null,"footway":null,"maxheight":null,"oneway:bicycle":null,"bus":null,"wheelchair":null,"source:geometry":null,"operator":null,"motor_vehicle":null,"dog":null,"cycleway:both:lane":null,"parking:lanes:both":null,"maxweight:signed":null,"sidewalk:both:surface":null,"turn:lanes:forward":null,"horse":null,"mtb:scale:imba":null,"wikipedia":null,"wikidata":null,"segregated":null,"tunnel":null,"layer":null,"bridge":null,"foot":null,"turn:lanes:backward":null,"source:hgv:national_network":null,"hgv:national_network":null,"hgv":null,"alt_name":null,"parking:right:orientation":null,"parking:right":null,"parking:left:orientation":null,"parking:left":null,"cycleway:right":null,"sidewalk":null,"cycleway:both":null,"bicycle":"dismount","tiger:name_direction_suffix":null,"tracktype":null,"source:maxspeed":null,"smoothness":null,"parking:lane:both":null,"lanes:forward":null,"lanes:backward":null,"CDOT_route":null,"lit":null,"sidewalk:right":null,"sidewalk:left":null,"tiger:name_type_1":null,"tiger:name_direction_prefix_1":null,"tiger:name_base_1":null,"railway":null,"old_railway_operator":null,"name_1":null,"maxspeed":null,"cycleway":null,"ref":null,"tiger:name_direction_prefix":null,"parking:both:orientation":null,"parking:both":null,"oneway":null,"access":null,"service":null,"tiger:reviewed":null,"surface":null,"lanes":null,"tiger:name_type":null,"tiger:name_base":null,"tiger:county":null,"tiger:cfcc":null,"name":"South Galena Street","is_in:state_code":null,"is_in:state":null,"is_in:city":null},"geometry":{"type":"LineString","coordinates":[[-106.8190162,39.1876629],[-106.8188767,39.1880526]]}},
{"type":"Feature","properties":{"full_id":"w1066545553","osm_id":"1066545553","osm_type":"way","highway":"service","crossing:markings":null,"crossing":null,"footway":null,"maxheight":null,"oneway:bicycle":null,"bus":null,"wheelchair":null,"source:geometry":null,"operator":null,"motor_vehicle":null,"dog":null,"cycleway:both:lane":null,"parking:lanes:both":null,"maxweight:signed":null,"sidewalk:both:surface":null,"turn:lanes:forward":null,"horse":null,"mtb:scale:imba":null,"wikipedia":null,"wikidata":null,"segregated":null,"tunnel":null,"layer":null,"bridge":null,"foot":null,"turn:lanes:backward":null,"source:hgv:national_network":null,"hgv:national_network":null,"hgv":null,"alt_name":null,"parking:right:orientation":null,"parking:right":null,"parking:left:orientation":null,"parking:left":null,"cycleway:right":null,"sidewalk":null,"cycleway:both":null,"bicycle":null,"tiger:name_direction_suffix":null,"tracktype":null,"source:maxspeed":null,"smoothness":null,"parking:lane:both":null,"lanes:forward":null,"lanes:backward":null,"CDOT_route":null,"lit":null,"sidewalk:right":null,"sidewalk:left":null,"tiger:name_type_1":null,"tiger:name_direction_prefix_1":null,"tiger:name_base_1":null,"railway":null,"old_railway_operator":null,"name_1":null,"maxspeed":null,"cycleway":null,"ref":null,"tiger:name_direction_prefix":null,"parking:both:orientation":null,"parking:both":null,"oneway":null,"access":"private","service":"driveway","tiger:reviewed":null,"surface":"paved","lanes":"1","tiger:name_type":null,"tiger:name_base":null,"tiger:county":null,"tiger:cfcc":null,"name":null,"is_in:state_code":"CO","is_in:state":"Colorado","is_in:city":"Aspen"},"geometry":{"type":"LineString","coordinates":[[-106.8106769,39.1829682],[-106.8107225,39.1828746],[-106.8107332,39.1828145],[-106.8107127,39.1827332],[-106.8105666,39.1824832]]}},
{"type":"Feature","properties":{"full_id":"w1066545555","osm_id":"1066545555","osm_type":"way","highway":"service","crossing:markings":null,"crossing":null,"footway":null,"maxheight":null,"oneway:bicycle":null,"bus":null,"wheelchair":null,"source:geometry":null,"operator":null,"motor_vehicle":null,"dog":null,"cycleway:both:lane":null,"parking:lanes:both":null,"maxweight:signed":null,"sidewalk:both:surface":null,"turn:lanes:forward":null,"horse":null,"mtb:scale:imba":null,"wikipedia":null,"wikidata":null,"segregated":null,"tunnel":null,"layer":null,"bridge":null,"foot":null,"turn:lanes:backward":null,"source:hgv:national_network":null,"hgv:national_network":null,"hgv":null,"alt_name":null,"parking:right:orientation":null,"parking:right":null,"parking:left:orientation":null,"parking:left":null,"cycleway:right":null,"sidewalk":null,"cycleway:both":null,"bicycle":null,"tiger:name_direction_suffix":null,"tracktype":null,"source:maxspeed":null,"smoothness":null,"parking:lane:both":null,"lanes:forward":null,"lanes:backward":null,"CDOT_route":null,"lit":null,"sidewalk:right":null,"sidewalk:left":null,"tiger:name_type_1":null,"tiger:name_direction_prefix_1":null,"tiger:name_base_1":null,"railway":null,"old_railway_operator":null,"name_1":null,"maxspeed":null,"cycleway":null,"ref":null,"tiger:name_direction_prefix":null,"parking:both:orientation":null,"parking:both":null,"oneway":null,"access":"private","service":"driveway","tiger:reviewed":null,"surface":null,"lanes":null,"tiger:name_type":null,"tiger:name_base":null,"tiger:county":null,"tiger:cfcc":null,"name":null,"is_in:state_code":null,"is_in:state":null,"is_in:city":null},"geometry":{"type":"LineString","coordinates":[[-106.8107332,39.1828145],[-106.8107778,39.1827616],[-106.8108314,39.1827096]]}},
{"type":"Feature","properties":{"full_id":"w1066756890","osm_id":"1066756890","osm_type":"way","highway":"cycleway","crossing:markings":null,"crossing":null,"footway":null,"maxheight":null,"oneway:bicycle":null,"bus":null,"wheelchair":null,"source:geometry":null,"operator":null,"motor_vehicle":null,"dog":null,"cycleway:both:lane":null,"parking:lanes:both":null,"maxweight:signed":null,"sidewalk:both:surface":null,"turn:lanes:forward":null,"horse":null,"mtb:scale:imba":null,"wikipedia":null,"wikidata":null,"segregated":null,"tunnel":null,"layer":"1","bridge":"yes","foot":null,"turn:lanes:backward":null,"source:hgv:national_network":null,"hgv:national_network":null,"hgv":null,"alt_name":null,"parking:right:orientation":null,"parking:right":null,"parking:left:orientation":null,"parking:left":null,"cycleway:right":null,"sidewalk":null,"cycleway:both":null,"bicycle":null,"tiger:name_direction_suffix":null,"tracktype":null,"source:maxspeed":null,"smoothness":null,"parking:lane:both":null,"lanes:forward":null,"lanes:backward":null,"CDOT_route":null,"lit":null,"sidewalk:right":null,"sidewalk:left":null,"tiger:name_type_1":null,"tiger:name_direction_prefix_1":null,"tiger:name_base_1":null,"railway":null,"old_railway_operator":null,"name_1":null,"maxspeed":null,"cycleway":null,"ref":null,"tiger:name_direction_prefix":null,"parking:both:orientation":null,"parking:both":null,"oneway":null,"access":null,"service":null,"tiger:reviewed":null,"surface":"paved","lanes":null,"tiger:name_type":null,"tiger:name_base":null,"tiger:county":null,"tiger:cfcc":null,"name":"East of Aspen Trail","is_in:state_code":null,"is_in:state":null,"is_in:city":null},"geometry":{"type":"LineString","coordinates":[[-106.8116616,39.1865189],[-106.8113292,39.1864552]]}},
{"type":"Feature","properties":{"full_id":"w1066756891","osm_id":"1066756891","osm_type":"way","highway":"cycleway","crossing:markings":null,"crossing":null,"footway":null,"maxheight":null,"oneway:bicycle":null,"bus":null,"wheelchair":null,"source:geometry":null,"operator":null,"motor_vehicle":null,"dog":null,"cycleway:both:lane":null,"parking:lanes:both":null,"maxweight:signed":null,"sidewalk:both:surface":null,"turn:lanes:forward":null,"horse":null,"mtb:scale:imba":null,"wikipedia":null,"wikidata":null,"segregated":null,"tunnel":null,"layer":null,"bridge":null,"foot":null,"turn:lanes:backward":null,"source:hgv:national_network":null,"hgv:national_network":null,"hgv":null,"alt_name":null,"parking:right:orientation":null,"parking:right":null,"parking:left:orientation":null,"parking:left":null,"cycleway:right":null,"sidewalk":null,"cycleway:both":null,"bicycle":null,"tiger:name_direction_suffix":null,"tracktype":null,"source:maxspeed":null,"smoothness":null,"parking:lane:both":null,"lanes:forward":null,"lanes:backward":null,"CDOT_route":null,"lit":null,"sidewalk:right":null,"sidewalk:left":null,"tiger:name_type_1":null,"tiger:name_direction_prefix_1":null,"tiger:name_base_1":null,"railway":null,"old_railway_operator":null,"name_1":null,"maxspeed":null,"cycleway":null,"ref":null,"tiger:name_direction_prefix":null,"parking:both:orientation":null,"parking:both":null,"oneway":null,"access":null,"service":null,"tiger:reviewed":null,"surface":"paved","lanes":null,"tiger:name_type":null,"tiger:name_base":null,"tiger:county":null,"tiger:cfcc":null,"name":"East of Aspen Trail","is_in:state_code":null,"is_in:state":null,"is_in:city":null},"geometry":{"type":"LineString","coordinates":[[-106.8118076,39.1866241],[-106.8118265,39.1865611],[-106.8116616,39.1865189]]}},
{"type":"Feature","properties":{"full_id":"w1066758746","osm_id":"1066758746","osm_type":"way","highway":"service","crossing:markings":null,"crossing":null,"footway":null,"maxheight":null,"oneway:bicycle":null,"bus":null,"wheelchair":null,"source:geometry":null,"operator":null,"motor_vehicle":null,"dog":null,"cycleway:both:lane":null,"parking:lanes:both":null,"maxweight:signed":null,"sidewalk:both:surface":null,"turn:lanes:forward":null,"horse":null,"mtb:scale:imba":null,"wikipedia":null,"wikidata":null,"segregated":null,"tunnel":null,"layer":"-1","bridge":null,"foot":null,"turn:lanes:backward":null,"source:hgv:national_network":null,"hgv:national_network":null,"hgv":null,"alt_name":null,"parking:right:orientation":null,"parking:right":null,"parking:left:orientation":null,"parking:left":null,"cycleway:right":null,"sidewalk":null,"cycleway:both":null,"bicycle":null,"tiger:name_direction_suffix":null,"tracktype":null,"source:maxspeed":null,"smoothness":null,"parking:lane:both":null,"lanes:forward":null,"lanes:backward":null,"CDOT_route":null,"lit":null,"sidewalk:right":null,"sidewalk:left":null,"tiger:name_type_1":null,"tiger:name_direction_prefix_1":null,"tiger:name_base_1":null,"railway":null,"old_railway_operator":null,"name_1":null,"maxspeed":null,"cycleway":null,"ref":null,"tiger:name_direction_prefix":null,"parking:both:orientation":null,"parking:both":null,"oneway":"yes","access":"destination","service":"driveway","tiger:reviewed":null,"surface":null,"lanes":null,"tiger:name_type":null,"tiger:name_base":null,"tiger:county":null,"tiger:cfcc":null,"name":null,"is_in:state_code":null,"is_in:state":null,"is_in:city":null},"geometry":{"type":"LineString","coordinates":[[-106.8166052,39.1867525],[-106.8166474,39.1866334]]}},
{"type":"Feature","properties":{"full_id":"w1066758747","osm_id":"1066758747","osm_type":"way","highway":"service","crossing:markings":null,"crossing":null,"footway":null,"maxheight":"below_default","oneway:bicycle":null,"bus":null,"wheelchair":null,"source:geometry":null,"operator":null,"motor_vehicle":null,"dog":null,"cycleway:both:lane":null,"parking:lanes:both":null,"maxweight:signed":null,"sidewalk:both:surface":null,"turn:lanes:forward":null,"horse":null,"mtb:scale:imba":null,"wikipedia":null,"wikidata":null,"segregated":null,"tunnel":"yes","layer":"-1","bridge":null,"foot":null,"turn:lanes:backward":null,"source:hgv:national_network":null,"hgv:national_network":null,"hgv":null,"alt_name":null,"parking:right:orientation":null,"parking:right":null,"parking:left:orientation":null,"parking:left":null,"cycleway:right":null,"sidewalk":null,"cycleway:both":null,"bicycle":null,"tiger:name_direction_suffix":null,"tracktype":null,"source:maxspeed":null,"smoothness":null,"parking:lane:both":null,"lanes:forward":null,"lanes:backward":null,"CDOT_route":null,"lit":null,"sidewalk:right":null,"sidewalk:left":null,"tiger:name_type_1":null,"tiger:name_direction_prefix_1":null,"tiger:name_base_1":null,"railway":null,"old_railway_operator":null,"name_1":null,"maxspeed":null,"cycleway":null,"ref":null,"tiger:name_direction_prefix":null,"parking:both:orientation":null,"parking:both":null,"oneway":"yes","access":"destination","service":"driveway","tiger:reviewed":null,"surface":null,"lanes":null,"tiger:name_type":null,"tiger:name_base":null,"tiger:county":null,"tiger:cfcc":null,"name":null,"is_in:state_code":null,"is_in:state":null,"is_in:city":null},"geometry":{"type":"LineString","coordinates":[[-106.8166474,39.1866334],[-106.8166727,39.1865618]]}},
{"type":"Feature","properties":{"full_id":"w1067058341","osm_id":"1067058341","osm_type":"way","highway":"service","crossing:markings":null,"crossing":null,"footway":null,"maxheight":null,"oneway:bicycle":null,"bus":null,"wheelchair":null,"source:geometry":null,"operator":null,"motor_vehicle":null,"dog":null,"cycleway:both:lane":null,"parking:lanes:both":null,"maxweight:signed":null,"sidewalk:both:surface":null,"turn:lanes:forward":null,"horse":null,"mtb:scale:imba":null,"wikipedia":null,"wikidata":null,"segregated":null,"tunnel":null,"layer":null,"bridge":null,"foot":null,"turn:lanes:backward":null,"source:hgv:national_network":null,"hgv:national_network":null,"hgv":null,"alt_name":null,"parking:right:orientation":null,"parking:right":null,"parking:left:orientation":null,"parking:left":null,"cycleway:right":null,"sidewalk":null,"cycleway:both":null,"bicycle":null,"tiger:name_direction_suffix":null,"tracktype":null,"source:maxspeed":null,"smoothness":null,"parking:lane:both":null,"lanes:forward":null,"lanes:backward":null,"CDOT_route":null,"lit":null,"sidewalk:right":null,"sidewalk:left":null,"tiger:name_type_1":null,"tiger:name_direction_prefix_1":null,"tiger:name_base_1":null,"railway":null,"old_railway_operator":null,"name_1":null,"maxspeed":null,"cycleway":null,"ref":null,"tiger:name_direction_prefix":null,"parking:both:orientation":null,"parking:both":null,"oneway":null,"access":"private","service":"parking_aisle","tiger:reviewed":null,"surface":null,"lanes":null,"tiger:name_type":null,"tiger:name_base":null,"tiger:county":null,"tiger:cfcc":null,"name":null,"is_in:state_code":null,"is_in:state":null,"is_in:city":null},"geometry":{"type":"LineString","coordinates":[[-106.8164074,39.1853435],[-106.816474,39.1853623],[-106.8165983,39.1854476],[-106.8166412,39.1854621],[-106.8166842,39.1854691],[-106.8167324,39.1854614],[-106.81699,39.1853187],[-106.8170299,39.1853156],[-106.8170578,39.1853274],[-106.8173185,39.1855944]]}},
{"type":"Feature","properties":{"full_id":"w1067058342","osm_id":"1067058342","osm_type":"way","highway":"service","crossing:markings":null,"crossing":null,"footway":null,"maxheight":null,"oneway:bicycle":null,"bus":null,"wheelchair":null,"source:geometry":null,"operator":null,"motor_vehicle":null,"dog":null,"cycleway:both:lane":null,"parking:lanes:both":null,"maxweight:signed":null,"sidewalk:both:surface":null,"turn:lanes:forward":null,"horse":null,"mtb:scale:imba":null,"wikipedia":null,"wikidata":null,"segregated":null,"tunnel":null,"layer":null,"bridge":null,"foot":null,"turn:lanes:backward":null,"source:hgv:national_network":null,"hgv:national_network":null,"hgv":null,"alt_name":null,"parking:right:orientation":null,"parking:right":null,"parking:left:orientation":null,"parking:left":null,"cycleway:right":null,"sidewalk":null,"cycleway:both":null,"bicycle":null,"tiger:name_direction_suffix":null,"tracktype":null,"source:maxspeed":null,"smoothness":null,"parking:lane:both":null,"lanes:forward":null,"lanes:backward":null,"CDOT_route":null,"lit":null,"sidewalk:right":null,"sidewalk:left":null,"tiger:name_type_1":null,"tiger:name_direction_prefix_1":null,"tiger:name_base_1":null,"railway":null,"old_railway_operator":null,"name_1":null,"maxspeed":null,"cycleway":null,"ref":null,"tiger:name_direction_prefix":null,"parking:both:orientation":null,"parking:both":null,"oneway":null,"access":null,"service":"alley","tiger:reviewed":null,"surface":null,"lanes":null,"tiger:name_type":null,"tiger:name_base":null,"tiger:county":null,"tiger:cfcc":null,"name":null,"is_in:state_code":"CO","is_in:state":"Colorado","is_in:city":"Aspen"},"geometry":{"type":"LineString","coordinates":[[-106.8117899,39.1870126],[-106.8128488,39.1872381],[-106.8139235,39.1874509],[-106.8140188,39.1874698]]}},
{"type":"Feature","properties":{"full_id":"w1067983818","osm_id":"1067983818","osm_type":"way","highway":"service","crossing:markings":null,"crossing":null,"footway":null,"maxheight":null,"oneway:bicycle":null,"bus":null,"wheelchair":null,"source:geometry":null,"operator":null,"motor_vehicle":null,"dog":null,"cycleway:both:lane":null,"parking:lanes:both":null,"maxweight:signed":null,"sidewalk:both:surface":null,"turn:lanes:forward":null,"horse":null,"mtb:scale:imba":null,"wikipedia":null,"wikidata":null,"segregated":null,"tunnel":null,"layer":"-1","bridge":null,"foot":null,"turn:lanes:backward":null,"source:hgv:national_network":null,"hgv:national_network":null,"hgv":null,"alt_name":null,"parking:right:orientation":null,"parking:right":null,"parking:left:orientation":null,"parking:left":null,"cycleway:right":null,"sidewalk":null,"cycleway:both":null,"bicycle":null,"tiger:name_direction_suffix":null,"tracktype":null,"source:maxspeed":null,"smoothness":null,"parking:lane:both":null,"lanes:forward":null,"lanes:backward":null,"CDOT_route":null,"lit":null,"sidewalk:right":null,"sidewalk:left":null,"tiger:name_type_1":null,"tiger:name_direction_prefix_1":null,"tiger:name_base_1":null,"railway":null,"old_railway_operator":null,"name_1":null,"maxspeed":null,"cycleway":null,"ref":null,"tiger:name_direction_prefix":null,"parking:both:orientation":null,"parking:both":null,"oneway":"yes","access":"destination","service":"driveway","tiger:reviewed":null,"surface":null,"lanes":null,"tiger:name_type":null,"tiger:name_base":null,"tiger:county":null,"tiger:cfcc":null,"name":null,"is_in:state_code":null,"is_in:state":null,"is_in:city":null},"geometry":{"type":"LineString","coordinates":[[-106.8166727,39.1865618],[-106.8167444,39.1863595]]}},
{"type":"Feature","properties":{"full_id":"w1067983819","osm_id":"1067983819","osm_type":"way","highway":"service","crossing:markings":null,"crossing":null,"footway":null,"maxheight":null,"oneway:bicycle":null,"bus":null,"wheelchair":null,"source:geometry":null,"operator":null,"motor_vehicle":null,"dog":null,"cycleway:both:lane":null,"parking:lanes:both":null,"maxweight:signed":null,"sidewalk:both:surface":null,"turn:lanes:forward":null,"horse":null,"mtb:scale:imba":null,"wikipedia":null,"wikidata":null,"segregated":null,"tunnel":null,"layer":null,"bridge":null,"foot":null,"turn:lanes:backward":null,"source:hgv:national_network":null,"hgv:national_network":null,"hgv":null,"alt_name":null,"parking:right:orientation":null,"parking:right":null,"parking:left:orientation":null,"parking:left":null,"cycleway:right":null,"sidewalk":null,"cycleway:both":null,"bicycle":null,"tiger:name_direction_suffix":null,"tracktype":null,"source:maxspeed":null,"smoothness":null,"parking:lane:both":null,"lanes:forward":null,"lanes:backward":null,"CDOT_route":null,"lit":null,"sidewalk:right":null,"sidewalk:left":null,"tiger:name_type_1":null,"tiger:name_direction_prefix_1":null,"tiger:name_base_1":null,"railway":null,"old_railway_operator":null,"name_1":null,"maxspeed":null,"cycleway":null,"ref":null,"tiger:name_direction_prefix":null,"parking:both:orientation":null,"parking:both":null,"oneway":null,"access":"destination","service":"driveway","tiger:reviewed":null,"surface":null,"lanes":null,"tiger:name_type":null,"tiger:name_base":null,"tiger:county":null,"tiger:cfcc":null,"name":null,"is_in:state_code":null,"is_in:state":null,"is_in:city":null},"geometry":{"type":"LineString","coordinates":[[-106.81223,39.1883553],[-106.8122024,39.1884357],[-106.812101,39.1887307],[-106.8121057,39.188759],[-106.8121305,39.1887772],[-106.8121733,39.1887865],[-106.8122068,39.1887844],[-106.8122215,39.1887808]]}},
{"type":"Feature","properties":{"full_id":"w1067987005","osm_id":"1067987005","osm_type":"way","highway":"footway","crossing:markings":null,"crossing":null,"footway":null,"maxheight":null,"oneway:bicycle":null,"bus":null,"wheelchair":null,"source:geometry":null,"operator":null,"motor_vehicle":null,"dog":null,"cycleway:both:lane":null,"parking:lanes:both":null,"maxweight:signed":null,"sidewalk:both:surface":null,"turn:lanes:forward":null,"horse":null,"mtb:scale:imba":null,"wikipedia":null,"wikidata":null,"segregated":null,"tunnel":null,"layer":null,"bridge":null,"foot":null,"turn:lanes:backward":null,"source:hgv:national_network":null,"hgv:national_network":null,"hgv":null,"alt_name":null,"parking:right:orientation":null,"parking:right":null,"parking:left:orientation":null,"parking:left":null,"cycleway:right":null,"sidewalk":null,"cycleway:both":null,"bicycle":null,"tiger:name_direction_suffix":null,"tracktype":null,"source:maxspeed":null,"smoothness":null,"parking:lane:both":null,"lanes:forward":null,"lanes:backward":null,"CDOT_route":null,"lit":null,"sidewalk:right":null,"sidewalk:left":null,"tiger:name_type_1":null,"tiger:name_direction_prefix_1":null,"tiger:name_base_1":null,"railway":null,"old_railway_operator":null,"name_1":null,"maxspeed":null,"cycleway":null,"ref":null,"tiger:name_direction_prefix":null,"parking:both:orientation":null,"parking:both":null,"oneway":null,"access":null,"service":null,"tiger:reviewed":null,"surface":null,"lanes":null,"tiger:name_type":null,"tiger:name_base":null,"tiger:county":null,"tiger:cfcc":null,"name":null,"is_in:state_code":null,"is_in:state":null,"is_in:city":null},"geometry":{"type":"LineString","coordinates":[[-106.8167546,39.1922504],[-106.8167187,39.1922837]]}},
{"type":"Feature","properties":{"full_id":"w1067987006","osm_id":"1067987006","osm_type":"way","highway":"footway","crossing:markings":null,"crossing":null,"footway":null,"maxheight":null,"oneway:bicycle":null,"bus":null,"wheelchair":null,"source:geometry":null,"operator":null,"motor_vehicle":null,"dog":null,"cycleway:both:lane":null,"parking:lanes:both":null,"maxweight:signed":null,"sidewalk:both:surface":null,"turn:lanes:forward":null,"horse":null,"mtb:scale:imba":null,"wikipedia":null,"wikidata":null,"segregated":null,"tunnel":null,"layer":null,"bridge":null,"foot":null,"turn:lanes:backward":null,"source:hgv:national_network":null,"hgv:national_network":null,"hgv":null,"alt_name":null,"parking:right:orientation":null,"parking:right":null,"parking:left:orientation":null,"parking:left":null,"cycleway:right":null,"sidewalk":null,"cycleway:both":null,"bicycle":null,"tiger:name_direction_suffix":null,"tracktype":null,"source:maxspeed":null,"smoothness":null,"parking:lane:both":null,"lanes:forward":null,"lanes:backward":null,"CDOT_route":null,"lit":"no","sidewalk:right":null,"sidewalk:left":null,"tiger:name_type_1":null,"tiger:name_direction_prefix_1":null,"tiger:name_base_1":null,"railway":null,"old_railway_operator":null,"name_1":null,"maxspeed":null,"cycleway":null,"ref":null,"tiger:name_direction_prefix":null,"parking:both:orientation":null,"parking:both":null,"oneway":null,"access":null,"service":null,"tiger:reviewed":null,"surface":"concrete","lanes":null,"tiger:name_type":null,"tiger:name_base":null,"tiger:county":null,"tiger:cfcc":null,"name":"John Denver Memorial","is_in:state_code":"CO","is_in:state":"Colorado","is_in:city":"Aspen"},"geometry":{"type":"LineString","coordinates":[[-106.8158284,39.1916276],[-106.8157992,39.1917024],[-106.8157842,39.1917654],[-106.8157531,39.1918359],[-106.8157485,39.1918706]]}},
{"type":"Feature","properties":{"full_id":"w1067987007","osm_id":"1067987007","osm_type":"way","highway":"footway","crossing:markings":null,"crossing":null,"footway":null,"maxheight":null,"oneway:bicycle":null,"bus":null,"wheelchair":null,"source:geometry":null,"operator":null,"motor_vehicle":null,"dog":null,"cycleway:both:lane":null,"parking:lanes:both":null,"maxweight:signed":null,"sidewalk:both:surface":null,"turn:lanes:forward":null,"horse":null,"mtb:scale:imba":null,"wikipedia":null,"wikidata":null,"segregated":null,"tunnel":null,"layer":"1","bridge":"yes","foot":null,"turn:lanes:backward":null,"source:hgv:national_network":null,"hgv:national_network":null,"hgv":null,"alt_name":null,"parking:right:orientation":null,"parking:right":null,"parking:left:orientation":null,"parking:left":null,"cycleway:right":null,"sidewalk":null,"cycleway:both":null,"bicycle":null,"tiger:name_direction_suffix":null,"tracktype":null,"source:maxspeed":null,"smoothness":null,"parking:lane:both":null,"lanes:forward":null,"lanes:backward":null,"CDOT_route":null,"lit":"no","sidewalk:right":null,"sidewalk:left":null,"tiger:name_type_1":null,"tiger:name_direction_prefix_1":null,"tiger:name_base_1":null,"railway":null,"old_railway_operator":null,"name_1":null,"maxspeed":null,"cycleway":null,"ref":null,"tiger:name_direction_prefix":null,"parking:both:orientation":null,"parking:both":null,"oneway":null,"access":null,"service":null,"tiger:reviewed":null,"surface":"concrete","lanes":null,"tiger:name_type":null,"tiger:name_base":null,"tiger:county":null,"tiger:cfcc":null,"name":"John Denver Memorial","is_in:state_code":"CO","is_in:state":"Colorado","is_in:city":"Aspen"},"geometry":{"type":"LineString","coordinates":[[-106.8157485,39.1918706],[-106.8157495,39.1919346]]}},
{"type":"Feature","properties":{"full_id":"w1070029122","osm_id":"1070029122","osm_type":"way","highway":"cycleway","crossing:markings":null,"crossing":null,"footway":null,"maxheight":null,"oneway:bicycle":null,"bus":null,"wheelchair":null,"source:geometry":null,"operator":null,"motor_vehicle":null,"dog":null,"cycleway:both:lane":null,"parking:lanes:both":null,"maxweight:signed":null,"sidewalk:both:surface":null,"turn:lanes:forward":null,"horse":null,"mtb:scale:imba":null,"wikipedia":null,"wikidata":null,"segregated":null,"tunnel":null,"layer":null,"bridge":null,"foot":"designated","turn:lanes:backward":null,"source:hgv:national_network":null,"hgv:national_network":null,"hgv":null,"alt_name":null,"parking:right:orientation":null,"parking:right":null,"parking:left:orientation":null,"parking:left":null,"cycleway:right":null,"sidewalk":null,"cycleway:both":null,"bicycle":"designated","tiger:name_direction_suffix":null,"tracktype":null,"source:maxspeed":null,"smoothness":null,"parking:lane:both":null,"lanes:forward":null,"lanes:backward":null,"CDOT_route":null,"lit":null,"sidewalk:right":null,"sidewalk:left":null,"tiger:name_type_1":null,"tiger:name_direction_prefix_1":null,"tiger:name_base_1":null,"railway":null,"old_railway_operator":null,"name_1":null,"maxspeed":null,"cycleway":null,"ref":null,"tiger:name_direction_prefix":null,"parking:both:orientation":null,"parking:both":null,"oneway":null,"access":null,"service":null,"tiger:reviewed":null,"surface":null,"lanes":null,"tiger:name_type":null,"tiger:name_base":null,"tiger:county":null,"tiger:cfcc":null,"name":null,"is_in:state_code":null,"is_in:state":null,"is_in:city":null},"geometry":{"type":"LineString","coordinates":[[-106.8168533,39.1921494],[-106.8167546,39.1922504]]}},
{"type":"Feature","properties":{"full_id":"w1070029127","osm_id":"1070029127","osm_type":"way","highway":"footway","crossing:markings":null,"crossing":null,"footway":null,"maxheight":null,"oneway:bicycle":null,"bus":null,"wheelchair":null,"source:geometry":null,"operator":null,"motor_vehicle":null,"dog":null,"cycleway:both:lane":null,"parking:lanes:both":null,"maxweight:signed":null,"sidewalk:both:surface":null,"turn:lanes:forward":null,"horse":null,"mtb:scale:imba":null,"wikipedia":null,"wikidata":null,"segregated":null,"tunnel":null,"layer":null,"bridge":null,"foot":null,"turn:lanes:backward":null,"source:hgv:national_network":null,"hgv:national_network":null,"hgv":null,"alt_name":null,"parking:right:orientation":null,"parking:right":null,"parking:left:orientation":null,"parking:left":null,"cycleway:right":null,"sidewalk":null,"cycleway:both":null,"bicycle":"yes","tiger:name_direction_suffix":null,"tracktype":null,"source:maxspeed":null,"smoothness":null,"parking:lane:both":null,"lanes:forward":null,"lanes:backward":null,"CDOT_route":null,"lit":null,"sidewalk:right":null,"sidewalk:left":null,"tiger:name_type_1":null,"tiger:name_direction_prefix_1":null,"tiger:name_base_1":null,"railway":null,"old_railway_operator":null,"name_1":null,"maxspeed":null,"cycleway":null,"ref":null,"tiger:name_direction_prefix":null,"parking:both:orientation":null,"parking:both":null,"oneway":null,"access":null,"service":null,"tiger:reviewed":null,"surface":"dirt","lanes":null,"tiger:name_type":null,"tiger:name_base":null,"tiger:county":null,"tiger:cfcc":null,"name":"Wheeler Ditch Trail","is_in:state_code":null,"is_in:state":null,"is_in:city":null},"geometry":{"type":"LineString","coordinates":[[-106.811686,39.1829907],[-106.8117076,39.1829328],[-106.8117129,39.1828977],[-106.8117182,39.1828769],[-106.8117314,39.1828562],[-106.811729,39.1828382],[-106.811723,39.1828091],[-106.8117222,39.1827651],[-106.8117223,39.1827296],[-106.8117111,39.1826882],[-106.8116925,39.1826057],[-106.8116851,39.1825498],[-106.8116671,39.182502],[-106.8116612,39.1824622],[-106.8116277,39.1824006],[-106.8116092,39.1823788],[-106.8115745,39.1823581],[-106.8115516,39.1823216],[-106.8115303,39.1822992],[-106.8115171,39.1822796],[-106.8114979,39.1822605],[-106.811485,39.1822477],[-106.8114284,39.1822128],[-106.8113989,39.1821934],[-106.8113465,39.1821335],[-106.8113208,39.1821158],[-106.8112643,39.1820919],[-106.8112208,39.1820781],[-106.811158,39.1820519],[-106.8110603,39.1820299],[-106.8109438,39.1820025],[-106.810913,39.1819938],[-106.8108811,39.1819797],[-106.8108568,39.1819562],[-106.8108461,39.1819375]]}},
{"type":"Feature","properties":{"full_id":"w1070029128","osm_id":"1070029128","osm_type":"way","highway":"footway","crossing:markings":null,"crossing":null,"footway":null,"maxheight":null,"oneway:bicycle":null,"bus":null,"wheelchair":null,"source:geometry":null,"operator":null,"motor_vehicle":null,"dog":null,"cycleway:both:lane":null,"parking:lanes:both":null,"maxweight:signed":null,"sidewalk:both:surface":null,"turn:lanes:forward":null,"horse":null,"mtb:scale:imba":null,"wikipedia":null,"wikidata":null,"segregated":null,"tunnel":null,"layer":"1","bridge":"yes","foot":null,"turn:lanes:backward":null,"source:hgv:national_network":null,"hgv:national_network":null,"hgv":null,"alt_name":null,"parking:right:orientation":null,"parking:right":null,"parking:left:orientation":null,"parking:left":null,"cycleway:right":null,"sidewalk":null,"cycleway:both":null,"bicycle":"yes","tiger:name_direction_suffix":null,"tracktype":null,"source:maxspeed":null,"smoothness":null,"parking:lane:both":null,"lanes:forward":null,"lanes:backward":null,"CDOT_route":null,"lit":null,"sidewalk:right":null,"sidewalk:left":null,"tiger:name_type_1":null,"tiger:name_direction_prefix_1":null,"tiger:name_base_1":null,"railway":null,"old_railway_operator":null,"name_1":null,"maxspeed":null,"cycleway":null,"ref":null,"tiger:name_direction_prefix":null,"parking:both:orientation":null,"parking:both":null,"oneway":null,"access":null,"service":null,"tiger:reviewed":null,"surface":"dirt","lanes":null,"tiger:name_type":null,"tiger:name_base":null,"tiger:county":null,"tiger:cfcc":null,"name":"Wheeler Ditch Trail","is_in:state_code":null,"is_in:state":null,"is_in:city":null},"geometry":{"type":"LineString","coordinates":[[-106.8116656,39.183037],[-106.811686,39.1829907]]}},
{"type":"Feature","properties":{"full_id":"w1110336826","osm_id":"1110336826","osm_type":"way","highway":"residential","crossing:markings":null,"crossing":null,"footway":null,"maxheight":null,"oneway:bicycle":null,"bus":null,"wheelchair":null,"source:geometry":null,"operator":null,"motor_vehicle":null,"dog":null,"cycleway:both:lane":null,"parking:lanes:both":null,"maxweight:signed":null,"sidewalk:both:surface":null,"turn:lanes:forward":null,"horse":null,"mtb:scale:imba":null,"wikipedia":null,"wikidata":null,"segregated":null,"tunnel":null,"layer":"1","bridge":"yes","foot":null,"turn:lanes:backward":null,"source:hgv:national_network":null,"hgv:national_network":null,"hgv":null,"alt_name":null,"parking:right:orientation":null,"parking:right":null,"parking:left:orientation":null,"parking:left":null,"cycleway:right":null,"sidewalk":null,"cycleway:both":null,"bicycle":null,"tiger:name_direction_suffix":null,"tracktype":null,"source:maxspeed":null,"smoothness":null,"parking:lane:both":null,"lanes:forward":null,"lanes:backward":null,"CDOT_route":null,"lit":null,"sidewalk:right":null,"sidewalk:left":null,"tiger:name_type_1":null,"tiger:name_direction_prefix_1":null,"tiger:name_base_1":null,"railway":null,"old_railway_operator":null,"name_1":null,"maxspeed":null,"cycleway":null,"ref":null,"tiger:name_direction_prefix":null,"parking:both:orientation":null,"parking:both":null,"oneway":null,"access":null,"service":null,"tiger:reviewed":null,"surface":"asphalt","lanes":null,"tiger:name_type":"Way","tiger:name_base":"Kathryn Snyder","tiger:county":"Pitkin, CO","tiger:cfcc":"A41","name":"Kathryn Snyder Way","is_in:state_code":"CO","is_in:state":"Colorado","is_in:city":"Aspen"},"geometry":{"type":"LineString","coordinates":[[-106.8091937,39.1874674],[-106.8090576,39.1874633]]}},
{"type":"Feature","properties":{"full_id":"w1110336827","osm_id":"1110336827","osm_type":"way","highway":"residential","crossing:markings":null,"crossing":null,"footway":null,"maxheight":null,"oneway:bicycle":null,"bus":null,"wheelchair":null,"source:geometry":null,"operator":null,"motor_vehicle":null,"dog":null,"cycleway:both:lane":null,"parking:lanes:both":null,"maxweight:signed":null,"sidewalk:both:surface":null,"turn:lanes:forward":null,"horse":null,"mtb:scale:imba":null,"wikipedia":null,"wikidata":null,"segregated":null,"tunnel":null,"layer":null,"bridge":null,"foot":null,"turn:lanes:backward":null,"source:hgv:national_network":null,"hgv:national_network":null,"hgv":null,"alt_name":null,"parking:right:orientation":null,"parking:right":null,"parking:left:orientation":null,"parking:left":null,"cycleway:right":null,"sidewalk":null,"cycleway:both":null,"bicycle":null,"tiger:name_direction_suffix":null,"tracktype":null,"source:maxspeed":null,"smoothness":null,"parking:lane:both":null,"lanes:forward":null,"lanes:backward":null,"CDOT_route":null,"lit":null,"sidewalk:right":null,"sidewalk:left":null,"tiger:name_type_1":null,"tiger:name_direction_prefix_1":null,"tiger:name_base_1":null,"railway":null,"old_railway_operator":null,"name_1":null,"maxspeed":null,"cycleway":null,"ref":null,"tiger:name_direction_prefix":null,"parking:both:orientation":null,"parking:both":null,"oneway":null,"access":null,"service":null,"tiger:reviewed":null,"surface":"asphalt","lanes":null,"tiger:name_type":"Way","tiger:name_base":"Kathryn Snyder","tiger:county":"Pitkin, CO","tiger:cfcc":"A41","name":"Kathryn Snyder Way","is_in:state_code":"CO","is_in:state":"Colorado","is_in:city":"Aspen"},"geometry":{"type":"LineString","coordinates":[[-106.8093508,39.1874744],[-106.8092143,39.1874683],[-106.8091937,39.1874674]]}},
{"type":"Feature","properties":{"full_id":"w1136569929","osm_id":"1136569929","osm_type":"way","highway":"footway","crossing:markings":null,"crossing":null,"footway":null,"maxheight":null,"oneway:bicycle":null,"bus":null,"wheelchair":null,"source:geometry":null,"operator":null,"motor_vehicle":null,"dog":null,"cycleway:both:lane":null,"parking:lanes:both":null,"maxweight:signed":null,"sidewalk:both:surface":null,"turn:lanes:forward":null,"horse":null,"mtb:scale:imba":null,"wikipedia":null,"wikidata":null,"segregated":null,"tunnel":null,"layer":null,"bridge":null,"foot":null,"turn:lanes:backward":null,"source:hgv:national_network":null,"hgv:national_network":null,"hgv":null,"alt_name":null,"parking:right:orientation":null,"parking:right":null,"parking:left:orientation":null,"parking:left":null,"cycleway:right":null,"sidewalk":null,"cycleway:both":null,"bicycle":null,"tiger:name_direction_suffix":null,"tracktype":null,"source:maxspeed":null,"smoothness":null,"parking:lane:both":null,"lanes:forward":null,"lanes:backward":null,"CDOT_route":null,"lit":null,"sidewalk:right":null,"sidewalk:left":null,"tiger:name_type_1":null,"tiger:name_direction_prefix_1":null,"tiger:name_base_1":null,"railway":null,"old_railway_operator":null,"name_1":null,"maxspeed":null,"cycleway":null,"ref":null,"tiger:name_direction_prefix":null,"parking:both:orientation":null,"parking:both":null,"oneway":null,"access":null,"service":null,"tiger:reviewed":null,"surface":null,"lanes":null,"tiger:name_type":null,"tiger:name_base":null,"tiger:county":null,"tiger:cfcc":null,"name":null,"is_in:state_code":null,"is_in:state":null,"is_in:city":null},"geometry":{"type":"LineString","coordinates":[[-106.8132126,39.1820702],[-106.8131881,39.1821044],[-106.8131807,39.182135],[-106.813171,39.1821638],[-106.8131605,39.182179],[-106.8131459,39.1821857],[-106.8131199,39.1821875],[-106.8130757,39.1821845],[-106.8129865,39.182176],[-106.8129489,39.1821658],[-106.8129217,39.1821651],[-106.8128758,39.1821787],[-106.8128351,39.1821973],[-106.8127988,39.1822228],[-106.8127757,39.1822323],[-106.8127433,39.1822316],[-106.8127171,39.1822282],[-106.8126965,39.1822353],[-106.8126878,39.1822472],[-106.8127105,39.1822912],[-106.8127105,39.1823106],[-106.8126878,39.1823418],[-106.8126738,39.1823516],[-106.8126239,39.1823672],[-106.8125854,39.1823784],[-106.812536,39.1823797],[-106.8124739,39.1823696],[-106.812393,39.1823448],[-106.812309,39.1822957],[-106.8122933,39.182277],[-106.8122842,39.1822562],[-106.8122836,39.182255],[-106.8122469,39.1822136],[-106.8122246,39.1822034],[-106.8121669,39.1821604],[-106.812141,39.1821478],[-106.8121109,39.1821472],[-106.8120711,39.182159],[-106.8120383,39.1821739],[-106.811984,39.1822017],[-106.8118992,39.1822275],[-106.8118546,39.1822353],[-106.8118393,39.1822356],[-106.8118222,39.1822268],[-106.8117898,39.1821807],[-106.8117413,39.1821322],[-106.8116663,39.1820781],[-106.811535,39.1820062]]}},
{"type":"Feature","properties":{"full_id":"w1136569930","osm_id":"1136569930","osm_type":"way","highway":"footway","crossing:markings":null,"crossing":null,"footway":null,"maxheight":null,"oneway:bicycle":null,"bus":null,"wheelchair":null,"source:geometry":null,"operator":null,"motor_vehicle":null,"dog":null,"cycleway:both:lane":null,"parking:lanes:both":null,"maxweight:signed":null,"sidewalk:both:surface":null,"turn:lanes:forward":null,"horse":null,"mtb:scale:imba":null,"wikipedia":null,"wikidata":null,"segregated":null,"tunnel":null,"layer":null,"bridge":null,"foot":null,"turn:lanes:backward":null,"source:hgv:national_network":null,"hgv:national_network":null,"hgv":null,"alt_name":null,"parking:right:orientation":null,"parking:right":null,"parking:left:orientation":null,"parking:left":null,"cycleway:right":null,"sidewalk":null,"cycleway:both":null,"bicycle":null,"tiger:name_direction_suffix":null,"tracktype":null,"source:maxspeed":null,"smoothness":null,"parking:lane:both":null,"lanes:forward":null,"lanes:backward":null,"CDOT_route":null,"lit":null,"sidewalk:right":null,"sidewalk:left":null,"tiger:name_type_1":null,"tiger:name_direction_prefix_1":null,"tiger:name_base_1":null,"railway":null,"old_railway_operator":null,"name_1":null,"maxspeed":null,"cycleway":null,"ref":null,"tiger:name_direction_prefix":null,"parking:both:orientation":null,"parking:both":null,"oneway":null,"access":null,"service":null,"tiger:reviewed":null,"surface":null,"lanes":null,"tiger:name_type":null,"tiger:name_base":null,"tiger:county":null,"tiger:cfcc":null,"name":null,"is_in:state_code":null,"is_in:state":null,"is_in:city":null},"geometry":{"type":"LineString","coordinates":[[-106.8131459,39.1821857],[-106.813151,39.182212],[-106.8131678,39.1822371],[-106.8132031,39.1822666],[-106.8132462,39.1822888],[-106.813272,39.18229],[-106.8132992,39.1822863],[-106.8133417,39.1822763],[-106.8133606,39.1822772],[-106.8133774,39.1822851],[-106.8133884,39.1822953],[-106.8133992,39.1823239],[-106.8134085,39.1823378],[-106.8134263,39.182364],[-106.8134332,39.1823853],[-106.8134301,39.1824237],[-106.813434,39.1824342],[-106.8134425,39.1824483],[-106.8134433,39.1824639],[-106.8134294,39.1824897],[-106.8134015,39.1825407],[-106.8133806,39.1825575],[-106.8133702,39.1825716],[-106.813364,39.1825842],[-106.8133365,39.1826031],[-106.8133257,39.1826148],[-106.8133226,39.1826256],[-106.8133317,39.1826804],[-106.8133312,39.1827289],[-106.8132935,39.1827945],[-106.8132486,39.1828526],[-106.8132078,39.1828838],[-106.8131794,39.1828978],[-106.8131525,39.182927],[-106.8131324,39.1829418],[-106.8131179,39.1829462],[-106.8131029,39.1829406],[-106.8130306,39.1829074],[-106.812996,39.1828966],[-106.81298,39.1828786],[-106.8129454,39.1828197],[-106.8129139,39.1827817],[-106.8129093,39.1827649],[-106.8129232,39.1827181],[-106.8129196,39.1826912],[-106.8129093,39.1826628],[-106.8129124,39.1826372],[-106.812931,39.182614],[-106.8129692,39.182592],[-106.8130208,39.1825707],[-106.8130461,39.1825463],[-106.8130833,39.1824971],[-106.8131004,39.1824775],[-106.8131009,39.1824627],[-106.8130931,39.1824498],[-106.8130771,39.182439],[-106.8129666,39.182411],[-106.8129289,39.1824118],[-106.8128354,39.1824286],[-106.8128122,39.1824274],[-106.8127869,39.1824186],[-106.8127042,39.1823826],[-106.8126872,39.1823666],[-106.8126738,39.1823516]]}},
{"type":"Feature","properties":{"full_id":"w1136569931","osm_id":"1136569931","osm_type":"way","highway":"footway","crossing:markings":null,"crossing":null,"footway":null,"maxheight":null,"oneway:bicycle":null,"bus":null,"wheelchair":null,"source:geometry":null,"operator":null,"motor_vehicle":null,"dog":null,"cycleway:both:lane":null,"parking:lanes:both":null,"maxweight:signed":null,"sidewalk:both:surface":null,"turn:lanes:forward":null,"horse":null,"mtb:scale:imba":null,"wikipedia":null,"wikidata":null,"segregated":null,"tunnel":null,"layer":null,"bridge":null,"foot":null,"turn:lanes:backward":null,"source:hgv:national_network":null,"hgv:national_network":null,"hgv":null,"alt_name":null,"parking:right:orientation":null,"parking:right":null,"parking:left:orientation":null,"parking:left":null,"cycleway:right":null,"sidewalk":null,"cycleway:both":null,"bicycle":null,"tiger:name_direction_suffix":null,"tracktype":null,"source:maxspeed":null,"smoothness":null,"parking:lane:both":null,"lanes:forward":null,"lanes:backward":null,"CDOT_route":null,"lit":null,"sidewalk:right":null,"sidewalk:left":null,"tiger:name_type_1":null,"tiger:name_direction_prefix_1":null,"tiger:name_base_1":null,"railway":null,"old_railway_operator":null,"name_1":null,"maxspeed":null,"cycleway":null,"ref":null,"tiger:name_direction_prefix":null,"parking:both:orientation":null,"parking:both":null,"oneway":null,"access":null,"service":null,"tiger:reviewed":null,"surface":null,"lanes":null,"tiger:name_type":null,"tiger:name_base":null,"tiger:county":null,"tiger:cfcc":null,"name":null,"is_in:state_code":null,"is_in:state":null,"is_in:city":null},"geometry":{"type":"LineString","coordinates":[[-106.8122842,39.1822562],[-106.8123056,39.1822543],[-106.8123329,39.1822521],[-106.8123771,39.1822398],[-106.8124099,39.1822281],[-106.8124391,39.1821953],[-106.8124468,39.1821794],[-106.8124523,39.1821398],[-106.8124623,39.1821155],[-106.8124837,39.1820777],[-106.8124937,39.1820441],[-106.8124864,39.1820152],[-106.8124741,39.1819834],[-106.8124719,39.1819453],[-106.8124591,39.1819241],[-106.8124254,39.1819011],[-106.8123935,39.1818979],[-106.8123343,39.1819124],[-106.8122919,39.181934],[-106.8122805,39.1819505],[-106.812276,39.181964],[-106.8122586,39.1819774],[-106.8122432,39.1819802],[-106.8122186,39.181976],[-106.8121971,39.181976],[-106.8121798,39.1819816],[-106.8121739,39.1820222],[-106.8121725,39.1820883],[-106.8121598,39.182125],[-106.812141,39.1821478]]}},
{"type":"Feature","properties":{"full_id":"w1144927206","osm_id":"1144927206","osm_type":"way","highway":"residential","crossing:markings":null,"crossing":null,"footway":null,"maxheight":null,"oneway:bicycle":null,"bus":null,"wheelchair":null,"source:geometry":null,"operator":null,"motor_vehicle":null,"dog":null,"cycleway:both:lane":null,"parking:lanes:both":null,"maxweight:signed":null,"sidewalk:both:surface":null,"turn:lanes:forward":null,"horse":null,"mtb:scale:imba":null,"wikipedia":null,"wikidata":null,"segregated":null,"tunnel":null,"layer":null,"bridge":null,"foot":null,"turn:lanes:backward":null,"source:hgv:national_network":null,"hgv:national_network":null,"hgv":null,"alt_name":null,"parking:right:orientation":null,"parking:right":null,"parking:left:orientation":null,"parking:left":null,"cycleway:right":null,"sidewalk":null,"cycleway:both":null,"bicycle":null,"tiger:name_direction_suffix":null,"tracktype":null,"source:maxspeed":null,"smoothness":null,"parking:lane:both":null,"lanes:forward":null,"lanes:backward":null,"CDOT_route":null,"lit":null,"sidewalk:right":null,"sidewalk:left":null,"tiger:name_type_1":null,"tiger:name_direction_prefix_1":null,"tiger:name_base_1":null,"railway":null,"old_railway_operator":null,"name_1":null,"maxspeed":null,"cycleway":null,"ref":null,"tiger:name_direction_prefix":"E","parking:both:orientation":null,"parking:both":null,"oneway":"yes","access":null,"service":null,"tiger:reviewed":"no","surface":"asphalt","lanes":null,"tiger:name_type":"Ave","tiger:name_base":"Hyman","tiger:county":"Pitkin, CO","tiger:cfcc":"A41","name":"East Hyman Avenue","is_in:state_code":"CO","is_in:state":"Colorado","is_in:city":"Aspen"},"geometry":{"type":"LineString","coordinates":[[-106.8174308,39.1885909],[-106.8175419,39.1886144],[-106.8184966,39.1888167],[-106.8186008,39.1888388]]}},
{"type":"Feature","properties":{"full_id":"w1163239294","osm_id":"1163239294","osm_type":"way","highway":"pedestrian","crossing:markings":null,"crossing":null,"footway":null,"maxheight":null,"oneway:bicycle":null,"bus":null,"wheelchair":null,"source:geometry":null,"operator":null,"motor_vehicle":null,"dog":null,"cycleway:both:lane":null,"parking:lanes:both":null,"maxweight:signed":null,"sidewalk:both:surface":null,"turn:lanes:forward":null,"horse":null,"mtb:scale:imba":null,"wikipedia":null,"wikidata":null,"segregated":null,"tunnel":null,"layer":null,"bridge":null,"foot":null,"turn:lanes:backward":null,"source:hgv:national_network":null,"hgv:national_network":null,"hgv":null,"alt_name":null,"parking:right:orientation":null,"parking:right":null,"parking:left:orientation":null,"parking:left":null,"cycleway:right":null,"sidewalk":null,"cycleway:both":null,"bicycle":null,"tiger:name_direction_suffix":null,"tracktype":null,"source:maxspeed":null,"smoothness":null,"parking:lane:both":null,"lanes:forward":null,"lanes:backward":null,"CDOT_route":null,"lit":null,"sidewalk:right":null,"sidewalk:left":null,"tiger:name_type_1":"St","tiger:name_direction_prefix_1":"E","tiger:name_base_1":"Dean","railway":null,"old_railway_operator":null,"name_1":"East Dean Street","maxspeed":null,"cycleway":null,"ref":null,"tiger:name_direction_prefix":"E","parking:both:orientation":null,"parking:both":null,"oneway":null,"access":null,"service":null,"tiger:reviewed":"no","surface":"asphalt","lanes":null,"tiger:name_type":"Ct","tiger:name_base":"Dean","tiger:county":"Pitkin, CO","tiger:cfcc":"A41","name":"East Dean Court","is_in:state_code":"CO","is_in:state":"Colorado","is_in:city":"Aspen"},"geometry":{"type":"LineString","coordinates":[[-106.8179397,39.1870406],[-106.8179751,39.1869384],[-106.8180917,39.1866023]]}},
{"type":"Feature","properties":{"full_id":"w1163239296","osm_id":"1163239296","osm_type":"way","highway":"service","crossing:markings":null,"crossing":null,"footway":null,"maxheight":null,"oneway:bicycle":null,"bus":null,"wheelchair":null,"source:geometry":null,"operator":null,"motor_vehicle":null,"dog":null,"cycleway:both:lane":null,"parking:lanes:both":null,"maxweight:signed":null,"sidewalk:both:surface":null,"turn:lanes:forward":null,"horse":null,"mtb:scale:imba":null,"wikipedia":null,"wikidata":null,"segregated":null,"tunnel":null,"layer":"-1","bridge":null,"foot":null,"turn:lanes:backward":null,"source:hgv:national_network":null,"hgv:national_network":null,"hgv":null,"alt_name":null,"parking:right:orientation":null,"parking:right":null,"parking:left:orientation":null,"parking:left":null,"cycleway:right":null,"sidewalk":null,"cycleway:both":null,"bicycle":null,"tiger:name_direction_suffix":null,"tracktype":null,"source:maxspeed":null,"smoothness":null,"parking:lane:both":null,"lanes:forward":null,"lanes:backward":null,"CDOT_route":null,"lit":null,"sidewalk:right":null,"sidewalk:left":null,"tiger:name_type_1":null,"tiger:name_direction_prefix_1":null,"tiger:name_base_1":null,"railway":"razed","old_railway_operator":"Colorado Midland Railway","name_1":null,"maxspeed":null,"cycleway":null,"ref":null,"tiger:name_direction_prefix":null,"parking:both:orientation":null,"parking:both":null,"oneway":"yes","access":"destination","service":"driveway","tiger:reviewed":null,"surface":null,"lanes":null,"tiger:name_type":null,"tiger:name_base":null,"tiger:county":null,"tiger:cfcc":null,"name":null,"is_in:state_code":null,"is_in:state":null,"is_in:city":null},"geometry":{"type":"LineString","coordinates":[[-106.8167444,39.1863595],[-106.8167094,39.1863518],[-106.8165934,39.1863284]]}},
{"type":"Feature","properties":{"full_id":"w1163243364","osm_id":"1163243364","osm_type":"way","highway":"tertiary","crossing:markings":null,"crossing":null,"footway":null,"maxheight":null,"oneway:bicycle":null,"bus":null,"wheelchair":null,"source:geometry":null,"operator":null,"motor_vehicle":null,"dog":null,"cycleway:both:lane":null,"parking:lanes:both":null,"maxweight:signed":null,"sidewalk:both:surface":null,"turn:lanes:forward":null,"horse":null,"mtb:scale:imba":null,"wikipedia":null,"wikidata":null,"segregated":null,"tunnel":null,"layer":null,"bridge":null,"foot":null,"turn:lanes:backward":null,"source:hgv:national_network":null,"hgv:national_network":null,"hgv":null,"alt_name":null,"parking:right:orientation":null,"parking:right":null,"parking:left:orientation":null,"parking:left":null,"cycleway:right":null,"sidewalk":null,"cycleway:both":null,"bicycle":null,"tiger:name_direction_suffix":null,"tracktype":null,"source:maxspeed":null,"smoothness":null,"parking:lane:both":null,"lanes:forward":null,"lanes:backward":null,"CDOT_route":null,"lit":null,"sidewalk:right":null,"sidewalk:left":null,"tiger:name_type_1":null,"tiger:name_direction_prefix_1":null,"tiger:name_base_1":null,"railway":null,"old_railway_operator":null,"name_1":null,"maxspeed":null,"cycleway":null,"ref":null,"tiger:name_direction_prefix":null,"parking:both:orientation":null,"parking:both":null,"oneway":null,"access":null,"service":null,"tiger:reviewed":null,"surface":"asphalt","lanes":null,"tiger:name_type":null,"tiger:name_base":null,"tiger:county":null,"tiger:cfcc":null,"name":"Park Circle","is_in:state_code":null,"is_in:state":null,"is_in:city":null},"geometry":{"type":"LineString","coordinates":[[-106.8101626,39.1894553],[-106.8101073,39.1895166],[-106.8094357,39.1901038],[-106.8093426,39.1902036],[-106.8091739,39.1904141],[-106.8090967,39.1904999]]}},
{"type":"Feature","properties":{"full_id":"w1163245535","osm_id":"1163245535","osm_type":"way","highway":"cycleway","crossing:markings":null,"crossing":null,"footway":null,"maxheight":null,"oneway:bicycle":null,"bus":null,"wheelchair":null,"source:geometry":null,"operator":null,"motor_vehicle":null,"dog":null,"cycleway:both:lane":null,"parking:lanes:both":null,"maxweight:signed":null,"sidewalk:both:surface":null,"turn:lanes:forward":null,"horse":null,"mtb:scale:imba":null,"wikipedia":null,"wikidata":null,"segregated":null,"tunnel":null,"layer":null,"bridge":null,"foot":"yes","turn:lanes:backward":null,"source:hgv:national_network":null,"hgv:national_network":null,"hgv":null,"alt_name":null,"parking:right:orientation":null,"parking:right":null,"parking:left:orientation":null,"parking:left":null,"cycleway:right":null,"sidewalk":null,"cycleway:both":null,"bicycle":"designated","tiger:name_direction_suffix":null,"tracktype":null,"source:maxspeed":null,"smoothness":null,"parking:lane:both":null,"lanes:forward":null,"lanes:backward":null,"CDOT_route":null,"lit":null,"sidewalk:right":null,"sidewalk:left":null,"tiger:name_type_1":null,"tiger:name_direction_prefix_1":null,"tiger:name_base_1":null,"railway":"razed","old_railway_operator":null,"name_1":null,"maxspeed":null,"cycleway":null,"ref":null,"tiger:name_direction_prefix":null,"parking:both:orientation":null,"parking:both":null,"oneway":null,"access":null,"service":null,"tiger:reviewed":null,"surface":"paved","lanes":null,"tiger:name_type":null,"tiger:name_base":null,"tiger:county":null,"tiger:cfcc":null,"name":"Ute Avenue Trail","is_in:state_code":null,"is_in:state":null,"is_in:city":null},"geometry":{"type":"LineString","coordinates":[[-106.8153034,39.1842599],[-106.8151428,39.184098],[-106.8148857,39.1838448]]}},
{"type":"Feature","properties":{"full_id":"w1163245536","osm_id":"1163245536","osm_type":"way","highway":"cycleway","crossing:markings":null,"crossing":null,"footway":null,"maxheight":null,"oneway:bicycle":null,"bus":null,"wheelchair":null,"source:geometry":null,"operator":null,"motor_vehicle":null,"dog":null,"cycleway:both:lane":null,"parking:lanes:both":null,"maxweight:signed":null,"sidewalk:both:surface":null,"turn:lanes:forward":null,"horse":null,"mtb:scale:imba":null,"wikipedia":null,"wikidata":null,"segregated":null,"tunnel":null,"layer":null,"bridge":null,"foot":"yes","turn:lanes:backward":null,"source:hgv:national_network":null,"hgv:national_network":null,"hgv":null,"alt_name":null,"parking:right:orientation":null,"parking:right":null,"parking:left:orientation":null,"parking:left":null,"cycleway:right":null,"sidewalk":null,"cycleway:both":null,"bicycle":null,"tiger:name_direction_suffix":null,"tracktype":null,"source:maxspeed":null,"smoothness":null,"parking:lane:both":null,"lanes:forward":null,"lanes:backward":null,"CDOT_route":null,"lit":null,"sidewalk:right":null,"sidewalk:left":null,"tiger:name_type_1":null,"tiger:name_direction_prefix_1":null,"tiger:name_base_1":null,"railway":null,"old_railway_operator":null,"name_1":null,"maxspeed":null,"cycleway":null,"ref":null,"tiger:name_direction_prefix":null,"parking:both:orientation":null,"parking:both":null,"oneway":null,"access":null,"service":null,"tiger:reviewed":null,"surface":"paved","lanes":null,"tiger:name_type":null,"tiger:name_base":null,"tiger:county":null,"tiger:cfcc":null,"name":"Ute Avenue Trail","is_in:state_code":null,"is_in:state":null,"is_in:city":null},"geometry":{"type":"LineString","coordinates":[[-106.8156407,39.1861328],[-106.8157277,39.1858722],[-106.8157593,39.1858262],[-106.8158774,39.1857109],[-106.8160302,39.185569],[-106.8161535,39.1854609],[-106.8162981,39.1853386],[-106.8163276,39.1853124],[-106.8163347,39.1852954],[-106.8163313,39.185282],[-106.8153909,39.1843469],[-106.8153034,39.1842599]]}},
{"type":"Feature","properties":{"full_id":"w1169337355","osm_id":"1169337355","osm_type":"way","highway":"residential","crossing:markings":null,"crossing":null,"footway":null,"maxheight":null,"oneway:bicycle":null,"bus":null,"wheelchair":null,"source:geometry":null,"operator":null,"motor_vehicle":null,"dog":null,"cycleway:both:lane":null,"parking:lanes:both":null,"maxweight:signed":null,"sidewalk:both:surface":null,"turn:lanes:forward":null,"horse":null,"mtb:scale:imba":null,"wikipedia":null,"wikidata":null,"segregated":null,"tunnel":null,"layer":null,"bridge":null,"foot":null,"turn:lanes:backward":null,"source:hgv:national_network":null,"hgv:national_network":null,"hgv":null,"alt_name":null,"parking:right:orientation":null,"parking:right":null,"parking:left:orientation":null,"parking:left":null,"cycleway:right":null,"sidewalk":null,"cycleway:both":null,"bicycle":null,"tiger:name_direction_suffix":null,"tracktype":null,"source:maxspeed":null,"smoothness":null,"parking:lane:both":null,"lanes:forward":null,"lanes:backward":null,"CDOT_route":null,"lit":null,"sidewalk:right":null,"sidewalk:left":null,"tiger:name_type_1":null,"tiger:name_direction_prefix_1":null,"tiger:name_base_1":null,"railway":null,"old_railway_operator":null,"name_1":null,"maxspeed":null,"cycleway":null,"ref":null,"tiger:name_direction_prefix":null,"parking:both:orientation":null,"parking:both":null,"oneway":null,"access":"private","service":null,"tiger:reviewed":"no","surface":"asphalt","lanes":null,"tiger:name_type":"Pl","tiger:name_base":"Ute","tiger:county":"Pitkin, CO","tiger:cfcc":"A41","name":"Ute Place","is_in:state_code":"CO","is_in:state":"Colorado","is_in:city":"Aspen"},"geometry":{"type":"LineString","coordinates":[[-106.812252,39.1833269],[-106.8122162,39.1833513],[-106.8121927,39.1833834],[-106.8121838,39.1834198],[-106.8121907,39.1834563],[-106.8122125,39.1834892],[-106.8122469,39.1835148],[-106.8122901,39.1835303],[-106.8123375,39.1835342],[-106.812384,39.1835258],[-106.8124244,39.1835063],[-106.8124545,39.1834776],[-106.8124709,39.1834429],[-106.8124719,39.183406],[-106.8124574,39.1833708],[-106.8124289,39.1833411],[-106.8123896,39.1833203],[-106.8123436,39.1833105],[-106.812296,39.1833127],[-106.812252,39.1833269]]}},
{"type":"Feature","properties":{"full_id":"w1169337356","osm_id":"1169337356","osm_type":"way","highway":"residential","crossing:markings":null,"crossing":null,"footway":null,"maxheight":null,"oneway:bicycle":null,"bus":null,"wheelchair":null,"source:geometry":null,"operator":null,"motor_vehicle":null,"dog":null,"cycleway:both:lane":null,"parking:lanes:both":null,"maxweight:signed":null,"sidewalk:both:surface":null,"turn:lanes:forward":null,"horse":null,"mtb:scale:imba":null,"wikipedia":null,"wikidata":null,"segregated":null,"tunnel":null,"layer":null,"bridge":null,"foot":null,"turn:lanes:backward":null,"source:hgv:national_network":null,"hgv:national_network":null,"hgv":null,"alt_name":null,"parking:right:orientation":null,"parking:right":null,"parking:left:orientation":null,"parking:left":null,"cycleway:right":null,"sidewalk":null,"cycleway:both":null,"bicycle":null,"tiger:name_direction_suffix":null,"tracktype":null,"source:maxspeed":null,"smoothness":null,"parking:lane:both":null,"lanes:forward":null,"lanes:backward":null,"CDOT_route":null,"lit":null,"sidewalk:right":null,"sidewalk:left":null,"tiger:name_type_1":"Ave","tiger:name_direction_prefix_1":null,"tiger:name_base_1":"Waters","railway":null,"old_railway_operator":null,"name_1":"Waters Avenue","maxspeed":null,"cycleway":null,"ref":null,"tiger:name_direction_prefix":"E","parking:both:orientation":null,"parking:both":null,"oneway":null,"access":null,"service":null,"tiger:reviewed":"no","surface":"asphalt","lanes":null,"tiger:name_type":"Ave","tiger:name_base":"Waters","tiger:county":"Pitkin, CO","tiger:cfcc":"A41","name":"East Waters Avenue","is_in:state_code":"CO","is_in:state":"Colorado","is_in:city":"Aspen"},"geometry":{"type":"LineString","coordinates":[[-106.8124406,39.1842426],[-106.8123511,39.1842928],[-106.8122857,39.1843554],[-106.8122227,39.1844984],[-106.8122347,39.184637],[-106.812299,39.1847797],[-106.8124359,39.1849126],[-106.8126077,39.1850277],[-106.8128077,39.1851021],[-106.814608,39.1854788],[-106.8147101,39.1855002]]}},
{"type":"Feature","properties":{"full_id":"w1223550439","osm_id":"1223550439","osm_type":"way","highway":"service","crossing:markings":null,"crossing":null,"footway":null,"maxheight":null,"oneway:bicycle":null,"bus":null,"wheelchair":null,"source:geometry":null,"operator":null,"motor_vehicle":null,"dog":null,"cycleway:both:lane":null,"parking:lanes:both":null,"maxweight:signed":null,"sidewalk:both:surface":null,"turn:lanes:forward":null,"horse":null,"mtb:scale:imba":null,"wikipedia":null,"wikidata":null,"segregated":null,"tunnel":null,"layer":null,"bridge":null,"foot":null,"turn:lanes:backward":null,"source:hgv:national_network":null,"hgv:national_network":null,"hgv":null,"alt_name":null,"parking:right:orientation":null,"parking:right":null,"parking:left:orientation":null,"parking:left":null,"cycleway:right":null,"sidewalk":null,"cycleway:both":null,"bicycle":null,"tiger:name_direction_suffix":null,"tracktype":null,"source:maxspeed":null,"smoothness":null,"parking:lane:both":null,"lanes:forward":null,"lanes:backward":null,"CDOT_route":null,"lit":null,"sidewalk:right":null,"sidewalk:left":null,"tiger:name_type_1":null,"tiger:name_direction_prefix_1":null,"tiger:name_base_1":null,"railway":null,"old_railway_operator":null,"name_1":null,"maxspeed":null,"cycleway":null,"ref":null,"tiger:name_direction_prefix":null,"parking:both:orientation":null,"parking:both":null,"oneway":null,"access":null,"service":"alley","tiger:reviewed":null,"surface":null,"lanes":null,"tiger:name_type":null,"tiger:name_base":null,"tiger:county":null,"tiger:cfcc":null,"name":null,"is_in:state_code":"CO","is_in:state":"Colorado","is_in:city":"Aspen"},"geometry":{"type":"LineString","coordinates":[[-106.8187307,39.1884498],[-106.8188371,39.1884719],[-106.8197904,39.1886701]]}},
{"type":"Feature","properties":{"full_id":"w1264154349","osm_id":"1264154349","osm_type":"way","highway":"tertiary","crossing:markings":null,"crossing":null,"footway":null,"maxheight":null,"oneway:bicycle":null,"bus":null,"wheelchair":null,"source:geometry":null,"operator":null,"motor_vehicle":null,"dog":null,"cycleway:both:lane":null,"parking:lanes:both":null,"maxweight:signed":null,"sidewalk:both:surface":null,"turn:lanes:forward":null,"horse":null,"mtb:scale:imba":null,"wikipedia":null,"wikidata":null,"segregated":null,"tunnel":null,"layer":null,"bridge":null,"foot":null,"turn:lanes:backward":null,"source:hgv:national_network":null,"hgv:national_network":null,"hgv":null,"alt_name":null,"parking:right:orientation":null,"parking:right":null,"parking:left:orientation":null,"parking:left":null,"cycleway:right":null,"sidewalk":null,"cycleway:both":null,"bicycle":null,"tiger:name_direction_suffix":null,"tracktype":null,"source:maxspeed":null,"smoothness":null,"parking:lane:both":null,"lanes:forward":null,"lanes:backward":null,"CDOT_route":null,"lit":null,"sidewalk:right":null,"sidewalk:left":null,"tiger:name_type_1":null,"tiger:name_direction_prefix_1":null,"tiger:name_base_1":null,"railway":null,"old_railway_operator":null,"name_1":null,"maxspeed":null,"cycleway":null,"ref":null,"tiger:name_direction_prefix":null,"parking:both:orientation":null,"parking:both":null,"oneway":null,"access":null,"service":null,"tiger:reviewed":null,"surface":"asphalt","lanes":null,"tiger:name_type":null,"tiger:name_base":null,"tiger:county":null,"tiger:cfcc":null,"name":"King Street","is_in:state_code":null,"is_in:state":null,"is_in:city":null},"geometry":{"type":"LineString","coordinates":[[-106.8101626,39.1894553],[-106.8103679,39.1895185],[-106.8106183,39.1895773],[-106.8107201,39.1896188],[-106.8108433,39.1897026]]}},
{"type":"Feature","properties":{"full_id":"w1289187436","osm_id":"1289187436","osm_type":"way","highway":"tertiary","crossing:markings":null,"crossing":null,"footway":null,"maxheight":null,"oneway:bicycle":null,"bus":null,"wheelchair":null,"source:geometry":null,"operator":null,"motor_vehicle":null,"dog":null,"cycleway:both:lane":null,"parking:lanes:both":null,"maxweight:signed":null,"sidewalk:both:surface":null,"turn:lanes:forward":null,"horse":null,"mtb:scale:imba":null,"wikipedia":null,"wikidata":null,"segregated":null,"tunnel":null,"layer":null,"bridge":null,"foot":null,"turn:lanes:backward":null,"source:hgv:national_network":null,"hgv:national_network":null,"hgv":null,"alt_name":null,"parking:right:orientation":null,"parking:right":null,"parking:left:orientation":null,"parking:left":null,"cycleway:right":null,"sidewalk":null,"cycleway:both":null,"bicycle":null,"tiger:name_direction_suffix":null,"tracktype":null,"source:maxspeed":null,"smoothness":null,"parking:lane:both":null,"lanes:forward":null,"lanes:backward":null,"CDOT_route":null,"lit":null,"sidewalk:right":null,"sidewalk:left":null,"tiger:name_type_1":null,"tiger:name_direction_prefix_1":null,"tiger:name_base_1":null,"railway":null,"old_railway_operator":null,"name_1":null,"maxspeed":null,"cycleway":null,"ref":null,"tiger:name_direction_prefix":"S","parking:both:orientation":"parallel","parking:both":"lane","oneway":null,"access":null,"service":null,"tiger:reviewed":"no","surface":"asphalt","lanes":null,"tiger:name_type":"St","tiger:name_base":"Original","tiger:county":"Pitkin, CO","tiger:cfcc":"A41","name":"South Original Street","is_in:state_code":"CO","is_in:state":"Colorado","is_in:city":"Aspen"},"geometry":{"type":"LineString","coordinates":[[-106.8156083,39.1865418],[-106.8155779,39.1866298],[-106.8154732,39.1869331],[-106.8153671,39.1872402],[-106.815337,39.1873295]]}},
{"type":"Feature","properties":{"full_id":"w1289187437","osm_id":"1289187437","osm_type":"way","highway":"residential","crossing:markings":null,"crossing":null,"footway":null,"maxheight":null,"oneway:bicycle":null,"bus":null,"wheelchair":null,"source:geometry":null,"operator":null,"motor_vehicle":null,"dog":null,"cycleway:both:lane":"pictogram","parking:lanes:both":null,"maxweight:signed":null,"sidewalk:both:surface":null,"turn:lanes:forward":null,"horse":null,"mtb:scale:imba":null,"wikipedia":null,"wikidata":null,"segregated":null,"tunnel":null,"layer":null,"bridge":null,"foot":null,"turn:lanes:backward":null,"source:hgv:national_network":null,"hgv:national_network":null,"hgv":null,"alt_name":null,"parking:right:orientation":"parallel","parking:right":"lane","parking:left:orientation":"diagonal","parking:left":"street_side","cycleway:right":null,"sidewalk":null,"cycleway:both":"shared_lane","bicycle":null,"tiger:name_direction_suffix":null,"tracktype":null,"source:maxspeed":null,"smoothness":"excellent","parking:lane:both":null,"lanes:forward":null,"lanes:backward":null,"CDOT_route":null,"lit":null,"sidewalk:right":null,"sidewalk:left":null,"tiger:name_type_1":null,"tiger:name_direction_prefix_1":null,"tiger:name_base_1":null,"railway":null,"old_railway_operator":null,"name_1":null,"maxspeed":null,"cycleway":null,"ref":null,"tiger:name_direction_prefix":"E","parking:both:orientation":null,"parking:both":null,"oneway":null,"access":null,"service":null,"tiger:reviewed":"no","surface":"asphalt","lanes":null,"tiger:name_type":"Ave","tiger:name_base":"Durant","tiger:county":"Pitkin, CO","tiger:cfcc":"A41","name":"East Durant Avenue","is_in:state_code":"CO","is_in:state":"Colorado","is_in:city":"Aspen"},"geometry":{"type":"LineString","coordinates":[[-106.8128196,39.1859691],[-106.8143326,39.1862825],[-106.8144419,39.1863051],[-106.8145218,39.1863213],[-106.8156083,39.1865418]]}},
{"type":"Feature","properties":{"full_id":"w1381098509","osm_id":"1381098509","osm_type":"way","highway":"footway","crossing:markings":null,"crossing":null,"footway":"sidewalk","maxheight":null,"oneway:bicycle":null,"bus":null,"wheelchair":null,"source:geometry":null,"operator":null,"motor_vehicle":null,"dog":null,"cycleway:both:lane":null,"parking:lanes:both":null,"maxweight:signed":null,"sidewalk:both:surface":null,"turn:lanes:forward":null,"horse":null,"mtb:scale:imba":null,"wikipedia":null,"wikidata":null,"segregated":null,"tunnel":null,"layer":null,"bridge":null,"foot":null,"turn:lanes:backward":null,"source:hgv:national_network":null,"hgv:national_network":null,"hgv":null,"alt_name":null,"parking:right:orientation":null,"parking:right":null,"parking:left:orientation":null,"parking:left":null,"cycleway:right":null,"sidewalk":null,"cycleway:both":null,"bicycle":null,"tiger:name_direction_suffix":null,"tracktype":null,"source:maxspeed":null,"smoothness":null,"parking:lane:both":null,"lanes:forward":null,"lanes:backward":null,"CDOT_route":null,"lit":null,"sidewalk:right":null,"sidewalk:left":null,"tiger:name_type_1":null,"tiger:name_direction_prefix_1":null,"tiger:name_base_1":null,"railway":null,"old_railway_operator":null,"name_1":null,"maxspeed":null,"cycleway":null,"ref":null,"tiger:name_direction_prefix":null,"parking:both:orientation":null,"parking:both":null,"oneway":null,"access":null,"service":null,"tiger:reviewed":null,"surface":null,"lanes":null,"tiger:name_type":null,"tiger:name_base":null,"tiger:county":null,"tiger:cfcc":null,"name":null,"is_in:state_code":null,"is_in:state":null,"is_in:city":null},"geometry":{"type":"LineString","coordinates":[[-106.8205423,39.1901706],[-106.8195968,39.1899743]]}},
{"type":"Feature","properties":{"full_id":"w1381098512","osm_id":"1381098512","osm_type":"way","highway":"footway","crossing:markings":null,"crossing":null,"footway":"sidewalk","maxheight":null,"oneway:bicycle":null,"bus":null,"wheelchair":null,"source:geometry":null,"operator":null,"motor_vehicle":null,"dog":null,"cycleway:both:lane":null,"parking:lanes:both":null,"maxweight:signed":null,"sidewalk:both:surface":null,"turn:lanes:forward":null,"horse":null,"mtb:scale:imba":null,"wikipedia":null,"wikidata":null,"segregated":null,"tunnel":null,"layer":"-1","bridge":null,"foot":null,"turn:lanes:backward":null,"source:hgv:national_network":null,"hgv:national_network":null,"hgv":null,"alt_name":null,"parking:right:orientation":null,"parking:right":null,"parking:left:orientation":null,"parking:left":null,"cycleway:right":null,"sidewalk":null,"cycleway:both":null,"bicycle":null,"tiger:name_direction_suffix":null,"tracktype":null,"source:maxspeed":null,"smoothness":null,"parking:lane:both":null,"lanes:forward":null,"lanes:backward":null,"CDOT_route":null,"lit":null,"sidewalk:right":null,"sidewalk:left":null,"tiger:name_type_1":null,"tiger:name_direction_prefix_1":null,"tiger:name_base_1":null,"railway":null,"old_railway_operator":null,"name_1":null,"maxspeed":null,"cycleway":null,"ref":null,"tiger:name_direction_prefix":null,"parking:both:orientation":null,"parking:both":null,"oneway":null,"access":null,"service":null,"tiger:reviewed":null,"surface":null,"lanes":null,"tiger:name_type":null,"tiger:name_base":null,"tiger:county":null,"tiger:cfcc":null,"name":null,"is_in:state_code":null,"is_in:state":null,"is_in:city":null},"geometry":{"type":"LineString","coordinates":[[-106.8203403,39.1907778],[-106.8193844,39.1905943]]}},
{"type":"Feature","properties":{"full_id":"w1381098514","osm_id":"1381098514","osm_type":"way","highway":"footway","crossing:markings":"zebra","crossing":"marked","footway":"crossing","maxheight":null,"oneway:bicycle":null,"bus":null,"wheelchair":null,"source:geometry":null,"operator":null,"motor_vehicle":null,"dog":null,"cycleway:both:lane":null,"parking:lanes:both":null,"maxweight:signed":null,"sidewalk:both:surface":null,"turn:lanes:forward":null,"horse":null,"mtb:scale:imba":null,"wikipedia":null,"wikidata":null,"segregated":null,"tunnel":null,"layer":null,"bridge":null,"foot":null,"turn:lanes:backward":null,"source:hgv:national_network":null,"hgv:national_network":null,"hgv":null,"alt_name":null,"parking:right:orientation":null,"parking:right":null,"parking:left:orientation":null,"parking:left":null,"cycleway:right":null,"sidewalk":null,"cycleway:both":null,"bicycle":null,"tiger:name_direction_suffix":null,"tracktype":null,"source:maxspeed":null,"smoothness":null,"parking:lane:both":null,"lanes:forward":null,"lanes:backward":null,"CDOT_route":null,"lit":null,"sidewalk:right":null,"sidewalk:left":null,"tiger:name_type_1":null,"tiger:name_direction_prefix_1":null,"tiger:name_base_1":null,"railway":null,"old_railway_operator":null,"name_1":null,"maxspeed":null,"cycleway":null,"ref":null,"tiger:name_direction_prefix":null,"parking:both:orientation":null,"parking:both":null,"oneway":null,"access":null,"service":null,"tiger:reviewed":null,"surface":null,"lanes":null,"tiger:name_type":null,"tiger:name_base":null,"tiger:county":null,"tiger:cfcc":null,"name":null,"is_in:state_code":null,"is_in:state":null,"is_in:city":null},"geometry":{"type":"LineString","coordinates":[[-106.8193844,39.1905943],[-106.8193437,39.1907076],[-106.8193014,39.1908254]]}},
{"type":"Feature","properties":{"full_id":"w1381098515","osm_id":"1381098515","osm_type":"way","highway":"footway","crossing:markings":null,"crossing":null,"footway":"sidewalk","maxheight":null,"oneway:bicycle":null,"bus":null,"wheelchair":null,"source:geometry":null,"operator":null,"motor_vehicle":null,"dog":null,"cycleway:both:lane":null,"parking:lanes:both":null,"maxweight:signed":null,"sidewalk:both:surface":null,"turn:lanes:forward":null,"horse":null,"mtb:scale:imba":null,"wikipedia":null,"wikidata":null,"segregated":null,"tunnel":null,"layer":null,"bridge":null,"foot":null,"turn:lanes:backward":null,"source:hgv:national_network":null,"hgv:national_network":null,"hgv":null,"alt_name":null,"parking:right:orientation":null,"parking:right":null,"parking:left:orientation":null,"parking:left":null,"cycleway:right":null,"sidewalk":null,"cycleway:both":null,"bicycle":null,"tiger:name_direction_suffix":null,"tracktype":null,"source:maxspeed":null,"smoothness":null,"parking:lane:both":null,"lanes:forward":null,"lanes:backward":null,"CDOT_route":null,"lit":null,"sidewalk:right":null,"sidewalk:left":null,"tiger:name_type_1":null,"tiger:name_direction_prefix_1":null,"tiger:name_base_1":null,"railway":null,"old_railway_operator":null,"name_1":null,"maxspeed":null,"cycleway":null,"ref":null,"tiger:name_direction_prefix":null,"parking:both:orientation":null,"parking:both":null,"oneway":null,"access":null,"service":null,"tiger:reviewed":null,"surface":null,"lanes":null,"tiger:name_type":null,"tiger:name_base":null,"tiger:county":null,"tiger:cfcc":null,"name":null,"is_in:state_code":null,"is_in:state":null,"is_in:city":null},"geometry":{"type":"LineString","coordinates":[[-106.8193014,39.1908254],[-106.8202633,39.1910147]]}},
{"type":"Feature","properties":{"full_id":"w1381098517","osm_id":"1381098517","osm_type":"way","highway":"footway","crossing:markings":"zebra","crossing":"marked","footway":"crossing","maxheight":null,"oneway:bicycle":null,"bus":null,"wheelchair":null,"source:geometry":null,"operator":null,"motor_vehicle":null,"dog":null,"cycleway:both:lane":null,"parking:lanes:both":null,"maxweight:signed":null,"sidewalk:both:surface":null,"turn:lanes:forward":null,"horse":null,"mtb:scale:imba":null,"wikipedia":null,"wikidata":null,"segregated":null,"tunnel":null,"layer":null,"bridge":null,"foot":null,"turn:lanes:backward":null,"source:hgv:national_network":null,"hgv:national_network":null,"hgv":null,"alt_name":null,"parking:right:orientation":null,"parking:right":null,"parking:left:orientation":null,"parking:left":null,"cycleway:right":null,"sidewalk":null,"cycleway:both":null,"bicycle":null,"tiger:name_direction_suffix":null,"tracktype":null,"source:maxspeed":null,"smoothness":null,"parking:lane:both":null,"lanes:forward":null,"lanes:backward":null,"CDOT_route":null,"lit":null,"sidewalk:right":null,"sidewalk:left":null,"tiger:name_type_1":null,"tiger:name_direction_prefix_1":null,"tiger:name_base_1":null,"railway":null,"old_railway_operator":null,"name_1":null,"maxspeed":null,"cycleway":null,"ref":null,"tiger:name_direction_prefix":null,"parking:both:orientation":null,"parking:both":null,"oneway":null,"access":null,"service":null,"tiger:reviewed":null,"surface":null,"lanes":null,"tiger:name_type":null,"tiger:name_base":null,"tiger:county":null,"tiger:cfcc":null,"name":null,"is_in:state_code":null,"is_in:state":null,"is_in:city":null},"geometry":{"type":"LineString","coordinates":[[-106.8193014,39.1908254],[-106.8191782,39.1907985],[-106.8190841,39.1907779],[-106.8190676,39.1907743]]}},
{"type":"Feature","properties":{"full_id":"w1381098518","osm_id":"1381098518","osm_type":"way","highway":"footway","crossing:markings":"zebra","crossing":"marked","footway":"crossing","maxheight":null,"oneway:bicycle":null,"bus":null,"wheelchair":null,"source:geometry":null,"operator":null,"motor_vehicle":null,"dog":null,"cycleway:both:lane":null,"parking:lanes:both":null,"maxweight:signed":null,"sidewalk:both:surface":null,"turn:lanes:forward":null,"horse":null,"mtb:scale:imba":null,"wikipedia":null,"wikidata":null,"segregated":null,"tunnel":null,"layer":null,"bridge":null,"foot":null,"turn:lanes:backward":null,"source:hgv:national_network":null,"hgv:national_network":null,"hgv":null,"alt_name":null,"parking:right:orientation":null,"parking:right":null,"parking:left:orientation":null,"parking:left":null,"cycleway:right":null,"sidewalk":null,"cycleway:both":null,"bicycle":null,"tiger:name_direction_suffix":null,"tracktype":null,"source:maxspeed":null,"smoothness":null,"parking:lane:both":null,"lanes:forward":null,"lanes:backward":null,"CDOT_route":null,"lit":null,"sidewalk:right":null,"sidewalk:left":null,"tiger:name_type_1":null,"tiger:name_direction_prefix_1":null,"tiger:name_base_1":null,"railway":null,"old_railway_operator":null,"name_1":null,"maxspeed":null,"cycleway":null,"ref":null,"tiger:name_direction_prefix":null,"parking:both:orientation":null,"parking:both":null,"oneway":null,"access":null,"service":null,"tiger:reviewed":null,"surface":null,"lanes":null,"tiger:name_type":null,"tiger:name_base":null,"tiger:county":null,"tiger:cfcc":null,"name":null,"is_in:state_code":null,"is_in:state":null,"is_in:city":null},"geometry":{"type":"LineString","coordinates":[[-106.8190676,39.1907743],[-106.8191068,39.1906585],[-106.819147,39.1905397]]}},
{"type":"Feature","properties":{"full_id":"w1381098519","osm_id":"1381098519","osm_type":"way","highway":"footway","crossing:markings":"zebra","crossing":"marked","footway":"crossing","maxheight":null,"oneway:bicycle":null,"bus":null,"wheelchair":null,"source:geometry":null,"operator":null,"motor_vehicle":null,"dog":null,"cycleway:both:lane":null,"parking:lanes:both":null,"maxweight:signed":null,"sidewalk:both:surface":null,"turn:lanes:forward":null,"horse":null,"mtb:scale:imba":null,"wikipedia":null,"wikidata":null,"segregated":null,"tunnel":null,"layer":null,"bridge":null,"foot":null,"turn:lanes:backward":null,"source:hgv:national_network":null,"hgv:national_network":null,"hgv":null,"alt_name":null,"parking:right:orientation":null,"parking:right":null,"parking:left:orientation":null,"parking:left":null,"cycleway:right":null,"sidewalk":null,"cycleway:both":null,"bicycle":null,"tiger:name_direction_suffix":null,"tracktype":null,"source:maxspeed":null,"smoothness":null,"parking:lane:both":null,"lanes:forward":null,"lanes:backward":null,"CDOT_route":null,"lit":null,"sidewalk:right":null,"sidewalk:left":null,"tiger:name_type_1":null,"tiger:name_direction_prefix_1":null,"tiger:name_base_1":null,"railway":null,"old_railway_operator":null,"name_1":null,"maxspeed":null,"cycleway":null,"ref":null,"tiger:name_direction_prefix":null,"parking:both:orientation":null,"parking:both":null,"oneway":null,"access":null,"service":null,"tiger:reviewed":null,"surface":null,"lanes":null,"tiger:name_type":null,"tiger:name_base":null,"tiger:county":null,"tiger:cfcc":null,"name":null,"is_in:state_code":null,"is_in:state":null,"is_in:city":null},"geometry":{"type":"LineString","coordinates":[[-106.819147,39.1905397],[-106.8191547,39.1905415],[-106.8192627,39.1905663],[-106.8193844,39.1905943]]}},
{"type":"Feature","properties":{"full_id":"w1381098520","osm_id":"1381098520","osm_type":"way","highway":"footway","crossing:markings":null,"crossing":null,"footway":"sidewalk","maxheight":null,"oneway:bicycle":null,"bus":null,"wheelchair":null,"source:geometry":null,"operator":null,"motor_vehicle":null,"dog":null,"cycleway:both:lane":null,"parking:lanes:both":null,"maxweight:signed":null,"sidewalk:both:surface":null,"turn:lanes:forward":null,"horse":null,"mtb:scale:imba":null,"wikipedia":null,"wikidata":null,"segregated":null,"tunnel":null,"layer":null,"bridge":null,"foot":null,"turn:lanes:backward":null,"source:hgv:national_network":null,"hgv:national_network":null,"hgv":null,"alt_name":null,"parking:right:orientation":null,"parking:right":null,"parking:left:orientation":null,"parking:left":null,"cycleway:right":null,"sidewalk":null,"cycleway:both":null,"bicycle":null,"tiger:name_direction_suffix":null,"tracktype":null,"source:maxspeed":null,"smoothness":null,"parking:lane:both":null,"lanes:forward":null,"lanes:backward":null,"CDOT_route":null,"lit":null,"sidewalk:right":null,"sidewalk:left":null,"tiger:name_type_1":null,"tiger:name_direction_prefix_1":null,"tiger:name_base_1":null,"railway":null,"old_railway_operator":null,"name_1":null,"maxspeed":null,"cycleway":null,"ref":null,"tiger:name_direction_prefix":null,"parking:both:orientation":null,"parking:both":null,"oneway":null,"access":null,"service":null,"tiger:reviewed":null,"surface":null,"lanes":null,"tiger:name_type":null,"tiger:name_base":null,"tiger:county":null,"tiger:cfcc":null,"name":null,"is_in:state_code":null,"is_in:state":null,"is_in:city":null},"geometry":{"type":"LineString","coordinates":[[-106.8190676,39.1907743],[-106.8181371,39.1905885]]}},
{"type":"Feature","properties":{"full_id":"w1381098521","osm_id":"1381098521","osm_type":"way","highway":"footway","crossing:markings":"zebra","crossing":"marked","footway":"crossing","maxheight":null,"oneway:bicycle":null,"bus":null,"wheelchair":null,"source:geometry":null,"operator":null,"motor_vehicle":null,"dog":null,"cycleway:both:lane":null,"parking:lanes:both":null,"maxweight:signed":null,"sidewalk:both:surface":null,"turn:lanes:forward":null,"horse":null,"mtb:scale:imba":null,"wikipedia":null,"wikidata":null,"segregated":null,"tunnel":null,"layer":null,"bridge":null,"foot":null,"turn:lanes:backward":null,"source:hgv:national_network":null,"hgv:national_network":null,"hgv":null,"alt_name":null,"parking:right:orientation":null,"parking:right":null,"parking:left:orientation":null,"parking:left":null,"cycleway:right":null,"sidewalk":null,"cycleway:both":null,"bicycle":null,"tiger:name_direction_suffix":null,"tracktype":null,"source:maxspeed":null,"smoothness":null,"parking:lane:both":null,"lanes:forward":null,"lanes:backward":null,"CDOT_route":null,"lit":null,"sidewalk:right":null,"sidewalk:left":null,"tiger:name_type_1":null,"tiger:name_direction_prefix_1":null,"tiger:name_base_1":null,"railway":null,"old_railway_operator":null,"name_1":null,"maxspeed":null,"cycleway":null,"ref":null,"tiger:name_direction_prefix":null,"parking:both:orientation":null,"parking:both":null,"oneway":null,"access":null,"service":null,"tiger:reviewed":null,"surface":null,"lanes":null,"tiger:name_type":null,"tiger:name_base":null,"tiger:county":null,"tiger:cfcc":null,"name":null,"is_in:state_code":null,"is_in:state":null,"is_in:city":null},"geometry":{"type":"LineString","coordinates":[[-106.8181371,39.1905885],[-106.8180265,39.1905647],[-106.8179048,39.1905386]]}},
{"type":"Feature","properties":{"full_id":"w1381098522","osm_id":"1381098522","osm_type":"way","highway":"footway","crossing:markings":null,"crossing":null,"footway":"sidewalk","maxheight":null,"oneway:bicycle":null,"bus":null,"wheelchair":null,"source:geometry":null,"operator":null,"motor_vehicle":null,"dog":null,"cycleway:both:lane":null,"parking:lanes:both":null,"maxweight:signed":null,"sidewalk:both:surface":null,"turn:lanes:forward":null,"horse":null,"mtb:scale:imba":null,"wikipedia":null,"wikidata":null,"segregated":null,"tunnel":null,"layer":null,"bridge":null,"foot":null,"turn:lanes:backward":null,"source:hgv:national_network":null,"hgv:national_network":null,"hgv":null,"alt_name":null,"parking:right:orientation":null,"parking:right":null,"parking:left:orientation":null,"parking:left":null,"cycleway:right":null,"sidewalk":null,"cycleway:both":null,"bicycle":null,"tiger:name_direction_suffix":null,"tracktype":null,"source:maxspeed":null,"smoothness":null,"parking:lane:both":null,"lanes:forward":null,"lanes:backward":null,"CDOT_route":null,"lit":null,"sidewalk:right":null,"sidewalk:left":null,"tiger:name_type_1":null,"tiger:name_direction_prefix_1":null,"tiger:name_base_1":null,"railway":null,"old_railway_operator":null,"name_1":null,"maxspeed":null,"cycleway":null,"ref":null,"tiger:name_direction_prefix":null,"parking:both:orientation":null,"parking:both":null,"oneway":null,"access":null,"service":null,"tiger:reviewed":null,"surface":null,"lanes":null,"tiger:name_type":null,"tiger:name_base":null,"tiger:county":null,"tiger:cfcc":null,"name":null,"is_in:state_code":null,"is_in:state":null,"is_in:city":null},"geometry":{"type":"LineString","coordinates":[[-106.8179048,39.1905386],[-106.8169579,39.1903283],[-106.8167456,39.1902811],[-106.8167286,39.1902773],[-106.8166117,39.1902575],[-106.8165952,39.1902447],[-106.8157651,39.1900717]]}},
{"type":"Feature","properties":{"full_id":"w1381098523","osm_id":"1381098523","osm_type":"way","highway":"footway","crossing:markings":"zebra","crossing":"marked","footway":"crossing","maxheight":null,"oneway:bicycle":null,"bus":null,"wheelchair":null,"source:geometry":null,"operator":null,"motor_vehicle":null,"dog":null,"cycleway:both:lane":null,"parking:lanes:both":null,"maxweight:signed":null,"sidewalk:both:surface":null,"turn:lanes:forward":null,"horse":null,"mtb:scale:imba":null,"wikipedia":null,"wikidata":null,"segregated":null,"tunnel":null,"layer":null,"bridge":null,"foot":null,"turn:lanes:backward":null,"source:hgv:national_network":null,"hgv:national_network":null,"hgv":null,"alt_name":null,"parking:right:orientation":null,"parking:right":null,"parking:left:orientation":null,"parking:left":null,"cycleway:right":null,"sidewalk":null,"cycleway:both":null,"bicycle":null,"tiger:name_direction_suffix":null,"tracktype":null,"source:maxspeed":null,"smoothness":null,"parking:lane:both":null,"lanes:forward":null,"lanes:backward":null,"CDOT_route":null,"lit":null,"sidewalk:right":null,"sidewalk:left":null,"tiger:name_type_1":null,"tiger:name_direction_prefix_1":null,"tiger:name_base_1":null,"railway":null,"old_railway_operator":null,"name_1":null,"maxspeed":null,"cycleway":null,"ref":null,"tiger:name_direction_prefix":null,"parking:both:orientation":null,"parking:both":null,"oneway":null,"access":null,"service":null,"tiger:reviewed":null,"surface":null,"lanes":null,"tiger:name_type":null,"tiger:name_base":null,"tiger:county":null,"tiger:cfcc":null,"name":null,"is_in:state_code":null,"is_in:state":null,"is_in:city":null},"geometry":{"type":"LineString","coordinates":[[-106.8169579,39.1903283],[-106.8169881,39.1902201],[-106.8170294,39.1900988]]}},
{"type":"Feature","properties":{"full_id":"w1381098524","osm_id":"1381098524","osm_type":"way","highway":"footway","crossing:markings":"zebra","crossing":"marked","footway":"crossing","maxheight":null,"oneway:bicycle":null,"bus":null,"wheelchair":null,"source:geometry":null,"operator":null,"motor_vehicle":null,"dog":null,"cycleway:both:lane":null,"parking:lanes:both":null,"maxweight:signed":null,"sidewalk:both:surface":null,"turn:lanes:forward":null,"horse":null,"mtb:scale:imba":null,"wikipedia":null,"wikidata":null,"segregated":null,"tunnel":null,"layer":null,"bridge":null,"foot":null,"turn:lanes:backward":null,"source:hgv:national_network":null,"hgv:national_network":null,"hgv":null,"alt_name":null,"parking:right:orientation":null,"parking:right":null,"parking:left:orientation":null,"parking:left":null,"cycleway:right":null,"sidewalk":null,"cycleway:both":null,"bicycle":null,"tiger:name_direction_suffix":null,"tracktype":null,"source:maxspeed":null,"smoothness":null,"parking:lane:both":null,"lanes:forward":null,"lanes:backward":null,"CDOT_route":null,"lit":null,"sidewalk:right":null,"sidewalk:left":null,"tiger:name_type_1":null,"tiger:name_direction_prefix_1":null,"tiger:name_base_1":null,"railway":null,"old_railway_operator":null,"name_1":null,"maxspeed":null,"cycleway":null,"ref":null,"tiger:name_direction_prefix":null,"parking:both:orientation":null,"parking:both":null,"oneway":null,"access":null,"service":null,"tiger:reviewed":null,"surface":null,"lanes":null,"tiger:name_type":null,"tiger:name_base":null,"tiger:county":null,"tiger:cfcc":null,"name":null,"is_in:state_code":null,"is_in:state":null,"is_in:city":null},"geometry":{"type":"LineString","coordinates":[[-106.8167286,39.1902773],[-106.8167616,39.1901733],[-106.8168003,39.1900464]]}},
{"type":"Feature","properties":{"full_id":"w1381098525","osm_id":"1381098525","osm_type":"way","highway":"footway","crossing:markings":"zebra","crossing":"marked","footway":"crossing","maxheight":null,"oneway:bicycle":null,"bus":null,"wheelchair":null,"source:geometry":null,"operator":null,"motor_vehicle":null,"dog":null,"cycleway:both:lane":null,"parking:lanes:both":null,"maxweight:signed":null,"sidewalk:both:surface":null,"turn:lanes:forward":null,"horse":null,"mtb:scale:imba":null,"wikipedia":null,"wikidata":null,"segregated":null,"tunnel":null,"layer":null,"bridge":null,"foot":null,"turn:lanes:backward":null,"source:hgv:national_network":null,"hgv:national_network":null,"hgv":null,"alt_name":null,"parking:right:orientation":null,"parking:right":null,"parking:left:orientation":null,"parking:left":null,"cycleway:right":null,"sidewalk":null,"cycleway:both":null,"bicycle":null,"tiger:name_direction_suffix":null,"tracktype":null,"source:maxspeed":null,"smoothness":null,"parking:lane:both":null,"lanes:forward":null,"lanes:backward":null,"CDOT_route":null,"lit":null,"sidewalk:right":null,"sidewalk:left":null,"tiger:name_type_1":null,"tiger:name_direction_prefix_1":null,"tiger:name_base_1":null,"railway":null,"old_railway_operator":null,"name_1":null,"maxspeed":null,"cycleway":null,"ref":null,"tiger:name_direction_prefix":null,"parking:both:orientation":null,"parking:both":null,"oneway":null,"access":null,"service":null,"tiger:reviewed":null,"surface":null,"lanes":null,"tiger:name_type":null,"tiger:name_base":null,"tiger:county":null,"tiger:cfcc":null,"name":null,"is_in:state_code":null,"is_in:state":null,"is_in:city":null},"geometry":{"type":"LineString","coordinates":[[-106.8181371,39.1905885],[-106.8181833,39.1904674],[-106.8182315,39.1903411]]}},
{"type":"Feature","properties":{"full_id":"w1381098526","osm_id":"1381098526","osm_type":"way","highway":"footway","crossing:markings":"zebra","crossing":"marked","footway":"crossing","maxheight":null,"oneway:bicycle":null,"bus":null,"wheelchair":null,"source:geometry":null,"operator":null,"motor_vehicle":null,"dog":null,"cycleway:both:lane":null,"parking:lanes:both":null,"maxweight:signed":null,"sidewalk:both:surface":null,"turn:lanes:forward":null,"horse":null,"mtb:scale:imba":null,"wikipedia":null,"wikidata":null,"segregated":null,"tunnel":null,"layer":null,"bridge":null,"foot":null,"turn:lanes:backward":null,"source:hgv:national_network":null,"hgv:national_network":null,"hgv":null,"alt_name":null,"parking:right:orientation":null,"parking:right":null,"parking:left:orientation":null,"parking:left":null,"cycleway:right":null,"sidewalk":null,"cycleway:both":null,"bicycle":null,"tiger:name_direction_suffix":null,"tracktype":null,"source:maxspeed":null,"smoothness":null,"parking:lane:both":null,"lanes:forward":null,"lanes:backward":null,"CDOT_route":null,"lit":null,"sidewalk:right":null,"sidewalk:left":null,"tiger:name_type_1":null,"tiger:name_direction_prefix_1":null,"tiger:name_base_1":null,"railway":null,"old_railway_operator":null,"name_1":null,"maxspeed":null,"cycleway":null,"ref":null,"tiger:name_direction_prefix":null,"parking:both:orientation":null,"parking:both":null,"oneway":null,"access":null,"service":null,"tiger:reviewed":null,"surface":null,"lanes":null,"tiger:name_type":null,"tiger:name_base":null,"tiger:county":null,"tiger:cfcc":null,"name":null,"is_in:state_code":null,"is_in:state":null,"is_in:city":null},"geometry":{"type":"LineString","coordinates":[[-106.8182315,39.1903411],[-106.8180999,39.1903147],[-106.8179768,39.19029]]}},
{"type":"Feature","properties":{"full_id":"w1381098527","osm_id":"1381098527","osm_type":"way","highway":"footway","crossing:markings":"zebra","crossing":"marked","footway":"crossing","maxheight":null,"oneway:bicycle":null,"bus":null,"wheelchair":null,"source:geometry":null,"operator":null,"motor_vehicle":null,"dog":null,"cycleway:both:lane":null,"parking:lanes:both":null,"maxweight:signed":null,"sidewalk:both:surface":null,"turn:lanes:forward":null,"horse":null,"mtb:scale:imba":null,"wikipedia":null,"wikidata":null,"segregated":null,"tunnel":null,"layer":null,"bridge":null,"foot":null,"turn:lanes:backward":null,"source:hgv:national_network":null,"hgv:national_network":null,"hgv":null,"alt_name":null,"parking:right:orientation":null,"parking:right":null,"parking:left:orientation":null,"parking:left":null,"cycleway:right":null,"sidewalk":null,"cycleway:both":null,"bicycle":null,"tiger:name_direction_suffix":null,"tracktype":null,"source:maxspeed":null,"smoothness":null,"parking:lane:both":null,"lanes:forward":null,"lanes:backward":null,"CDOT_route":null,"lit":null,"sidewalk:right":null,"sidewalk:left":null,"tiger:name_type_1":null,"tiger:name_direction_prefix_1":null,"tiger:name_base_1":null,"railway":null,"old_railway_operator":null,"name_1":null,"maxspeed":null,"cycleway":null,"ref":null,"tiger:name_direction_prefix":null,"parking:both:orientation":null,"parking:both":null,"oneway":null,"access":null,"service":null,"tiger:reviewed":null,"surface":null,"lanes":null,"tiger:name_type":null,"tiger:name_base":null,"tiger:county":null,"tiger:cfcc":null,"name":null,"is_in:state_code":null,"is_in:state":null,"is_in:city":null},"geometry":{"type":"LineString","coordinates":[[-106.8179048,39.1905386],[-106.81794,39.1904171],[-106.8179768,39.19029]]}},
{"type":"Feature","properties":{"full_id":"w1381098528","osm_id":"1381098528","osm_type":"way","highway":"footway","crossing:markings":null,"crossing":null,"footway":"sidewalk","maxheight":null,"oneway:bicycle":null,"bus":null,"wheelchair":null,"source:geometry":null,"operator":null,"motor_vehicle":null,"dog":null,"cycleway:both:lane":null,"parking:lanes:both":null,"maxweight:signed":null,"sidewalk:both:surface":null,"turn:lanes:forward":null,"horse":null,"mtb:scale:imba":null,"wikipedia":null,"wikidata":null,"segregated":null,"tunnel":null,"layer":"-1","bridge":null,"foot":null,"turn:lanes:backward":null,"source:hgv:national_network":null,"hgv:national_network":null,"hgv":null,"alt_name":null,"parking:right:orientation":null,"parking:right":null,"parking:left:orientation":null,"parking:left":null,"cycleway:right":null,"sidewalk":null,"cycleway:both":null,"bicycle":null,"tiger:name_direction_suffix":null,"tracktype":null,"source:maxspeed":null,"smoothness":null,"parking:lane:both":null,"lanes:forward":null,"lanes:backward":null,"CDOT_route":null,"lit":null,"sidewalk:right":null,"sidewalk:left":null,"tiger:name_type_1":null,"tiger:name_direction_prefix_1":null,"tiger:name_base_1":null,"railway":null,"old_railway_operator":null,"name_1":null,"maxspeed":null,"cycleway":null,"ref":null,"tiger:name_direction_prefix":null,"parking:both:orientation":null,"parking:both":null,"oneway":null,"access":null,"service":null,"tiger:reviewed":null,"surface":null,"lanes":null,"tiger:name_type":null,"tiger:name_base":null,"tiger:county":null,"tiger:cfcc":null,"name":null,"is_in:state_code":null,"is_in:state":null,"is_in:city":null},"geometry":{"type":"LineString","coordinates":[[-106.8179768,39.19029],[-106.8170294,39.1900988]]}},
{"type":"Feature","properties":{"full_id":"w1381098529","osm_id":"1381098529","osm_type":"way","highway":"footway","crossing:markings":null,"crossing":null,"footway":"sidewalk","maxheight":null,"oneway:bicycle":null,"bus":null,"wheelchair":null,"source:geometry":null,"operator":null,"motor_vehicle":null,"dog":null,"cycleway:both:lane":null,"parking:lanes:both":null,"maxweight:signed":null,"sidewalk:both:surface":null,"turn:lanes:forward":null,"horse":null,"mtb:scale:imba":null,"wikipedia":null,"wikidata":null,"segregated":null,"tunnel":null,"layer":null,"bridge":null,"foot":null,"turn:lanes:backward":null,"source:hgv:national_network":null,"hgv:national_network":null,"hgv":null,"alt_name":null,"parking:right:orientation":null,"parking:right":null,"parking:left:orientation":null,"parking:left":null,"cycleway:right":null,"sidewalk":null,"cycleway:both":null,"bicycle":null,"tiger:name_direction_suffix":null,"tracktype":null,"source:maxspeed":null,"smoothness":null,"parking:lane:both":null,"lanes:forward":null,"lanes:backward":null,"CDOT_route":null,"lit":null,"sidewalk:right":null,"sidewalk:left":null,"tiger:name_type_1":null,"tiger:name_direction_prefix_1":null,"tiger:name_base_1":null,"railway":null,"old_railway_operator":null,"name_1":null,"maxspeed":null,"cycleway":null,"ref":null,"tiger:name_direction_prefix":null,"parking:both:orientation":null,"parking:both":null,"oneway":null,"access":null,"service":null,"tiger:reviewed":null,"surface":null,"lanes":null,"tiger:name_type":null,"tiger:name_base":null,"tiger:county":null,"tiger:cfcc":null,"name":null,"is_in:state_code":null,"is_in:state":null,"is_in:city":null},"geometry":{"type":"LineString","coordinates":[[-106.8170294,39.1900988],[-106.8170493,39.1900821],[-106.8171323,39.189813],[-106.8172306,39.1894945],[-106.81725,39.1894782]]}},
{"type":"Feature","properties":{"full_id":"w1381098530","osm_id":"1381098530","osm_type":"way","highway":"footway","crossing:markings":"zebra","crossing":"marked","footway":"crossing","maxheight":null,"oneway:bicycle":null,"bus":null,"wheelchair":null,"source:geometry":null,"operator":null,"motor_vehicle":null,"dog":null,"cycleway:both:lane":null,"parking:lanes:both":null,"maxweight:signed":null,"sidewalk:both:surface":null,"turn:lanes:forward":null,"horse":null,"mtb:scale:imba":null,"wikipedia":null,"wikidata":null,"segregated":null,"tunnel":null,"layer":null,"bridge":null,"foot":null,"turn:lanes:backward":null,"source:hgv:national_network":null,"hgv:national_network":null,"hgv":null,"alt_name":null,"parking:right:orientation":null,"parking:right":null,"parking:left:orientation":null,"parking:left":null,"cycleway:right":null,"sidewalk":null,"cycleway:both":null,"bicycle":null,"tiger:name_direction_suffix":null,"tracktype":null,"source:maxspeed":null,"smoothness":null,"parking:lane:both":null,"lanes:forward":null,"lanes:backward":null,"CDOT_route":null,"lit":null,"sidewalk:right":null,"sidewalk:left":null,"tiger:name_type_1":null,"tiger:name_direction_prefix_1":null,"tiger:name_base_1":null,"railway":null,"old_railway_operator":null,"name_1":null,"maxspeed":null,"cycleway":null,"ref":null,"tiger:name_direction_prefix":null,"parking:both:orientation":null,"parking:both":null,"oneway":null,"access":null,"service":null,"tiger:reviewed":null,"surface":null,"lanes":null,"tiger:name_type":null,"tiger:name_base":null,"tiger:county":null,"tiger:cfcc":null,"name":null,"is_in:state_code":null,"is_in:state":null,"is_in:city":null},"geometry":{"type":"LineString","coordinates":[[-106.8172306,39.1894945],[-106.8171285,39.1894736],[-106.8170268,39.1894527]]}},
{"type":"Feature","properties":{"full_id":"w1381098531","osm_id":"1381098531","osm_type":"way","highway":"footway","crossing:markings":"zebra","crossing":"marked","footway":"crossing","maxheight":null,"oneway:bicycle":null,"bus":null,"wheelchair":null,"source:geometry":null,"operator":null,"motor_vehicle":null,"dog":null,"cycleway:both:lane":null,"parking:lanes:both":null,"maxweight:signed":null,"sidewalk:both:surface":null,"turn:lanes:forward":null,"horse":null,"mtb:scale:imba":null,"wikipedia":null,"wikidata":null,"segregated":null,"tunnel":null,"layer":null,"bridge":null,"foot":null,"turn:lanes:backward":null,"source:hgv:national_network":null,"hgv:national_network":null,"hgv":null,"alt_name":null,"parking:right:orientation":null,"parking:right":null,"parking:left:orientation":null,"parking:left":null,"cycleway:right":null,"sidewalk":null,"cycleway:both":null,"bicycle":null,"tiger:name_direction_suffix":null,"tracktype":null,"source:maxspeed":null,"smoothness":null,"parking:lane:both":null,"lanes:forward":null,"lanes:backward":null,"CDOT_route":null,"lit":null,"sidewalk:right":null,"sidewalk:left":null,"tiger:name_type_1":null,"tiger:name_direction_prefix_1":null,"tiger:name_base_1":null,"railway":null,"old_railway_operator":null,"name_1":null,"maxspeed":null,"cycleway":null,"ref":null,"tiger:name_direction_prefix":null,"parking:both:orientation":null,"parking:both":null,"oneway":null,"access":null,"service":null,"tiger:reviewed":null,"surface":null,"lanes":null,"tiger:name_type":null,"tiger:name_base":null,"tiger:county":null,"tiger:cfcc":null,"name":null,"is_in:state_code":null,"is_in:state":null,"is_in:city":null},"geometry":{"type":"LineString","coordinates":[[-106.8170268,39.1894527],[-106.8170559,39.1893537],[-106.8170777,39.1892797]]}},
{"type":"Feature","properties":{"full_id":"w1381098532","osm_id":"1381098532","osm_type":"way","highway":"footway","crossing:markings":"zebra","crossing":"marked","footway":"crossing","maxheight":null,"oneway:bicycle":null,"bus":null,"wheelchair":null,"source:geometry":null,"operator":null,"motor_vehicle":null,"dog":null,"cycleway:both:lane":null,"parking:lanes:both":null,"maxweight:signed":null,"sidewalk:both:surface":null,"turn:lanes:forward":null,"horse":null,"mtb:scale:imba":null,"wikipedia":null,"wikidata":null,"segregated":null,"tunnel":null,"layer":null,"bridge":null,"foot":null,"turn:lanes:backward":null,"source:hgv:national_network":null,"hgv:national_network":null,"hgv":null,"alt_name":null,"parking:right:orientation":null,"parking:right":null,"parking:left:orientation":null,"parking:left":null,"cycleway:right":null,"sidewalk":null,"cycleway:both":null,"bicycle":null,"tiger:name_direction_suffix":null,"tracktype":null,"source:maxspeed":null,"smoothness":null,"parking:lane:both":null,"lanes:forward":null,"lanes:backward":null,"CDOT_route":null,"lit":null,"sidewalk:right":null,"sidewalk:left":null,"tiger:name_type_1":null,"tiger:name_direction_prefix_1":null,"tiger:name_base_1":null,"railway":null,"old_railway_operator":null,"name_1":null,"maxspeed":null,"cycleway":null,"ref":null,"tiger:name_direction_prefix":null,"parking:both:orientation":null,"parking:both":null,"oneway":null,"access":null,"service":null,"tiger:reviewed":null,"surface":null,"lanes":null,"tiger:name_type":null,"tiger:name_base":null,"tiger:county":null,"tiger:cfcc":null,"name":null,"is_in:state_code":null,"is_in:state":null,"is_in:city":null},"geometry":{"type":"LineString","coordinates":[[-106.81725,39.1894782],[-106.817275,39.1893985],[-106.817301,39.1893157]]}},
{"type":"Feature","properties":{"full_id":"w1381098533","osm_id":"1381098533","osm_type":"way","highway":"footway","crossing:markings":null,"crossing":null,"footway":"sidewalk","maxheight":null,"oneway:bicycle":null,"bus":null,"wheelchair":null,"source:geometry":null,"operator":null,"motor_vehicle":null,"dog":null,"cycleway:both:lane":null,"parking:lanes:both":null,"maxweight:signed":null,"sidewalk:both:surface":null,"turn:lanes:forward":null,"horse":null,"mtb:scale:imba":null,"wikipedia":null,"wikidata":null,"segregated":null,"tunnel":null,"layer":null,"bridge":null,"foot":null,"turn:lanes:backward":null,"source:hgv:national_network":null,"hgv:national_network":null,"hgv":null,"alt_name":null,"parking:right:orientation":null,"parking:right":null,"parking:left:orientation":null,"parking:left":null,"cycleway:right":null,"sidewalk":null,"cycleway:both":null,"bicycle":null,"tiger:name_direction_suffix":null,"tracktype":null,"source:maxspeed":null,"smoothness":null,"parking:lane:both":null,"lanes:forward":null,"lanes:backward":null,"CDOT_route":null,"lit":null,"sidewalk:right":null,"sidewalk:left":null,"tiger:name_type_1":null,"tiger:name_direction_prefix_1":null,"tiger:name_base_1":null,"railway":null,"old_railway_operator":null,"name_1":null,"maxspeed":null,"cycleway":null,"ref":null,"tiger:name_direction_prefix":null,"parking:both:orientation":null,"parking:both":null,"oneway":null,"access":null,"service":null,"tiger:reviewed":null,"surface":null,"lanes":null,"tiger:name_type":null,"tiger:name_base":null,"tiger:county":null,"tiger:cfcc":null,"name":null,"is_in:state_code":null,"is_in:state":null,"is_in:city":null},"geometry":{"type":"LineString","coordinates":[[-106.81725,39.1894782],[-106.8181897,39.1896839],[-106.8182105,39.1896885]]}},
{"type":"Feature","properties":{"full_id":"w1381098534","osm_id":"1381098534","osm_type":"way","highway":"footway","crossing:markings":"zebra","crossing":"marked","footway":"crossing","maxheight":null,"oneway:bicycle":null,"bus":null,"wheelchair":null,"source:geometry":null,"operator":null,"motor_vehicle":null,"dog":null,"cycleway:both:lane":null,"parking:lanes:both":null,"maxweight:signed":null,"sidewalk:both:surface":null,"turn:lanes:forward":null,"horse":null,"mtb:scale:imba":null,"wikipedia":null,"wikidata":null,"segregated":null,"tunnel":null,"layer":null,"bridge":null,"foot":null,"turn:lanes:backward":null,"source:hgv:national_network":null,"hgv:national_network":null,"hgv":null,"alt_name":null,"parking:right:orientation":null,"parking:right":null,"parking:left:orientation":null,"parking:left":null,"cycleway:right":null,"sidewalk":null,"cycleway:both":null,"bicycle":null,"tiger:name_direction_suffix":null,"tracktype":null,"source:maxspeed":null,"smoothness":null,"parking:lane:both":null,"lanes:forward":null,"lanes:backward":null,"CDOT_route":null,"lit":null,"sidewalk:right":null,"sidewalk:left":null,"tiger:name_type_1":null,"tiger:name_direction_prefix_1":null,"tiger:name_base_1":null,"railway":null,"old_railway_operator":null,"name_1":null,"maxspeed":null,"cycleway":null,"ref":null,"tiger:name_direction_prefix":null,"parking:both:orientation":null,"parking:both":null,"oneway":null,"access":null,"service":null,"tiger:reviewed":null,"surface":null,"lanes":null,"tiger:name_type":null,"tiger:name_base":null,"tiger:county":null,"tiger:cfcc":null,"name":null,"is_in:state_code":null,"is_in:state":null,"is_in:city":null},"geometry":{"type":"LineString","coordinates":[[-106.8182105,39.1896885],[-106.8183041,39.189709],[-106.8184068,39.1897314]]}},
{"type":"Feature","properties":{"full_id":"w1381098535","osm_id":"1381098535","osm_type":"way","highway":"footway","crossing:markings":"zebra","crossing":"marked","footway":"crossing","maxheight":null,"oneway:bicycle":null,"bus":null,"wheelchair":null,"source:geometry":null,"operator":null,"motor_vehicle":null,"dog":null,"cycleway:both:lane":null,"parking:lanes:both":null,"maxweight:signed":null,"sidewalk:both:surface":null,"turn:lanes:forward":null,"horse":null,"mtb:scale:imba":null,"wikipedia":null,"wikidata":null,"segregated":null,"tunnel":null,"layer":null,"bridge":null,"foot":null,"turn:lanes:backward":null,"source:hgv:national_network":null,"hgv:national_network":null,"hgv":null,"alt_name":null,"parking:right:orientation":null,"parking:right":null,"parking:left:orientation":null,"parking:left":null,"cycleway:right":null,"sidewalk":null,"cycleway:both":null,"bicycle":null,"tiger:name_direction_suffix":null,"tracktype":null,"source:maxspeed":null,"smoothness":null,"parking:lane:both":null,"lanes:forward":null,"lanes:backward":null,"CDOT_route":null,"lit":null,"sidewalk:right":null,"sidewalk:left":null,"tiger:name_type_1":null,"tiger:name_direction_prefix_1":null,"tiger:name_base_1":null,"railway":null,"old_railway_operator":null,"name_1":null,"maxspeed":null,"cycleway":null,"ref":null,"tiger:name_direction_prefix":null,"parking:both:orientation":null,"parking:both":null,"oneway":null,"access":null,"service":null,"tiger:reviewed":null,"surface":null,"lanes":null,"tiger:name_type":null,"tiger:name_base":null,"tiger:county":null,"tiger:cfcc":null,"name":null,"is_in:state_code":null,"is_in:state":null,"is_in:city":null},"geometry":{"type":"LineString","coordinates":[[-106.8184443,39.1897233],[-106.8184649,39.1896442],[-106.8184841,39.1895705]]}},
{"type":"Feature","properties":{"full_id":"w1381098536","osm_id":"1381098536","osm_type":"way","highway":"footway","crossing:markings":"zebra","crossing":"marked","footway":"crossing","maxheight":null,"oneway:bicycle":null,"bus":null,"wheelchair":null,"source:geometry":null,"operator":null,"motor_vehicle":null,"dog":null,"cycleway:both:lane":null,"parking:lanes:both":null,"maxweight:signed":null,"sidewalk:both:surface":null,"turn:lanes:forward":null,"horse":null,"mtb:scale:imba":null,"wikipedia":null,"wikidata":null,"segregated":null,"tunnel":null,"layer":null,"bridge":null,"foot":null,"turn:lanes:backward":null,"source:hgv:national_network":null,"hgv:national_network":null,"hgv":null,"alt_name":null,"parking:right:orientation":null,"parking:right":null,"parking:left:orientation":null,"parking:left":null,"cycleway:right":null,"sidewalk":null,"cycleway:both":null,"bicycle":null,"tiger:name_direction_suffix":null,"tracktype":null,"source:maxspeed":null,"smoothness":null,"parking:lane:both":null,"lanes:forward":null,"lanes:backward":null,"CDOT_route":null,"lit":null,"sidewalk:right":null,"sidewalk:left":null,"tiger:name_type_1":null,"tiger:name_direction_prefix_1":null,"tiger:name_base_1":null,"railway":null,"old_railway_operator":null,"name_1":null,"maxspeed":null,"cycleway":null,"ref":null,"tiger:name_direction_prefix":null,"parking:both:orientation":null,"parking:both":null,"oneway":null,"access":null,"service":null,"tiger:reviewed":null,"surface":null,"lanes":null,"tiger:name_type":null,"tiger:name_base":null,"tiger:county":null,"tiger:cfcc":null,"name":null,"is_in:state_code":null,"is_in:state":null,"is_in:city":null},"geometry":{"type":"LineString","coordinates":[[-106.8182573,39.189511],[-106.8183671,39.1895275],[-106.8184782,39.1895442]]}},
{"type":"Feature","properties":{"full_id":"w1381098537","osm_id":"1381098537","osm_type":"way","highway":"footway","crossing:markings":"zebra","crossing":"marked","footway":"crossing","maxheight":null,"oneway:bicycle":null,"bus":null,"wheelchair":null,"source:geometry":null,"operator":null,"motor_vehicle":null,"dog":null,"cycleway:both:lane":null,"parking:lanes:both":null,"maxweight:signed":null,"sidewalk:both:surface":null,"turn:lanes:forward":null,"horse":null,"mtb:scale:imba":null,"wikipedia":null,"wikidata":null,"segregated":null,"tunnel":null,"layer":null,"bridge":null,"foot":null,"turn:lanes:backward":null,"source:hgv:national_network":null,"hgv:national_network":null,"hgv":null,"alt_name":null,"parking:right:orientation":null,"parking:right":null,"parking:left:orientation":null,"parking:left":null,"cycleway:right":null,"sidewalk":null,"cycleway:both":null,"bicycle":null,"tiger:name_direction_suffix":null,"tracktype":null,"source:maxspeed":null,"smoothness":null,"parking:lane:both":null,"lanes:forward":null,"lanes:backward":null,"CDOT_route":null,"lit":null,"sidewalk:right":null,"sidewalk:left":null,"tiger:name_type_1":null,"tiger:name_direction_prefix_1":null,"tiger:name_base_1":null,"railway":null,"old_railway_operator":null,"name_1":null,"maxspeed":null,"cycleway":null,"ref":null,"tiger:name_direction_prefix":null,"parking:both:orientation":null,"parking:both":null,"oneway":null,"access":null,"service":null,"tiger:reviewed":null,"surface":null,"lanes":null,"tiger:name_type":null,"tiger:name_base":null,"tiger:county":null,"tiger:cfcc":null,"name":null,"is_in:state_code":null,"is_in:state":null,"is_in:city":null},"geometry":{"type":"LineString","coordinates":[[-106.8182573,39.189511],[-106.8182248,39.1895941],[-106.8181897,39.1896839]]}},
{"type":"Feature","properties":{"full_id":"w1381098538","osm_id":"1381098538","osm_type":"way","highway":"footway","crossing:markings":null,"crossing":null,"footway":"sidewalk","maxheight":null,"oneway:bicycle":null,"bus":null,"wheelchair":null,"source:geometry":null,"operator":null,"motor_vehicle":null,"dog":null,"cycleway:both:lane":null,"parking:lanes:both":null,"maxweight:signed":null,"sidewalk:both:surface":null,"turn:lanes:forward":null,"horse":null,"mtb:scale:imba":null,"wikipedia":null,"wikidata":null,"segregated":null,"tunnel":null,"layer":null,"bridge":null,"foot":null,"turn:lanes:backward":null,"source:hgv:national_network":null,"hgv:national_network":null,"hgv":null,"alt_name":null,"parking:right:orientation":null,"parking:right":null,"parking:left:orientation":null,"parking:left":null,"cycleway:right":null,"sidewalk":null,"cycleway:both":null,"bicycle":null,"tiger:name_direction_suffix":null,"tracktype":null,"source:maxspeed":null,"smoothness":null,"parking:lane:both":null,"lanes:forward":null,"lanes:backward":null,"CDOT_route":null,"lit":null,"sidewalk:right":null,"sidewalk:left":null,"tiger:name_type_1":null,"tiger:name_direction_prefix_1":null,"tiger:name_base_1":null,"railway":null,"old_railway_operator":null,"name_1":null,"maxspeed":null,"cycleway":null,"ref":null,"tiger:name_direction_prefix":null,"parking:both:orientation":null,"parking:both":null,"oneway":null,"access":null,"service":null,"tiger:reviewed":null,"surface":null,"lanes":null,"tiger:name_type":null,"tiger:name_base":null,"tiger:county":null,"tiger:cfcc":null,"name":null,"is_in:state_code":null,"is_in:state":null,"is_in:city":null},"geometry":{"type":"LineString","coordinates":[[-106.8182315,39.1903411],[-106.8182259,39.190313],[-106.8183109,39.1900396],[-106.8184068,39.1897314],[-106.8184443,39.1897233]]}},
{"type":"Feature","properties":{"full_id":"w1381098539","osm_id":"1381098539","osm_type":"way","highway":"footway","crossing:markings":null,"crossing":null,"footway":"sidewalk","maxheight":null,"oneway:bicycle":null,"bus":null,"wheelchair":null,"source:geometry":null,"operator":null,"motor_vehicle":null,"dog":null,"cycleway:both:lane":null,"parking:lanes:both":null,"maxweight:signed":null,"sidewalk:both:surface":null,"turn:lanes:forward":null,"horse":null,"mtb:scale:imba":null,"wikipedia":null,"wikidata":null,"segregated":null,"tunnel":null,"layer":null,"bridge":null,"foot":null,"turn:lanes:backward":null,"source:hgv:national_network":null,"hgv:national_network":null,"hgv":null,"alt_name":null,"parking:right:orientation":null,"parking:right":null,"parking:left:orientation":null,"parking:left":null,"cycleway:right":null,"sidewalk":null,"cycleway:both":null,"bicycle":null,"tiger:name_direction_suffix":null,"tracktype":null,"source:maxspeed":null,"smoothness":null,"parking:lane:both":null,"lanes:forward":null,"lanes:backward":null,"CDOT_route":null,"lit":null,"sidewalk:right":null,"sidewalk:left":null,"tiger:name_type_1":null,"tiger:name_direction_prefix_1":null,"tiger:name_base_1":null,"railway":null,"old_railway_operator":null,"name_1":null,"maxspeed":null,"cycleway":null,"ref":null,"tiger:name_direction_prefix":null,"parking:both:orientation":null,"parking:both":null,"oneway":null,"access":null,"service":null,"tiger:reviewed":null,"surface":null,"lanes":null,"tiger:name_type":null,"tiger:name_base":null,"tiger:county":null,"tiger:cfcc":null,"name":null,"is_in:state_code":null,"is_in:state":null,"is_in:city":null},"geometry":{"type":"LineString","coordinates":[[-106.8184443,39.1897233],[-106.8193744,39.1899262]]}},
{"type":"Feature","properties":{"full_id":"w1381098540","osm_id":"1381098540","osm_type":"way","highway":"footway","crossing:markings":null,"crossing":null,"footway":"sidewalk","maxheight":null,"oneway:bicycle":null,"bus":null,"wheelchair":null,"source:geometry":null,"operator":null,"motor_vehicle":null,"dog":null,"cycleway:both:lane":null,"parking:lanes:both":null,"maxweight:signed":null,"sidewalk:both:surface":null,"turn:lanes:forward":null,"horse":null,"mtb:scale:imba":null,"wikipedia":null,"wikidata":null,"segregated":null,"tunnel":null,"layer":"-1","bridge":null,"foot":null,"turn:lanes:backward":null,"source:hgv:national_network":null,"hgv:national_network":null,"hgv":null,"alt_name":null,"parking:right:orientation":null,"parking:right":null,"parking:left:orientation":null,"parking:left":null,"cycleway:right":null,"sidewalk":null,"cycleway:both":null,"bicycle":null,"tiger:name_direction_suffix":null,"tracktype":null,"source:maxspeed":null,"smoothness":null,"parking:lane:both":null,"lanes:forward":null,"lanes:backward":null,"CDOT_route":null,"lit":null,"sidewalk:right":null,"sidewalk:left":null,"tiger:name_type_1":null,"tiger:name_direction_prefix_1":null,"tiger:name_base_1":null,"railway":null,"old_railway_operator":null,"name_1":null,"maxspeed":null,"cycleway":null,"ref":null,"tiger:name_direction_prefix":null,"parking:both:orientation":null,"parking:both":null,"oneway":null,"access":null,"service":null,"tiger:reviewed":null,"surface":null,"lanes":null,"tiger:name_type":null,"tiger:name_base":null,"tiger:county":null,"tiger:cfcc":null,"name":null,"is_in:state_code":null,"is_in:state":null,"is_in:city":null},"geometry":{"type":"LineString","coordinates":[[-106.8184841,39.1895705],[-106.8194363,39.1897636]]}},
{"type":"Feature","properties":{"full_id":"w1381098541","osm_id":"1381098541","osm_type":"way","highway":"footway","crossing:markings":null,"crossing":null,"footway":"sidewalk","maxheight":null,"oneway:bicycle":null,"bus":null,"wheelchair":null,"source:geometry":null,"operator":null,"motor_vehicle":null,"dog":null,"cycleway:both:lane":null,"parking:lanes:both":null,"maxweight:signed":null,"sidewalk:both:surface":null,"turn:lanes:forward":null,"horse":null,"mtb:scale:imba":null,"wikipedia":null,"wikidata":null,"segregated":null,"tunnel":null,"layer":null,"bridge":null,"foot":null,"turn:lanes:backward":null,"source:hgv:national_network":null,"hgv:national_network":null,"hgv":null,"alt_name":null,"parking:right:orientation":null,"parking:right":null,"parking:left:orientation":null,"parking:left":null,"cycleway:right":null,"sidewalk":null,"cycleway:both":null,"bicycle":null,"tiger:name_direction_suffix":null,"tracktype":null,"source:maxspeed":null,"smoothness":null,"parking:lane:both":null,"lanes:forward":null,"lanes:backward":null,"CDOT_route":null,"lit":null,"sidewalk:right":null,"sidewalk:left":null,"tiger:name_type_1":null,"tiger:name_direction_prefix_1":null,"tiger:name_base_1":null,"railway":null,"old_railway_operator":null,"name_1":null,"maxspeed":null,"cycleway":null,"ref":null,"tiger:name_direction_prefix":null,"parking:both:orientation":null,"parking:both":null,"oneway":null,"access":null,"service":null,"tiger:reviewed":null,"surface":null,"lanes":null,"tiger:name_type":null,"tiger:name_base":null,"tiger:county":null,"tiger:cfcc":null,"name":null,"is_in:state_code":null,"is_in:state":null,"is_in:city":null},"geometry":{"type":"LineString","coordinates":[[-106.8184841,39.1895705],[-106.8184782,39.1895442],[-106.8185753,39.1892556],[-106.818682,39.1889384],[-106.8187083,39.18886]]}},
{"type":"Feature","properties":{"full_id":"w1381098542","osm_id":"1381098542","osm_type":"way","highway":"footway","crossing:markings":"zebra","crossing":"marked","footway":"crossing","maxheight":null,"oneway:bicycle":null,"bus":null,"wheelchair":null,"source:geometry":null,"operator":null,"motor_vehicle":null,"dog":null,"cycleway:both:lane":null,"parking:lanes:both":null,"maxweight:signed":null,"sidewalk:both:surface":null,"turn:lanes:forward":null,"horse":null,"mtb:scale:imba":null,"wikipedia":null,"wikidata":null,"segregated":null,"tunnel":null,"layer":null,"bridge":null,"foot":null,"turn:lanes:backward":null,"source:hgv:national_network":null,"hgv:national_network":null,"hgv":null,"alt_name":null,"parking:right:orientation":null,"parking:right":null,"parking:left:orientation":null,"parking:left":null,"cycleway:right":null,"sidewalk":null,"cycleway:both":null,"bicycle":null,"tiger:name_direction_suffix":null,"tracktype":null,"source:maxspeed":null,"smoothness":null,"parking:lane:both":null,"lanes:forward":null,"lanes:backward":null,"CDOT_route":null,"lit":null,"sidewalk:right":null,"sidewalk:left":null,"tiger:name_type_1":null,"tiger:name_direction_prefix_1":null,"tiger:name_base_1":null,"railway":null,"old_railway_operator":null,"name_1":null,"maxspeed":null,"cycleway":null,"ref":null,"tiger:name_direction_prefix":null,"parking:both:orientation":null,"parking:both":null,"oneway":null,"access":null,"service":null,"tiger:reviewed":null,"surface":null,"lanes":null,"tiger:name_type":null,"tiger:name_base":null,"tiger:county":null,"tiger:cfcc":null,"name":null,"is_in:state_code":null,"is_in:state":null,"is_in:city":null},"geometry":{"type":"LineString","coordinates":[[-106.818682,39.1889384],[-106.8185749,39.1889151],[-106.8184743,39.1888932]]}},
{"type":"Feature","properties":{"full_id":"w1381098543","osm_id":"1381098543","osm_type":"way","highway":"footway","crossing:markings":"zebra","crossing":"marked","footway":"crossing","maxheight":null,"oneway:bicycle":null,"bus":null,"wheelchair":null,"source:geometry":null,"operator":null,"motor_vehicle":null,"dog":null,"cycleway:both:lane":null,"parking:lanes:both":null,"maxweight:signed":null,"sidewalk:both:surface":null,"turn:lanes:forward":null,"horse":null,"mtb:scale:imba":null,"wikipedia":null,"wikidata":null,"segregated":null,"tunnel":null,"layer":null,"bridge":null,"foot":null,"turn:lanes:backward":null,"source:hgv:national_network":null,"hgv:national_network":null,"hgv":null,"alt_name":null,"parking:right:orientation":null,"parking:right":null,"parking:left:orientation":null,"parking:left":null,"cycleway:right":null,"sidewalk":null,"cycleway:both":null,"bicycle":null,"tiger:name_direction_suffix":null,"tracktype":null,"source:maxspeed":null,"smoothness":null,"parking:lane:both":null,"lanes:forward":null,"lanes:backward":null,"CDOT_route":null,"lit":null,"sidewalk:right":null,"sidewalk:left":null,"tiger:name_type_1":null,"tiger:name_direction_prefix_1":null,"tiger:name_base_1":null,"railway":null,"old_railway_operator":null,"name_1":null,"maxspeed":null,"cycleway":null,"ref":null,"tiger:name_direction_prefix":null,"parking:both:orientation":null,"parking:both":null,"oneway":null,"access":null,"service":null,"tiger:reviewed":null,"surface":null,"lanes":null,"tiger:name_type":null,"tiger:name_base":null,"tiger:county":null,"tiger:cfcc":null,"name":null,"is_in:state_code":null,"is_in:state":null,"is_in:city":null},"geometry":{"type":"LineString","coordinates":[[-106.8184743,39.1888932],[-106.8184966,39.1888167],[-106.8185163,39.1887492]]}},
{"type":"Feature","properties":{"full_id":"w1381098544","osm_id":"1381098544","osm_type":"way","highway":"footway","crossing:markings":"zebra","crossing":"marked","footway":"crossing","maxheight":null,"oneway:bicycle":null,"bus":null,"wheelchair":null,"source:geometry":null,"operator":null,"motor_vehicle":null,"dog":null,"cycleway:both:lane":null,"parking:lanes:both":null,"maxweight:signed":null,"sidewalk:both:surface":null,"turn:lanes:forward":null,"horse":null,"mtb:scale:imba":null,"wikipedia":null,"wikidata":null,"segregated":null,"tunnel":null,"layer":null,"bridge":null,"foot":null,"turn:lanes:backward":null,"source:hgv:national_network":null,"hgv:national_network":null,"hgv":null,"alt_name":null,"parking:right:orientation":null,"parking:right":null,"parking:left:orientation":null,"parking:left":null,"cycleway:right":null,"sidewalk":null,"cycleway:both":null,"bicycle":null,"tiger:name_direction_suffix":null,"tracktype":null,"source:maxspeed":null,"smoothness":null,"parking:lane:both":null,"lanes:forward":null,"lanes:backward":null,"CDOT_route":null,"lit":null,"sidewalk:right":null,"sidewalk:left":null,"tiger:name_type_1":null,"tiger:name_direction_prefix_1":null,"tiger:name_base_1":null,"railway":null,"old_railway_operator":null,"name_1":null,"maxspeed":null,"cycleway":null,"ref":null,"tiger:name_direction_prefix":null,"parking:both:orientation":null,"parking:both":null,"oneway":null,"access":null,"service":null,"tiger:reviewed":null,"surface":null,"lanes":null,"tiger:name_type":null,"tiger:name_base":null,"tiger:county":null,"tiger:cfcc":null,"name":null,"is_in:state_code":null,"is_in:state":null,"is_in:city":null},"geometry":{"type":"LineString","coordinates":[[-106.8185163,39.1887492],[-106.818624,39.1887693],[-106.8187275,39.1887887]]}},
{"type":"Feature","properties":{"full_id":"w1381098545","osm_id":"1381098545","osm_type":"way","highway":"footway","crossing:markings":null,"crossing":null,"footway":"sidewalk","maxheight":null,"oneway:bicycle":null,"bus":null,"wheelchair":null,"source:geometry":null,"operator":null,"motor_vehicle":null,"dog":null,"cycleway:both:lane":null,"parking:lanes:both":null,"maxweight:signed":null,"sidewalk:both:surface":null,"turn:lanes:forward":null,"horse":null,"mtb:scale:imba":null,"wikipedia":null,"wikidata":null,"segregated":null,"tunnel":null,"layer":null,"bridge":null,"foot":null,"turn:lanes:backward":null,"source:hgv:national_network":null,"hgv:national_network":null,"hgv":null,"alt_name":null,"parking:right:orientation":null,"parking:right":null,"parking:left:orientation":null,"parking:left":null,"cycleway:right":null,"sidewalk":null,"cycleway:both":null,"bicycle":null,"tiger:name_direction_suffix":null,"tracktype":null,"source:maxspeed":null,"smoothness":null,"parking:lane:both":null,"lanes:forward":null,"lanes:backward":null,"CDOT_route":null,"lit":null,"sidewalk:right":null,"sidewalk:left":null,"tiger:name_type_1":null,"tiger:name_direction_prefix_1":null,"tiger:name_base_1":null,"railway":null,"old_railway_operator":null,"name_1":null,"maxspeed":null,"cycleway":null,"ref":null,"tiger:name_direction_prefix":null,"parking:both:orientation":null,"parking:both":null,"oneway":null,"access":null,"service":null,"tiger:reviewed":null,"surface":null,"lanes":null,"tiger:name_type":null,"tiger:name_base":null,"tiger:county":null,"tiger:cfcc":null,"name":null,"is_in:state_code":null,"is_in:state":null,"is_in:city":null},"geometry":{"type":"LineString","coordinates":[[-106.8187083,39.18886],[-106.8187275,39.1887887],[-106.8188371,39.1884719],[-106.8188474,39.1884473],[-106.8187905,39.1884299],[-106.8188834,39.1881616],[-106.8188939,39.1880977],[-106.8188767,39.1880526]]}},
{"type":"Feature","properties":{"full_id":"w1381098546","osm_id":"1381098546","osm_type":"way","highway":"footway","crossing:markings":"zebra","crossing":"marked","footway":"crossing","maxheight":null,"oneway:bicycle":null,"bus":null,"wheelchair":null,"source:geometry":null,"operator":null,"motor_vehicle":null,"dog":null,"cycleway:both:lane":null,"parking:lanes:both":null,"maxweight:signed":null,"sidewalk:both:surface":null,"turn:lanes:forward":null,"horse":null,"mtb:scale:imba":null,"wikipedia":null,"wikidata":null,"segregated":null,"tunnel":null,"layer":null,"bridge":null,"foot":null,"turn:lanes:backward":null,"source:hgv:national_network":null,"hgv:national_network":null,"hgv":null,"alt_name":null,"parking:right:orientation":null,"parking:right":null,"parking:left:orientation":null,"parking:left":null,"cycleway:right":null,"sidewalk":null,"cycleway:both":null,"bicycle":null,"tiger:name_direction_suffix":null,"tracktype":null,"source:maxspeed":null,"smoothness":null,"parking:lane:both":null,"lanes:forward":null,"lanes:backward":null,"CDOT_route":null,"lit":null,"sidewalk:right":null,"sidewalk:left":null,"tiger:name_type_1":null,"tiger:name_direction_prefix_1":null,"tiger:name_base_1":null,"railway":null,"old_railway_operator":null,"name_1":null,"maxspeed":null,"cycleway":null,"ref":null,"tiger:name_direction_prefix":null,"parking:both:orientation":null,"parking:both":null,"oneway":null,"access":null,"service":null,"tiger:reviewed":null,"surface":null,"lanes":null,"tiger:name_type":null,"tiger:name_base":null,"tiger:county":null,"tiger:cfcc":null,"name":null,"is_in:state_code":null,"is_in:state":null,"is_in:city":null},"geometry":{"type":"LineString","coordinates":[[-106.8188834,39.1881616],[-106.8188365,39.1881512],[-106.8187352,39.1881289]]}},
{"type":"Feature","properties":{"full_id":"w1381098547","osm_id":"1381098547","osm_type":"way","highway":"footway","crossing:markings":"zebra","crossing":"marked","footway":"crossing","maxheight":null,"oneway:bicycle":null,"bus":null,"wheelchair":null,"source:geometry":null,"operator":null,"motor_vehicle":null,"dog":null,"cycleway:both:lane":null,"parking:lanes:both":null,"maxweight:signed":null,"sidewalk:both:surface":null,"turn:lanes:forward":null,"horse":null,"mtb:scale:imba":null,"wikipedia":null,"wikidata":null,"segregated":null,"tunnel":null,"layer":null,"bridge":null,"foot":null,"turn:lanes:backward":null,"source:hgv:national_network":null,"hgv:national_network":null,"hgv":null,"alt_name":null,"parking:right:orientation":null,"parking:right":null,"parking:left:orientation":null,"parking:left":null,"cycleway:right":null,"sidewalk":null,"cycleway:both":null,"bicycle":null,"tiger:name_direction_suffix":null,"tracktype":null,"source:maxspeed":null,"smoothness":null,"parking:lane:both":null,"lanes:forward":null,"lanes:backward":null,"CDOT_route":null,"lit":null,"sidewalk:right":null,"sidewalk:left":null,"tiger:name_type_1":null,"tiger:name_direction_prefix_1":null,"tiger:name_base_1":null,"railway":null,"old_railway_operator":null,"name_1":null,"maxspeed":null,"cycleway":null,"ref":null,"tiger:name_direction_prefix":null,"parking:both:orientation":null,"parking:both":null,"oneway":null,"access":null,"service":null,"tiger:reviewed":null,"surface":null,"lanes":null,"tiger:name_type":null,"tiger:name_base":null,"tiger:county":null,"tiger:cfcc":null,"name":null,"is_in:state_code":null,"is_in:state":null,"is_in:city":null},"geometry":{"type":"LineString","coordinates":[[-106.818773,39.1879768],[-106.8187526,39.1880398],[-106.8187306,39.1881077]]}},
{"type":"Feature","properties":{"full_id":"w1381098548","osm_id":"1381098548","osm_type":"way","highway":"footway","crossing:markings":null,"crossing":null,"footway":"sidewalk","maxheight":null,"oneway:bicycle":null,"bus":null,"wheelchair":null,"source:geometry":null,"operator":null,"motor_vehicle":null,"dog":null,"cycleway:both:lane":null,"parking:lanes:both":null,"maxweight:signed":null,"sidewalk:both:surface":null,"turn:lanes:forward":null,"horse":null,"mtb:scale:imba":null,"wikipedia":null,"wikidata":null,"segregated":null,"tunnel":null,"layer":"-1","bridge":null,"foot":null,"turn:lanes:backward":null,"source:hgv:national_network":null,"hgv:national_network":null,"hgv":null,"alt_name":null,"parking:right:orientation":null,"parking:right":null,"parking:left:orientation":null,"parking:left":null,"cycleway:right":null,"sidewalk":null,"cycleway:both":null,"bicycle":null,"tiger:name_direction_suffix":null,"tracktype":null,"source:maxspeed":null,"smoothness":null,"parking:lane:both":null,"lanes:forward":null,"lanes:backward":null,"CDOT_route":null,"lit":null,"sidewalk:right":null,"sidewalk:left":null,"tiger:name_type_1":null,"tiger:name_direction_prefix_1":null,"tiger:name_base_1":null,"railway":null,"old_railway_operator":null,"name_1":null,"maxspeed":null,"cycleway":null,"ref":null,"tiger:name_direction_prefix":null,"parking:both:orientation":null,"parking:both":null,"oneway":null,"access":null,"service":null,"tiger:reviewed":null,"surface":null,"lanes":null,"tiger:name_type":null,"tiger:name_base":null,"tiger:county":null,"tiger:cfcc":null,"name":null,"is_in:state_code":null,"is_in:state":null,"is_in:city":null},"geometry":{"type":"LineString","coordinates":[[-106.8187306,39.1881077],[-106.8187352,39.1881289],[-106.8185163,39.1887492]]}},
{"type":"Feature","properties":{"full_id":"w1381098549","osm_id":"1381098549","osm_type":"way","highway":"footway","crossing:markings":null,"crossing":null,"footway":"sidewalk","maxheight":null,"oneway:bicycle":null,"bus":null,"wheelchair":null,"source:geometry":null,"operator":null,"motor_vehicle":null,"dog":null,"cycleway:both:lane":null,"parking:lanes:both":null,"maxweight:signed":null,"sidewalk:both:surface":null,"turn:lanes:forward":null,"horse":null,"mtb:scale:imba":null,"wikipedia":null,"wikidata":null,"segregated":null,"tunnel":null,"layer":null,"bridge":null,"foot":null,"turn:lanes:backward":null,"source:hgv:national_network":null,"hgv:national_network":null,"hgv":null,"alt_name":null,"parking:right:orientation":null,"parking:right":null,"parking:left:orientation":null,"parking:left":null,"cycleway:right":null,"sidewalk":null,"cycleway:both":null,"bicycle":null,"tiger:name_direction_suffix":null,"tracktype":null,"source:maxspeed":null,"smoothness":null,"parking:lane:both":null,"lanes:forward":null,"lanes:backward":null,"CDOT_route":null,"lit":null,"sidewalk:right":null,"sidewalk:left":null,"tiger:name_type_1":null,"tiger:name_direction_prefix_1":null,"tiger:name_base_1":null,"railway":null,"old_railway_operator":null,"name_1":null,"maxspeed":null,"cycleway":null,"ref":null,"tiger:name_direction_prefix":null,"parking:both:orientation":null,"parking:both":null,"oneway":null,"access":null,"service":null,"tiger:reviewed":null,"surface":null,"lanes":null,"tiger:name_type":null,"tiger:name_base":null,"tiger:county":null,"tiger:cfcc":null,"name":null,"is_in:state_code":null,"is_in:state":null,"is_in:city":null},"geometry":{"type":"LineString","coordinates":[[-106.8184743,39.1888932],[-106.817506,39.1887038]]}},
{"type":"Feature","properties":{"full_id":"w1381098550","osm_id":"1381098550","osm_type":"way","highway":"footway","crossing:markings":null,"crossing":null,"footway":"sidewalk","maxheight":null,"oneway:bicycle":null,"bus":null,"wheelchair":null,"source:geometry":null,"operator":null,"motor_vehicle":null,"dog":null,"cycleway:both:lane":null,"parking:lanes:both":null,"maxweight:signed":null,"sidewalk:both:surface":null,"turn:lanes:forward":null,"horse":null,"mtb:scale:imba":null,"wikipedia":null,"wikidata":null,"segregated":null,"tunnel":null,"layer":null,"bridge":null,"foot":null,"turn:lanes:backward":null,"source:hgv:national_network":null,"hgv:national_network":null,"hgv":null,"alt_name":null,"parking:right:orientation":null,"parking:right":null,"parking:left:orientation":null,"parking:left":null,"cycleway:right":null,"sidewalk":null,"cycleway:both":null,"bicycle":null,"tiger:name_direction_suffix":null,"tracktype":null,"source:maxspeed":null,"smoothness":null,"parking:lane:both":null,"lanes:forward":null,"lanes:backward":null,"CDOT_route":null,"lit":null,"sidewalk:right":null,"sidewalk:left":null,"tiger:name_type_1":null,"tiger:name_direction_prefix_1":null,"tiger:name_base_1":null,"railway":null,"old_railway_operator":null,"name_1":null,"maxspeed":null,"cycleway":null,"ref":null,"tiger:name_direction_prefix":null,"parking:both:orientation":null,"parking:both":null,"oneway":null,"access":null,"service":null,"tiger:reviewed":null,"surface":null,"lanes":null,"tiger:name_type":null,"tiger:name_base":null,"tiger:county":null,"tiger:cfcc":null,"name":null,"is_in:state_code":null,"is_in:state":null,"is_in:city":null},"geometry":{"type":"LineString","coordinates":[[-106.8172812,39.1886562],[-106.8163118,39.1884641]]}},
{"type":"Feature","properties":{"full_id":"w1381098551","osm_id":"1381098551","osm_type":"way","highway":"footway","crossing:markings":null,"crossing":null,"footway":"sidewalk","maxheight":null,"oneway:bicycle":null,"bus":null,"wheelchair":null,"source:geometry":null,"operator":null,"motor_vehicle":null,"dog":null,"cycleway:both:lane":null,"parking:lanes:both":null,"maxweight:signed":null,"sidewalk:both:surface":null,"turn:lanes:forward":null,"horse":null,"mtb:scale:imba":null,"wikipedia":null,"wikidata":null,"segregated":null,"tunnel":null,"layer":"-1","bridge":null,"foot":null,"turn:lanes:backward":null,"source:hgv:national_network":null,"hgv:national_network":null,"hgv":null,"alt_name":null,"parking:right:orientation":null,"parking:right":null,"parking:left:orientation":null,"parking:left":null,"cycleway:right":null,"sidewalk":null,"cycleway:both":null,"bicycle":null,"tiger:name_direction_suffix":null,"tracktype":null,"source:maxspeed":null,"smoothness":null,"parking:lane:both":null,"lanes:forward":null,"lanes:backward":null,"CDOT_route":null,"lit":null,"sidewalk:right":null,"sidewalk:left":null,"tiger:name_type_1":null,"tiger:name_direction_prefix_1":null,"tiger:name_base_1":null,"railway":null,"old_railway_operator":null,"name_1":null,"maxspeed":null,"cycleway":null,"ref":null,"tiger:name_direction_prefix":null,"parking:both:orientation":null,"parking:both":null,"oneway":null,"access":null,"service":null,"tiger:reviewed":null,"surface":null,"lanes":null,"tiger:name_type":null,"tiger:name_base":null,"tiger:county":null,"tiger:cfcc":null,"name":null,"is_in:state_code":null,"is_in:state":null,"is_in:city":null},"geometry":{"type":"LineString","coordinates":[[-106.8172812,39.1886562],[-106.8171768,39.1889762],[-106.8170842,39.1892598],[-106.8170777,39.1892797]]}},
{"type":"Feature","properties":{"full_id":"w1381098552","osm_id":"1381098552","osm_type":"way","highway":"footway","crossing:markings":"zebra","crossing":"marked","footway":"crossing","maxheight":null,"oneway:bicycle":null,"bus":null,"wheelchair":null,"source:geometry":null,"operator":null,"motor_vehicle":null,"dog":null,"cycleway:both:lane":null,"parking:lanes:both":null,"maxweight:signed":null,"sidewalk:both:surface":null,"turn:lanes:forward":null,"horse":null,"mtb:scale:imba":null,"wikipedia":null,"wikidata":null,"segregated":null,"tunnel":null,"layer":null,"bridge":null,"foot":null,"turn:lanes:backward":null,"source:hgv:national_network":null,"hgv:national_network":null,"hgv":null,"alt_name":null,"parking:right:orientation":null,"parking:right":null,"parking:left:orientation":null,"parking:left":null,"cycleway:right":null,"sidewalk":null,"cycleway:both":null,"bicycle":null,"tiger:name_direction_suffix":null,"tracktype":null,"source:maxspeed":null,"smoothness":null,"parking:lane:both":null,"lanes:forward":null,"lanes:backward":null,"CDOT_route":null,"lit":null,"sidewalk:right":null,"sidewalk:left":null,"tiger:name_type_1":null,"tiger:name_direction_prefix_1":null,"tiger:name_base_1":null,"railway":null,"old_railway_operator":null,"name_1":null,"maxspeed":null,"cycleway":null,"ref":null,"tiger:name_direction_prefix":null,"parking:both:orientation":null,"parking:both":null,"oneway":null,"access":null,"service":null,"tiger:reviewed":null,"surface":null,"lanes":null,"tiger:name_type":null,"tiger:name_base":null,"tiger:county":null,"tiger:cfcc":null,"name":null,"is_in:state_code":null,"is_in:state":null,"is_in:city":null},"geometry":{"type":"LineString","coordinates":[[-106.8170842,39.1892598],[-106.8171922,39.1892877],[-106.817301,39.1893157]]}},
{"type":"Feature","properties":{"full_id":"w1381098553","osm_id":"1381098553","osm_type":"way","highway":"footway","crossing:markings":null,"crossing":null,"footway":"sidewalk","maxheight":null,"oneway:bicycle":null,"bus":null,"wheelchair":null,"source:geometry":null,"operator":null,"motor_vehicle":null,"dog":null,"cycleway:both:lane":null,"parking:lanes:both":null,"maxweight:signed":null,"sidewalk:both:surface":null,"turn:lanes:forward":null,"horse":null,"mtb:scale:imba":null,"wikipedia":null,"wikidata":null,"segregated":null,"tunnel":null,"layer":null,"bridge":null,"foot":null,"turn:lanes:backward":null,"source:hgv:national_network":null,"hgv:national_network":null,"hgv":null,"alt_name":null,"parking:right:orientation":null,"parking:right":null,"parking:left:orientation":null,"parking:left":null,"cycleway:right":null,"sidewalk":null,"cycleway:both":null,"bicycle":null,"tiger:name_direction_suffix":null,"tracktype":null,"source:maxspeed":null,"smoothness":null,"parking:lane:both":null,"lanes:forward":null,"lanes:backward":null,"CDOT_route":null,"lit":null,"sidewalk:right":null,"sidewalk:left":null,"tiger:name_type_1":null,"tiger:name_direction_prefix_1":null,"tiger:name_base_1":null,"railway":null,"old_railway_operator":null,"name_1":null,"maxspeed":null,"cycleway":null,"ref":null,"tiger:name_direction_prefix":null,"parking:both:orientation":null,"parking:both":null,"oneway":null,"access":null,"service":null,"tiger:reviewed":null,"surface":null,"lanes":null,"tiger:name_type":null,"tiger:name_base":null,"tiger:county":null,"tiger:cfcc":null,"name":null,"is_in:state_code":null,"is_in:state":null,"is_in:city":null},"geometry":{"type":"LineString","coordinates":[[-106.817301,39.1893157],[-106.8173996,39.1890214],[-106.817506,39.1887038]]}},
{"type":"Feature","properties":{"full_id":"w1381098554","osm_id":"1381098554","osm_type":"way","highway":"footway","crossing:markings":"zebra","crossing":"marked","footway":"crossing","maxheight":null,"oneway:bicycle":null,"bus":null,"wheelchair":null,"source:geometry":null,"operator":null,"motor_vehicle":null,"dog":null,"cycleway:both:lane":null,"parking:lanes:both":null,"maxweight:signed":null,"sidewalk:both:surface":null,"turn:lanes:forward":null,"horse":null,"mtb:scale:imba":null,"wikipedia":null,"wikidata":null,"segregated":null,"tunnel":null,"layer":null,"bridge":null,"foot":null,"turn:lanes:backward":null,"source:hgv:national_network":null,"hgv:national_network":null,"hgv":null,"alt_name":null,"parking:right:orientation":null,"parking:right":null,"parking:left:orientation":null,"parking:left":null,"cycleway:right":null,"sidewalk":null,"cycleway:both":null,"bicycle":null,"tiger:name_direction_suffix":null,"tracktype":null,"source:maxspeed":null,"smoothness":null,"parking:lane:both":null,"lanes:forward":null,"lanes:backward":null,"CDOT_route":null,"lit":null,"sidewalk:right":null,"sidewalk:left":null,"tiger:name_type_1":null,"tiger:name_direction_prefix_1":null,"tiger:name_base_1":null,"railway":null,"old_railway_operator":null,"name_1":null,"maxspeed":null,"cycleway":null,"ref":null,"tiger:name_direction_prefix":null,"parking:both:orientation":null,"parking:both":null,"oneway":null,"access":null,"service":null,"tiger:reviewed":null,"surface":null,"lanes":null,"tiger:name_type":null,"tiger:name_base":null,"tiger:county":null,"tiger:cfcc":null,"name":null,"is_in:state_code":null,"is_in:state":null,"is_in:city":null},"geometry":{"type":"LineString","coordinates":[[-106.817506,39.1887038],[-106.8173998,39.1886813],[-106.8172812,39.1886562]]}},
{"type":"Feature","properties":{"full_id":"w1381098555","osm_id":"1381098555","osm_type":"way","highway":"footway","crossing:markings":"zebra","crossing":"marked","footway":"crossing","maxheight":null,"oneway:bicycle":null,"bus":null,"wheelchair":null,"source:geometry":null,"operator":null,"motor_vehicle":null,"dog":null,"cycleway:both:lane":null,"parking:lanes:both":null,"maxweight:signed":null,"sidewalk:both:surface":null,"turn:lanes:forward":null,"horse":null,"mtb:scale:imba":null,"wikipedia":null,"wikidata":null,"segregated":null,"tunnel":null,"layer":null,"bridge":null,"foot":null,"turn:lanes:backward":null,"source:hgv:national_network":null,"hgv:national_network":null,"hgv":null,"alt_name":null,"parking:right:orientation":null,"parking:right":null,"parking:left:orientation":null,"parking:left":null,"cycleway:right":null,"sidewalk":null,"cycleway:both":null,"bicycle":null,"tiger:name_direction_suffix":null,"tracktype":null,"source:maxspeed":null,"smoothness":null,"parking:lane:both":null,"lanes:forward":null,"lanes:backward":null,"CDOT_route":null,"lit":null,"sidewalk:right":null,"sidewalk:left":null,"tiger:name_type_1":null,"tiger:name_direction_prefix_1":null,"tiger:name_base_1":null,"railway":null,"old_railway_operator":null,"name_1":null,"maxspeed":null,"cycleway":null,"ref":null,"tiger:name_direction_prefix":null,"parking:both:orientation":null,"parking:both":null,"oneway":null,"access":null,"service":null,"tiger:reviewed":null,"surface":null,"lanes":null,"tiger:name_type":null,"tiger:name_base":null,"tiger:county":null,"tiger:cfcc":null,"name":null,"is_in:state_code":null,"is_in:state":null,"is_in:city":null},"geometry":{"type":"LineString","coordinates":[[-106.8172812,39.1886562],[-106.8173169,39.1885675],[-106.8173538,39.1884757]]}},
{"type":"Feature","properties":{"full_id":"w1381098556","osm_id":"1381098556","osm_type":"way","highway":"footway","crossing:markings":"zebra","crossing":"marked","footway":"crossing","maxheight":null,"oneway:bicycle":null,"bus":null,"wheelchair":null,"source:geometry":null,"operator":null,"motor_vehicle":null,"dog":null,"cycleway:both:lane":null,"parking:lanes:both":null,"maxweight:signed":null,"sidewalk:both:surface":null,"turn:lanes:forward":null,"horse":null,"mtb:scale:imba":null,"wikipedia":null,"wikidata":null,"segregated":null,"tunnel":null,"layer":null,"bridge":null,"foot":null,"turn:lanes:backward":null,"source:hgv:national_network":null,"hgv:national_network":null,"hgv":null,"alt_name":null,"parking:right:orientation":null,"parking:right":null,"parking:left:orientation":null,"parking:left":null,"cycleway:right":null,"sidewalk":null,"cycleway:both":null,"bicycle":null,"tiger:name_direction_suffix":null,"tracktype":null,"source:maxspeed":null,"smoothness":null,"parking:lane:both":null,"lanes:forward":null,"lanes:backward":null,"CDOT_route":null,"lit":null,"sidewalk:right":null,"sidewalk:left":null,"tiger:name_type_1":null,"tiger:name_direction_prefix_1":null,"tiger:name_base_1":null,"railway":null,"old_railway_operator":null,"name_1":null,"maxspeed":null,"cycleway":null,"ref":null,"tiger:name_direction_prefix":null,"parking:both:orientation":null,"parking:both":null,"oneway":null,"access":null,"service":null,"tiger:reviewed":null,"surface":null,"lanes":null,"tiger:name_type":null,"tiger:name_base":null,"tiger:county":null,"tiger:cfcc":null,"name":null,"is_in:state_code":null,"is_in:state":null,"is_in:city":null},"geometry":{"type":"LineString","coordinates":[[-106.8173538,39.1884757],[-106.8174622,39.1884986],[-106.8175576,39.1885187]]}},
{"type":"Feature","properties":{"full_id":"w1381098557","osm_id":"1381098557","osm_type":"way","highway":"footway","crossing:markings":"zebra","crossing":"marked","footway":"crossing","maxheight":null,"oneway:bicycle":null,"bus":null,"wheelchair":null,"source:geometry":null,"operator":null,"motor_vehicle":null,"dog":null,"cycleway:both:lane":null,"parking:lanes:both":null,"maxweight:signed":null,"sidewalk:both:surface":null,"turn:lanes:forward":null,"horse":null,"mtb:scale:imba":null,"wikipedia":null,"wikidata":null,"segregated":null,"tunnel":null,"layer":null,"bridge":null,"foot":null,"turn:lanes:backward":null,"source:hgv:national_network":null,"hgv:national_network":null,"hgv":null,"alt_name":null,"parking:right:orientation":null,"parking:right":null,"parking:left:orientation":null,"parking:left":null,"cycleway:right":null,"sidewalk":null,"cycleway:both":null,"bicycle":null,"tiger:name_direction_suffix":null,"tracktype":null,"source:maxspeed":null,"smoothness":null,"parking:lane:both":null,"lanes:forward":null,"lanes:backward":null,"CDOT_route":null,"lit":null,"sidewalk:right":null,"sidewalk:left":null,"tiger:name_type_1":null,"tiger:name_direction_prefix_1":null,"tiger:name_base_1":null,"railway":null,"old_railway_operator":null,"name_1":null,"maxspeed":null,"cycleway":null,"ref":null,"tiger:name_direction_prefix":null,"parking:both:orientation":null,"parking:both":null,"oneway":null,"access":null,"service":null,"tiger:reviewed":null,"surface":null,"lanes":null,"tiger:name_type":null,"tiger:name_base":null,"tiger:county":null,"tiger:cfcc":null,"name":null,"is_in:state_code":null,"is_in:state":null,"is_in:city":null},"geometry":{"type":"LineString","coordinates":[[-106.817506,39.1887038],[-106.8175419,39.1886144],[-106.8175711,39.1885419]]}},
{"type":"Feature","properties":{"full_id":"w1381098558","osm_id":"1381098558","osm_type":"way","highway":"footway","crossing:markings":null,"crossing":null,"footway":"sidewalk","maxheight":null,"oneway:bicycle":null,"bus":null,"wheelchair":null,"source:geometry":null,"operator":null,"motor_vehicle":null,"dog":null,"cycleway:both:lane":null,"parking:lanes:both":null,"maxweight:signed":null,"sidewalk:both:surface":null,"turn:lanes:forward":null,"horse":null,"mtb:scale:imba":null,"wikipedia":null,"wikidata":null,"segregated":null,"tunnel":null,"layer":null,"bridge":null,"foot":null,"turn:lanes:backward":null,"source:hgv:national_network":null,"hgv:national_network":null,"hgv":null,"alt_name":null,"parking:right:orientation":null,"parking:right":null,"parking:left:orientation":null,"parking:left":null,"cycleway:right":null,"sidewalk":null,"cycleway:both":null,"bicycle":null,"tiger:name_direction_suffix":null,"tracktype":null,"source:maxspeed":null,"smoothness":null,"parking:lane:both":null,"lanes:forward":null,"lanes:backward":null,"CDOT_route":null,"lit":null,"sidewalk:right":null,"sidewalk:left":null,"tiger:name_type_1":null,"tiger:name_direction_prefix_1":null,"tiger:name_base_1":null,"railway":null,"old_railway_operator":null,"name_1":null,"maxspeed":null,"cycleway":null,"ref":null,"tiger:name_direction_prefix":null,"parking:both:orientation":null,"parking:both":null,"oneway":null,"access":null,"service":null,"tiger:reviewed":null,"surface":null,"lanes":null,"tiger:name_type":null,"tiger:name_base":null,"tiger:county":null,"tiger:cfcc":null,"name":null,"is_in:state_code":null,"is_in:state":null,"is_in:city":null},"geometry":{"type":"LineString","coordinates":[[-106.8175711,39.1885419],[-106.8175576,39.1885187],[-106.81766,39.1882272],[-106.8177704,39.1879127]]}},
{"type":"Feature","properties":{"full_id":"w1381098559","osm_id":"1381098559","osm_type":"way","highway":"footway","crossing:markings":"zebra","crossing":"marked","footway":"crossing","maxheight":null,"oneway:bicycle":null,"bus":null,"wheelchair":null,"source:geometry":null,"operator":null,"motor_vehicle":null,"dog":null,"cycleway:both:lane":null,"parking:lanes:both":null,"maxweight:signed":null,"sidewalk:both:surface":null,"turn:lanes:forward":null,"horse":null,"mtb:scale:imba":null,"wikipedia":null,"wikidata":null,"segregated":null,"tunnel":null,"layer":null,"bridge":null,"foot":null,"turn:lanes:backward":null,"source:hgv:national_network":null,"hgv:national_network":null,"hgv":null,"alt_name":null,"parking:right:orientation":null,"parking:right":null,"parking:left:orientation":null,"parking:left":null,"cycleway:right":null,"sidewalk":null,"cycleway:both":null,"bicycle":null,"tiger:name_direction_suffix":null,"tracktype":null,"source:maxspeed":null,"smoothness":null,"parking:lane:both":null,"lanes:forward":null,"lanes:backward":null,"CDOT_route":null,"lit":null,"sidewalk:right":null,"sidewalk:left":null,"tiger:name_type_1":null,"tiger:name_direction_prefix_1":null,"tiger:name_base_1":null,"railway":null,"old_railway_operator":null,"name_1":null,"maxspeed":null,"cycleway":null,"ref":null,"tiger:name_direction_prefix":null,"parking:both:orientation":null,"parking:both":null,"oneway":null,"access":null,"service":null,"tiger:reviewed":null,"surface":null,"lanes":null,"tiger:name_type":null,"tiger:name_base":null,"tiger:county":null,"tiger:cfcc":null,"name":null,"is_in:state_code":null,"is_in:state":null,"is_in:city":null},"geometry":{"type":"LineString","coordinates":[[-106.8177704,39.1879127],[-106.8176548,39.1878967],[-106.8175441,39.1878813]]}},
{"type":"Feature","properties":{"full_id":"w1381098560","osm_id":"1381098560","osm_type":"way","highway":"footway","crossing:markings":"zebra","crossing":"marked","footway":"crossing","maxheight":null,"oneway:bicycle":null,"bus":null,"wheelchair":null,"source:geometry":null,"operator":null,"motor_vehicle":null,"dog":null,"cycleway:both:lane":null,"parking:lanes:both":null,"maxweight:signed":null,"sidewalk:both:surface":null,"turn:lanes:forward":null,"horse":null,"mtb:scale:imba":null,"wikipedia":null,"wikidata":null,"segregated":null,"tunnel":null,"layer":null,"bridge":null,"foot":null,"turn:lanes:backward":null,"source:hgv:national_network":null,"hgv:national_network":null,"hgv":null,"alt_name":null,"parking:right:orientation":null,"parking:right":null,"parking:left:orientation":null,"parking:left":null,"cycleway:right":null,"sidewalk":null,"cycleway:both":null,"bicycle":null,"tiger:name_direction_suffix":null,"tracktype":null,"source:maxspeed":null,"smoothness":null,"parking:lane:both":null,"lanes:forward":null,"lanes:backward":null,"CDOT_route":null,"lit":null,"sidewalk:right":null,"sidewalk:left":null,"tiger:name_type_1":null,"tiger:name_direction_prefix_1":null,"tiger:name_base_1":null,"railway":null,"old_railway_operator":null,"name_1":null,"maxspeed":null,"cycleway":null,"ref":null,"tiger:name_direction_prefix":null,"parking:both:orientation":null,"parking:both":null,"oneway":null,"access":null,"service":null,"tiger:reviewed":null,"surface":null,"lanes":null,"tiger:name_type":null,"tiger:name_base":null,"tiger:county":null,"tiger:cfcc":null,"name":null,"is_in:state_code":null,"is_in:state":null,"is_in:city":null},"geometry":{"type":"LineString","coordinates":[[-106.8163118,39.1884641],[-106.8162283,39.1884418],[-106.8161216,39.1884133]]}},
{"type":"Feature","properties":{"full_id":"w1381098561","osm_id":"1381098561","osm_type":"way","highway":"footway","crossing:markings":null,"crossing":null,"footway":"sidewalk","maxheight":null,"oneway:bicycle":null,"bus":null,"wheelchair":null,"source:geometry":null,"operator":null,"motor_vehicle":null,"dog":null,"cycleway:both:lane":null,"parking:lanes:both":null,"maxweight:signed":null,"sidewalk:both:surface":null,"turn:lanes:forward":null,"horse":null,"mtb:scale:imba":null,"wikipedia":null,"wikidata":null,"segregated":null,"tunnel":null,"layer":"-1","bridge":null,"foot":null,"turn:lanes:backward":null,"source:hgv:national_network":null,"hgv:national_network":null,"hgv":null,"alt_name":null,"parking:right:orientation":null,"parking:right":null,"parking:left:orientation":null,"parking:left":null,"cycleway:right":null,"sidewalk":null,"cycleway:both":null,"bicycle":null,"tiger:name_direction_suffix":null,"tracktype":null,"source:maxspeed":null,"smoothness":null,"parking:lane:both":null,"lanes:forward":null,"lanes:backward":null,"CDOT_route":null,"lit":null,"sidewalk:right":null,"sidewalk:left":null,"tiger:name_type_1":null,"tiger:name_direction_prefix_1":null,"tiger:name_base_1":null,"railway":null,"old_railway_operator":null,"name_1":null,"maxspeed":null,"cycleway":null,"ref":null,"tiger:name_direction_prefix":null,"parking:both:orientation":null,"parking:both":null,"oneway":null,"access":null,"service":null,"tiger:reviewed":null,"surface":null,"lanes":null,"tiger:name_type":null,"tiger:name_base":null,"tiger:county":null,"tiger:cfcc":null,"name":null,"is_in:state_code":null,"is_in:state":null,"is_in:city":null},"geometry":{"type":"LineString","coordinates":[[-106.8173538,39.1884757],[-106.8175441,39.1878813]]}},
{"type":"Feature","properties":{"full_id":"w1381098562","osm_id":"1381098562","osm_type":"way","highway":"footway","crossing:markings":null,"crossing":null,"footway":"sidewalk","maxheight":null,"oneway:bicycle":null,"bus":null,"wheelchair":null,"source:geometry":null,"operator":null,"motor_vehicle":null,"dog":null,"cycleway:both:lane":null,"parking:lanes:both":null,"maxweight:signed":null,"sidewalk:both:surface":null,"turn:lanes:forward":null,"horse":null,"mtb:scale:imba":null,"wikipedia":null,"wikidata":null,"segregated":null,"tunnel":null,"layer":null,"bridge":null,"foot":null,"turn:lanes:backward":null,"source:hgv:national_network":null,"hgv:national_network":null,"hgv":null,"alt_name":null,"parking:right:orientation":null,"parking:right":null,"parking:left:orientation":null,"parking:left":null,"cycleway:right":null,"sidewalk":null,"cycleway:both":null,"bicycle":null,"tiger:name_direction_suffix":null,"tracktype":null,"source:maxspeed":null,"smoothness":null,"parking:lane:both":null,"lanes:forward":null,"lanes:backward":null,"CDOT_route":null,"lit":null,"sidewalk:right":null,"sidewalk:left":null,"tiger:name_type_1":null,"tiger:name_direction_prefix_1":null,"tiger:name_base_1":null,"railway":null,"old_railway_operator":null,"name_1":null,"maxspeed":null,"cycleway":null,"ref":null,"tiger:name_direction_prefix":null,"parking:both:orientation":null,"parking:both":null,"oneway":null,"access":null,"service":null,"tiger:reviewed":null,"surface":null,"lanes":null,"tiger:name_type":null,"tiger:name_base":null,"tiger:county":null,"tiger:cfcc":null,"name":null,"is_in:state_code":null,"is_in:state":null,"is_in:city":null},"geometry":{"type":"LineString","coordinates":[[-106.8175441,39.1878813],[-106.8165905,39.1876863]]}},
{"type":"Feature","properties":{"full_id":"w1381098563","osm_id":"1381098563","osm_type":"way","highway":"footway","crossing:markings":null,"crossing":null,"footway":"sidewalk","maxheight":null,"oneway:bicycle":null,"bus":null,"wheelchair":null,"source:geometry":null,"operator":null,"motor_vehicle":null,"dog":null,"cycleway:both:lane":null,"parking:lanes:both":null,"maxweight:signed":null,"sidewalk:both:surface":null,"turn:lanes:forward":null,"horse":null,"mtb:scale:imba":null,"wikipedia":null,"wikidata":null,"segregated":null,"tunnel":null,"layer":null,"bridge":null,"foot":null,"turn:lanes:backward":null,"source:hgv:national_network":null,"hgv:national_network":null,"hgv":null,"alt_name":null,"parking:right:orientation":null,"parking:right":null,"parking:left:orientation":null,"parking:left":null,"cycleway:right":null,"sidewalk":null,"cycleway:both":null,"bicycle":null,"tiger:name_direction_suffix":null,"tracktype":null,"source:maxspeed":null,"smoothness":null,"parking:lane:both":null,"lanes:forward":null,"lanes:backward":null,"CDOT_route":null,"lit":null,"sidewalk:right":null,"sidewalk:left":null,"tiger:name_type_1":null,"tiger:name_direction_prefix_1":null,"tiger:name_base_1":null,"railway":null,"old_railway_operator":null,"name_1":null,"maxspeed":null,"cycleway":null,"ref":null,"tiger:name_direction_prefix":null,"parking:both:orientation":null,"parking:both":null,"oneway":null,"access":null,"service":null,"tiger:reviewed":null,"surface":null,"lanes":null,"tiger:name_type":null,"tiger:name_base":null,"tiger:county":null,"tiger:cfcc":null,"name":null,"is_in:state_code":null,"is_in:state":null,"is_in:city":null},"geometry":{"type":"LineString","coordinates":[[-106.8163931,39.1883176],[-106.816497,39.1879853],[-106.8165905,39.1876863]]}},
{"type":"Feature","properties":{"full_id":"w1381098564","osm_id":"1381098564","osm_type":"way","highway":"footway","crossing:markings":"zebra","crossing":"marked","footway":"crossing","maxheight":null,"oneway:bicycle":null,"bus":null,"wheelchair":null,"source:geometry":null,"operator":null,"motor_vehicle":null,"dog":null,"cycleway:both:lane":null,"parking:lanes:both":null,"maxweight:signed":null,"sidewalk:both:surface":null,"turn:lanes:forward":null,"horse":null,"mtb:scale:imba":null,"wikipedia":null,"wikidata":null,"segregated":null,"tunnel":null,"layer":null,"bridge":null,"foot":null,"turn:lanes:backward":null,"source:hgv:national_network":null,"hgv:national_network":null,"hgv":null,"alt_name":null,"parking:right:orientation":null,"parking:right":null,"parking:left:orientation":null,"parking:left":null,"cycleway:right":null,"sidewalk":null,"cycleway:both":null,"bicycle":null,"tiger:name_direction_suffix":null,"tracktype":null,"source:maxspeed":null,"smoothness":null,"parking:lane:both":null,"lanes:forward":null,"lanes:backward":null,"CDOT_route":null,"lit":null,"sidewalk:right":null,"sidewalk:left":null,"tiger:name_type_1":null,"tiger:name_direction_prefix_1":null,"tiger:name_base_1":null,"railway":null,"old_railway_operator":null,"name_1":null,"maxspeed":null,"cycleway":null,"ref":null,"tiger:name_direction_prefix":null,"parking:both:orientation":null,"parking:both":null,"oneway":null,"access":null,"service":null,"tiger:reviewed":null,"surface":null,"lanes":null,"tiger:name_type":null,"tiger:name_base":null,"tiger:county":null,"tiger:cfcc":null,"name":null,"is_in:state_code":null,"is_in:state":null,"is_in:city":null},"geometry":{"type":"LineString","coordinates":[[-106.8163931,39.1883176],[-106.8163633,39.1883713],[-106.8163118,39.1884641]]}},
{"type":"Feature","properties":{"full_id":"w1381098565","osm_id":"1381098565","osm_type":"way","highway":"footway","crossing:markings":"zebra","crossing":"marked","footway":"crossing","maxheight":null,"oneway:bicycle":null,"bus":null,"wheelchair":null,"source:geometry":null,"operator":null,"motor_vehicle":null,"dog":null,"cycleway:both:lane":null,"parking:lanes:both":null,"maxweight:signed":null,"sidewalk:both:surface":null,"turn:lanes:forward":null,"horse":null,"mtb:scale:imba":null,"wikipedia":null,"wikidata":null,"segregated":null,"tunnel":null,"layer":null,"bridge":null,"foot":null,"turn:lanes:backward":null,"source:hgv:national_network":null,"hgv:national_network":null,"hgv":null,"alt_name":null,"parking:right:orientation":null,"parking:right":null,"parking:left:orientation":null,"parking:left":null,"cycleway:right":null,"sidewalk":null,"cycleway:both":null,"bicycle":null,"tiger:name_direction_suffix":null,"tracktype":null,"source:maxspeed":null,"smoothness":null,"parking:lane:both":null,"lanes:forward":null,"lanes:backward":null,"CDOT_route":null,"lit":null,"sidewalk:right":null,"sidewalk:left":null,"tiger:name_type_1":null,"tiger:name_direction_prefix_1":null,"tiger:name_base_1":null,"railway":null,"old_railway_operator":null,"name_1":null,"maxspeed":null,"cycleway":null,"ref":null,"tiger:name_direction_prefix":null,"parking:both:orientation":null,"parking:both":null,"oneway":null,"access":null,"service":null,"tiger:reviewed":null,"surface":null,"lanes":null,"tiger:name_type":null,"tiger:name_base":null,"tiger:county":null,"tiger:cfcc":null,"name":null,"is_in:state_code":null,"is_in:state":null,"is_in:city":null},"geometry":{"type":"LineString","coordinates":[[-106.8161216,39.1884133],[-106.8161449,39.1883264],[-106.8161709,39.1882296]]}},
{"type":"Feature","properties":{"full_id":"w1381098566","osm_id":"1381098566","osm_type":"way","highway":"footway","crossing:markings":"zebra","crossing":"marked","footway":"crossing","maxheight":null,"oneway:bicycle":null,"bus":null,"wheelchair":null,"source:geometry":null,"operator":null,"motor_vehicle":null,"dog":null,"cycleway:both:lane":null,"parking:lanes:both":null,"maxweight:signed":null,"sidewalk:both:surface":null,"turn:lanes:forward":null,"horse":null,"mtb:scale:imba":null,"wikipedia":null,"wikidata":null,"segregated":null,"tunnel":null,"layer":null,"bridge":null,"foot":null,"turn:lanes:backward":null,"source:hgv:national_network":null,"hgv:national_network":null,"hgv":null,"alt_name":null,"parking:right:orientation":null,"parking:right":null,"parking:left:orientation":null,"parking:left":null,"cycleway:right":null,"sidewalk":null,"cycleway:both":null,"bicycle":null,"tiger:name_direction_suffix":null,"tracktype":null,"source:maxspeed":null,"smoothness":null,"parking:lane:both":null,"lanes:forward":null,"lanes:backward":null,"CDOT_route":null,"lit":null,"sidewalk:right":null,"sidewalk:left":null,"tiger:name_type_1":null,"tiger:name_direction_prefix_1":null,"tiger:name_base_1":null,"railway":null,"old_railway_operator":null,"name_1":null,"maxspeed":null,"cycleway":null,"ref":null,"tiger:name_direction_prefix":null,"parking:both:orientation":null,"parking:both":null,"oneway":null,"access":null,"service":null,"tiger:reviewed":null,"surface":null,"lanes":null,"tiger:name_type":null,"tiger:name_base":null,"tiger:county":null,"tiger:cfcc":null,"name":null,"is_in:state_code":null,"is_in:state":null,"is_in:city":null},"geometry":{"type":"LineString","coordinates":[[-106.8161709,39.1882296],[-106.8162837,39.1882743],[-106.8163931,39.1883176]]}},
{"type":"Feature","properties":{"full_id":"w1381098567","osm_id":"1381098567","osm_type":"way","highway":"footway","crossing:markings":null,"crossing":null,"footway":"sidewalk","maxheight":null,"oneway:bicycle":null,"bus":null,"wheelchair":null,"source:geometry":null,"operator":null,"motor_vehicle":null,"dog":null,"cycleway:both:lane":null,"parking:lanes:both":null,"maxweight:signed":null,"sidewalk:both:surface":null,"turn:lanes:forward":null,"horse":null,"mtb:scale:imba":null,"wikipedia":null,"wikidata":null,"segregated":null,"tunnel":null,"layer":null,"bridge":null,"foot":null,"turn:lanes:backward":null,"source:hgv:national_network":null,"hgv:national_network":null,"hgv":null,"alt_name":null,"parking:right:orientation":null,"parking:right":null,"parking:left:orientation":null,"parking:left":null,"cycleway:right":null,"sidewalk":null,"cycleway:both":null,"bicycle":null,"tiger:name_direction_suffix":null,"tracktype":null,"source:maxspeed":null,"smoothness":null,"parking:lane:both":null,"lanes:forward":null,"lanes:backward":null,"CDOT_route":null,"lit":null,"sidewalk:right":null,"sidewalk:left":null,"tiger:name_type_1":null,"tiger:name_direction_prefix_1":null,"tiger:name_base_1":null,"railway":null,"old_railway_operator":null,"name_1":null,"maxspeed":null,"cycleway":null,"ref":null,"tiger:name_direction_prefix":null,"parking:both:orientation":null,"parking:both":null,"oneway":null,"access":null,"service":null,"tiger:reviewed":null,"surface":null,"lanes":null,"tiger:name_type":null,"tiger:name_base":null,"tiger:county":null,"tiger:cfcc":null,"name":null,"is_in:state_code":null,"is_in:state":null,"is_in:city":null},"geometry":{"type":"LineString","coordinates":[[-106.8161216,39.1884133],[-106.8151639,39.1882182]]}},
{"type":"Feature","properties":{"full_id":"w1381098568","osm_id":"1381098568","osm_type":"way","highway":"footway","crossing:markings":"zebra","crossing":"marked","footway":"crossing","maxheight":null,"oneway:bicycle":null,"bus":null,"wheelchair":null,"source:geometry":null,"operator":null,"motor_vehicle":null,"dog":null,"cycleway:both:lane":null,"parking:lanes:both":null,"maxweight:signed":null,"sidewalk:both:surface":null,"turn:lanes:forward":null,"horse":null,"mtb:scale:imba":null,"wikipedia":null,"wikidata":null,"segregated":null,"tunnel":null,"layer":null,"bridge":null,"foot":null,"turn:lanes:backward":null,"source:hgv:national_network":null,"hgv:national_network":null,"hgv":null,"alt_name":null,"parking:right:orientation":null,"parking:right":null,"parking:left:orientation":null,"parking:left":null,"cycleway:right":null,"sidewalk":null,"cycleway:both":null,"bicycle":null,"tiger:name_direction_suffix":null,"tracktype":null,"source:maxspeed":null,"smoothness":null,"parking:lane:both":null,"lanes:forward":null,"lanes:backward":null,"CDOT_route":null,"lit":null,"sidewalk:right":null,"sidewalk:left":null,"tiger:name_type_1":null,"tiger:name_direction_prefix_1":null,"tiger:name_base_1":null,"railway":null,"old_railway_operator":null,"name_1":null,"maxspeed":null,"cycleway":null,"ref":null,"tiger:name_direction_prefix":null,"parking:both:orientation":null,"parking:both":null,"oneway":null,"access":null,"service":null,"tiger:reviewed":null,"surface":null,"lanes":null,"tiger:name_type":null,"tiger:name_base":null,"tiger:county":null,"tiger:cfcc":null,"name":null,"is_in:state_code":null,"is_in:state":null,"is_in:city":null},"geometry":{"type":"LineString","coordinates":[[-106.8151639,39.1882182],[-106.8152055,39.1881333],[-106.8152454,39.1880517]]}},
{"type":"Feature","properties":{"full_id":"w1381098569","osm_id":"1381098569","osm_type":"way","highway":"footway","crossing:markings":null,"crossing":null,"footway":"sidewalk","maxheight":null,"oneway:bicycle":null,"bus":null,"wheelchair":null,"source:geometry":null,"operator":null,"motor_vehicle":null,"dog":null,"cycleway:both:lane":null,"parking:lanes:both":null,"maxweight:signed":null,"sidewalk:both:surface":null,"turn:lanes:forward":null,"horse":null,"mtb:scale:imba":null,"wikipedia":null,"wikidata":null,"segregated":null,"tunnel":null,"layer":null,"bridge":null,"foot":null,"turn:lanes:backward":null,"source:hgv:national_network":null,"hgv:national_network":null,"hgv":null,"alt_name":null,"parking:right:orientation":null,"parking:right":null,"parking:left:orientation":null,"parking:left":null,"cycleway:right":null,"sidewalk":null,"cycleway:both":null,"bicycle":null,"tiger:name_direction_suffix":null,"tracktype":null,"source:maxspeed":null,"smoothness":null,"parking:lane:both":null,"lanes:forward":null,"lanes:backward":null,"CDOT_route":null,"lit":null,"sidewalk:right":null,"sidewalk:left":null,"tiger:name_type_1":null,"tiger:name_direction_prefix_1":null,"tiger:name_base_1":null,"railway":null,"old_railway_operator":null,"name_1":null,"maxspeed":null,"cycleway":null,"ref":null,"tiger:name_direction_prefix":null,"parking:both:orientation":null,"parking:both":null,"oneway":null,"access":null,"service":null,"tiger:reviewed":null,"surface":null,"lanes":null,"tiger:name_type":null,"tiger:name_base":null,"tiger:county":null,"tiger:cfcc":null,"name":null,"is_in:state_code":null,"is_in:state":null,"is_in:city":null},"geometry":{"type":"LineString","coordinates":[[-106.8161216,39.1884133],[-106.8160114,39.1887353],[-106.8159069,39.1890407]]}},
{"type":"Feature","properties":{"full_id":"w1381098570","osm_id":"1381098570","osm_type":"way","highway":"footway","crossing:markings":"zebra","crossing":"marked","footway":"crossing","maxheight":null,"oneway:bicycle":null,"bus":null,"wheelchair":null,"source:geometry":null,"operator":null,"motor_vehicle":null,"dog":null,"cycleway:both:lane":null,"parking:lanes:both":null,"maxweight:signed":null,"sidewalk:both:surface":null,"turn:lanes:forward":null,"horse":null,"mtb:scale:imba":null,"wikipedia":null,"wikidata":null,"segregated":null,"tunnel":null,"layer":null,"bridge":null,"foot":null,"turn:lanes:backward":null,"source:hgv:national_network":null,"hgv:national_network":null,"hgv":null,"alt_name":null,"parking:right:orientation":null,"parking:right":null,"parking:left:orientation":null,"parking:left":null,"cycleway:right":null,"sidewalk":null,"cycleway:both":null,"bicycle":null,"tiger:name_direction_suffix":null,"tracktype":null,"source:maxspeed":null,"smoothness":null,"parking:lane:both":null,"lanes:forward":null,"lanes:backward":null,"CDOT_route":null,"lit":null,"sidewalk:right":null,"sidewalk:left":null,"tiger:name_type_1":null,"tiger:name_direction_prefix_1":null,"tiger:name_base_1":null,"railway":null,"old_railway_operator":null,"name_1":null,"maxspeed":null,"cycleway":null,"ref":null,"tiger:name_direction_prefix":null,"parking:both:orientation":null,"parking:both":null,"oneway":null,"access":null,"service":null,"tiger:reviewed":null,"surface":null,"lanes":null,"tiger:name_type":null,"tiger:name_base":null,"tiger:county":null,"tiger:cfcc":null,"name":null,"is_in:state_code":null,"is_in:state":null,"is_in:city":null},"geometry":{"type":"LineString","coordinates":[[-106.8159069,39.1890407],[-106.8160166,39.1890523],[-106.8161241,39.1890637]]}},
{"type":"Feature","properties":{"full_id":"w1381098571","osm_id":"1381098571","osm_type":"way","highway":"footway","crossing:markings":"zebra","crossing":"marked","footway":"crossing","maxheight":null,"oneway:bicycle":null,"bus":null,"wheelchair":null,"source:geometry":null,"operator":null,"motor_vehicle":null,"dog":null,"cycleway:both:lane":null,"parking:lanes:both":null,"maxweight:signed":null,"sidewalk:both:surface":null,"turn:lanes:forward":null,"horse":null,"mtb:scale:imba":null,"wikipedia":null,"wikidata":null,"segregated":null,"tunnel":null,"layer":null,"bridge":null,"foot":null,"turn:lanes:backward":null,"source:hgv:national_network":null,"hgv:national_network":null,"hgv":null,"alt_name":null,"parking:right:orientation":null,"parking:right":null,"parking:left:orientation":null,"parking:left":null,"cycleway:right":null,"sidewalk":null,"cycleway:both":null,"bicycle":null,"tiger:name_direction_suffix":null,"tracktype":null,"source:maxspeed":null,"smoothness":null,"parking:lane:both":null,"lanes:forward":null,"lanes:backward":null,"CDOT_route":null,"lit":null,"sidewalk:right":null,"sidewalk:left":null,"tiger:name_type_1":null,"tiger:name_direction_prefix_1":null,"tiger:name_base_1":null,"railway":null,"old_railway_operator":null,"name_1":null,"maxspeed":null,"cycleway":null,"ref":null,"tiger:name_direction_prefix":null,"parking:both:orientation":null,"parking:both":null,"oneway":null,"access":null,"service":null,"tiger:reviewed":null,"surface":null,"lanes":null,"tiger:name_type":null,"tiger:name_base":null,"tiger:county":null,"tiger:cfcc":null,"name":null,"is_in:state_code":null,"is_in:state":null,"is_in:city":null},"geometry":{"type":"LineString","coordinates":[[-106.8159069,39.1890407],[-106.8158765,39.189114],[-106.8158543,39.189184]]}},
{"type":"Feature","properties":{"full_id":"w1381098572","osm_id":"1381098572","osm_type":"way","highway":"footway","crossing:markings":"zebra","crossing":"marked","footway":"crossing","maxheight":null,"oneway:bicycle":null,"bus":null,"wheelchair":null,"source:geometry":null,"operator":null,"motor_vehicle":null,"dog":null,"cycleway:both:lane":null,"parking:lanes:both":null,"maxweight:signed":null,"sidewalk:both:surface":null,"turn:lanes:forward":null,"horse":null,"mtb:scale:imba":null,"wikipedia":null,"wikidata":null,"segregated":null,"tunnel":null,"layer":null,"bridge":null,"foot":null,"turn:lanes:backward":null,"source:hgv:national_network":null,"hgv:national_network":null,"hgv":null,"alt_name":null,"parking:right:orientation":null,"parking:right":null,"parking:left:orientation":null,"parking:left":null,"cycleway:right":null,"sidewalk":null,"cycleway:both":null,"bicycle":null,"tiger:name_direction_suffix":null,"tracktype":null,"source:maxspeed":null,"smoothness":null,"parking:lane:both":null,"lanes:forward":null,"lanes:backward":null,"CDOT_route":null,"lit":null,"sidewalk:right":null,"sidewalk:left":null,"tiger:name_type_1":null,"tiger:name_direction_prefix_1":null,"tiger:name_base_1":null,"railway":null,"old_railway_operator":null,"name_1":null,"maxspeed":null,"cycleway":null,"ref":null,"tiger:name_direction_prefix":null,"parking:both:orientation":null,"parking:both":null,"oneway":null,"access":null,"service":null,"tiger:reviewed":null,"surface":null,"lanes":null,"tiger:name_type":null,"tiger:name_base":null,"tiger:county":null,"tiger:cfcc":null,"name":null,"is_in:state_code":null,"is_in:state":null,"is_in:city":null},"geometry":{"type":"LineString","coordinates":[[-106.8158543,39.189184],[-106.815957,39.1892233],[-106.8160304,39.189237],[-106.8160549,39.1892416]]}},
{"type":"Feature","properties":{"full_id":"w1381098573","osm_id":"1381098573","osm_type":"way","highway":"footway","crossing:markings":"zebra","crossing":"marked","footway":"crossing","maxheight":null,"oneway:bicycle":null,"bus":null,"wheelchair":null,"source:geometry":null,"operator":null,"motor_vehicle":null,"dog":null,"cycleway:both:lane":null,"parking:lanes:both":null,"maxweight:signed":null,"sidewalk:both:surface":null,"turn:lanes:forward":null,"horse":null,"mtb:scale:imba":null,"wikipedia":null,"wikidata":null,"segregated":null,"tunnel":null,"layer":null,"bridge":null,"foot":null,"turn:lanes:backward":null,"source:hgv:national_network":null,"hgv:national_network":null,"hgv":null,"alt_name":null,"parking:right:orientation":null,"parking:right":null,"parking:left:orientation":null,"parking:left":null,"cycleway:right":null,"sidewalk":null,"cycleway:both":null,"bicycle":null,"tiger:name_direction_suffix":null,"tracktype":null,"source:maxspeed":null,"smoothness":null,"parking:lane:both":null,"lanes:forward":null,"lanes:backward":null,"CDOT_route":null,"lit":null,"sidewalk:right":null,"sidewalk:left":null,"tiger:name_type_1":null,"tiger:name_direction_prefix_1":null,"tiger:name_base_1":null,"railway":null,"old_railway_operator":null,"name_1":null,"maxspeed":null,"cycleway":null,"ref":null,"tiger:name_direction_prefix":null,"parking:both:orientation":null,"parking:both":null,"oneway":null,"access":null,"service":null,"tiger:reviewed":null,"surface":null,"lanes":null,"tiger:name_type":null,"tiger:name_base":null,"tiger:county":null,"tiger:cfcc":null,"name":null,"is_in:state_code":null,"is_in:state":null,"is_in:city":null},"geometry":{"type":"LineString","coordinates":[[-106.8160549,39.1892416],[-106.8160878,39.1891569],[-106.8161241,39.1890637]]}},
{"type":"Feature","properties":{"full_id":"w1381098574","osm_id":"1381098574","osm_type":"way","highway":"footway","crossing:markings":"zebra","crossing":"marked","footway":"crossing","maxheight":null,"oneway:bicycle":null,"bus":null,"wheelchair":null,"source:geometry":null,"operator":null,"motor_vehicle":null,"dog":null,"cycleway:both:lane":null,"parking:lanes:both":null,"maxweight:signed":null,"sidewalk:both:surface":null,"turn:lanes:forward":null,"horse":null,"mtb:scale:imba":null,"wikipedia":null,"wikidata":null,"segregated":null,"tunnel":null,"layer":null,"bridge":null,"foot":null,"turn:lanes:backward":null,"source:hgv:national_network":null,"hgv:national_network":null,"hgv":null,"alt_name":null,"parking:right:orientation":null,"parking:right":null,"parking:left:orientation":null,"parking:left":null,"cycleway:right":null,"sidewalk":null,"cycleway:both":null,"bicycle":null,"tiger:name_direction_suffix":null,"tracktype":null,"source:maxspeed":null,"smoothness":null,"parking:lane:both":null,"lanes:forward":null,"lanes:backward":null,"CDOT_route":null,"lit":null,"sidewalk:right":null,"sidewalk:left":null,"tiger:name_type_1":null,"tiger:name_direction_prefix_1":null,"tiger:name_base_1":null,"railway":null,"old_railway_operator":null,"name_1":null,"maxspeed":null,"cycleway":null,"ref":null,"tiger:name_direction_prefix":null,"parking:both:orientation":null,"parking:both":null,"oneway":null,"access":null,"service":null,"tiger:reviewed":null,"surface":null,"lanes":null,"tiger:name_type":null,"tiger:name_base":null,"tiger:county":null,"tiger:cfcc":null,"name":null,"is_in:state_code":null,"is_in:state":null,"is_in:city":null},"geometry":{"type":"LineString","coordinates":[[-106.8148922,39.18899],[-106.8149174,39.1889193],[-106.8149517,39.1888284]]}},
{"type":"Feature","properties":{"full_id":"w1381098575","osm_id":"1381098575","osm_type":"way","highway":"footway","crossing:markings":null,"crossing":null,"footway":"sidewalk","maxheight":null,"oneway:bicycle":null,"bus":null,"wheelchair":null,"source:geometry":null,"operator":null,"motor_vehicle":null,"dog":null,"cycleway:both:lane":null,"parking:lanes:both":null,"maxweight:signed":null,"sidewalk:both:surface":null,"turn:lanes:forward":null,"horse":null,"mtb:scale:imba":null,"wikipedia":null,"wikidata":null,"segregated":null,"tunnel":null,"layer":"-1","bridge":null,"foot":null,"turn:lanes:backward":null,"source:hgv:national_network":null,"hgv:national_network":null,"hgv":null,"alt_name":null,"parking:right:orientation":null,"parking:right":null,"parking:left:orientation":null,"parking:left":null,"cycleway:right":null,"sidewalk":null,"cycleway:both":null,"bicycle":null,"tiger:name_direction_suffix":null,"tracktype":null,"source:maxspeed":null,"smoothness":null,"parking:lane:both":null,"lanes:forward":null,"lanes:backward":null,"CDOT_route":null,"lit":null,"sidewalk:right":null,"sidewalk:left":null,"tiger:name_type_1":null,"tiger:name_direction_prefix_1":null,"tiger:name_base_1":null,"railway":null,"old_railway_operator":null,"name_1":null,"maxspeed":null,"cycleway":null,"ref":null,"tiger:name_direction_prefix":null,"parking:both:orientation":null,"parking:both":null,"oneway":null,"access":null,"service":null,"tiger:reviewed":null,"surface":null,"lanes":null,"tiger:name_type":null,"tiger:name_base":null,"tiger:county":null,"tiger:cfcc":null,"name":null,"is_in:state_code":null,"is_in:state":null,"is_in:city":null},"geometry":{"type":"LineString","coordinates":[[-106.8149517,39.1888284],[-106.8159069,39.1890407]]}},
{"type":"Feature","properties":{"full_id":"w1381098576","osm_id":"1381098576","osm_type":"way","highway":"footway","crossing:markings":"zebra","crossing":"marked","footway":"crossing","maxheight":null,"oneway:bicycle":null,"bus":null,"wheelchair":null,"source:geometry":null,"operator":null,"motor_vehicle":null,"dog":null,"cycleway:both:lane":null,"parking:lanes:both":null,"maxweight:signed":null,"sidewalk:both:surface":null,"turn:lanes:forward":null,"horse":null,"mtb:scale:imba":null,"wikipedia":null,"wikidata":null,"segregated":null,"tunnel":null,"layer":null,"bridge":null,"foot":null,"turn:lanes:backward":null,"source:hgv:national_network":null,"hgv:national_network":null,"hgv":null,"alt_name":null,"parking:right:orientation":null,"parking:right":null,"parking:left:orientation":null,"parking:left":null,"cycleway:right":null,"sidewalk":null,"cycleway:both":null,"bicycle":null,"tiger:name_direction_suffix":null,"tracktype":null,"source:maxspeed":null,"smoothness":null,"parking:lane:both":null,"lanes:forward":null,"lanes:backward":null,"CDOT_route":null,"lit":null,"sidewalk:right":null,"sidewalk:left":null,"tiger:name_type_1":null,"tiger:name_direction_prefix_1":null,"tiger:name_base_1":null,"railway":null,"old_railway_operator":null,"name_1":null,"maxspeed":null,"cycleway":null,"ref":null,"tiger:name_direction_prefix":null,"parking:both:orientation":null,"parking:both":null,"oneway":null,"access":null,"service":null,"tiger:reviewed":null,"surface":null,"lanes":null,"tiger:name_type":null,"tiger:name_base":null,"tiger:county":null,"tiger:cfcc":null,"name":null,"is_in:state_code":null,"is_in:state":null,"is_in:city":null},"geometry":{"type":"LineString","coordinates":[[-106.8146802,39.1889508],[-106.8146891,39.188873],[-106.8147,39.1887773]]}},
{"type":"Feature","properties":{"full_id":"w1381098577","osm_id":"1381098577","osm_type":"way","highway":"footway","crossing:markings":"zebra","crossing":"marked","footway":"crossing","maxheight":null,"oneway:bicycle":null,"bus":null,"wheelchair":null,"source:geometry":null,"operator":null,"motor_vehicle":null,"dog":null,"cycleway:both:lane":null,"parking:lanes:both":null,"maxweight:signed":null,"sidewalk:both:surface":null,"turn:lanes:forward":null,"horse":null,"mtb:scale:imba":null,"wikipedia":null,"wikidata":null,"segregated":null,"tunnel":null,"layer":null,"bridge":null,"foot":null,"turn:lanes:backward":null,"source:hgv:national_network":null,"hgv:national_network":null,"hgv":null,"alt_name":null,"parking:right:orientation":null,"parking:right":null,"parking:left:orientation":null,"parking:left":null,"cycleway:right":null,"sidewalk":null,"cycleway:both":null,"bicycle":null,"tiger:name_direction_suffix":null,"tracktype":null,"source:maxspeed":null,"smoothness":null,"parking:lane:both":null,"lanes:forward":null,"lanes:backward":null,"CDOT_route":null,"lit":null,"sidewalk:right":null,"sidewalk:left":null,"tiger:name_type_1":null,"tiger:name_direction_prefix_1":null,"tiger:name_base_1":null,"railway":null,"old_railway_operator":null,"name_1":null,"maxspeed":null,"cycleway":null,"ref":null,"tiger:name_direction_prefix":null,"parking:both:orientation":null,"parking:both":null,"oneway":null,"access":null,"service":null,"tiger:reviewed":null,"surface":null,"lanes":null,"tiger:name_type":null,"tiger:name_base":null,"tiger:county":null,"tiger:cfcc":null,"name":null,"is_in:state_code":null,"is_in:state":null,"is_in:city":null},"geometry":{"type":"LineString","coordinates":[[-106.8147,39.1887773],[-106.8148333,39.1888044],[-106.8149372,39.1888255],[-106.8149517,39.1888284]]}},
{"type":"Feature","properties":{"full_id":"w1381098578","osm_id":"1381098578","osm_type":"way","highway":"footway","crossing:markings":"zebra","crossing":"marked","footway":"crossing","maxheight":null,"oneway:bicycle":null,"bus":null,"wheelchair":null,"source:geometry":null,"operator":null,"motor_vehicle":null,"dog":null,"cycleway:both:lane":null,"parking:lanes:both":null,"maxweight:signed":null,"sidewalk:both:surface":null,"turn:lanes:forward":null,"horse":null,"mtb:scale:imba":null,"wikipedia":null,"wikidata":null,"segregated":null,"tunnel":null,"layer":null,"bridge":null,"foot":null,"turn:lanes:backward":null,"source:hgv:national_network":null,"hgv:national_network":null,"hgv":null,"alt_name":null,"parking:right:orientation":null,"parking:right":null,"parking:left:orientation":null,"parking:left":null,"cycleway:right":null,"sidewalk":null,"cycleway:both":null,"bicycle":null,"tiger:name_direction_suffix":null,"tracktype":null,"source:maxspeed":null,"smoothness":null,"parking:lane:both":null,"lanes:forward":null,"lanes:backward":null,"CDOT_route":null,"lit":null,"sidewalk:right":null,"sidewalk:left":null,"tiger:name_type_1":null,"tiger:name_direction_prefix_1":null,"tiger:name_base_1":null,"railway":null,"old_railway_operator":null,"name_1":null,"maxspeed":null,"cycleway":null,"ref":null,"tiger:name_direction_prefix":null,"parking:both:orientation":null,"parking:both":null,"oneway":null,"access":null,"service":null,"tiger:reviewed":null,"surface":null,"lanes":null,"tiger:name_type":null,"tiger:name_base":null,"tiger:county":null,"tiger:cfcc":null,"name":null,"is_in:state_code":null,"is_in:state":null,"is_in:city":null},"geometry":{"type":"LineString","coordinates":[[-106.8148922,39.18899],[-106.8147768,39.1889687],[-106.8146802,39.1889508]]}},
{"type":"Feature","properties":{"full_id":"w1381098579","osm_id":"1381098579","osm_type":"way","highway":"footway","crossing:markings":null,"crossing":null,"footway":"sidewalk","maxheight":null,"oneway:bicycle":null,"bus":null,"wheelchair":null,"source:geometry":null,"operator":null,"motor_vehicle":null,"dog":null,"cycleway:both:lane":null,"parking:lanes:both":null,"maxweight:signed":null,"sidewalk:both:surface":null,"turn:lanes:forward":null,"horse":null,"mtb:scale:imba":null,"wikipedia":null,"wikidata":null,"segregated":null,"tunnel":null,"layer":null,"bridge":null,"foot":null,"turn:lanes:backward":null,"source:hgv:national_network":null,"hgv:national_network":null,"hgv":null,"alt_name":null,"parking:right:orientation":null,"parking:right":null,"parking:left:orientation":null,"parking:left":null,"cycleway:right":null,"sidewalk":null,"cycleway:both":null,"bicycle":null,"tiger:name_direction_suffix":null,"tracktype":null,"source:maxspeed":null,"smoothness":null,"parking:lane:both":null,"lanes:forward":null,"lanes:backward":null,"CDOT_route":null,"lit":null,"sidewalk:right":null,"sidewalk:left":null,"tiger:name_type_1":null,"tiger:name_direction_prefix_1":null,"tiger:name_base_1":null,"railway":null,"old_railway_operator":null,"name_1":null,"maxspeed":null,"cycleway":null,"ref":null,"tiger:name_direction_prefix":null,"parking:both:orientation":null,"parking:both":null,"oneway":null,"access":null,"service":null,"tiger:reviewed":null,"surface":null,"lanes":null,"tiger:name_type":null,"tiger:name_base":null,"tiger:county":null,"tiger:cfcc":null,"name":null,"is_in:state_code":null,"is_in:state":null,"is_in:city":null},"geometry":{"type":"LineString","coordinates":[[-106.8148922,39.18899],[-106.8158543,39.189184]]}},
{"type":"Feature","properties":{"full_id":"w1381098580","osm_id":"1381098580","osm_type":"way","highway":"footway","crossing:markings":null,"crossing":null,"footway":"sidewalk","maxheight":null,"oneway:bicycle":null,"bus":null,"wheelchair":null,"source:geometry":null,"operator":null,"motor_vehicle":null,"dog":null,"cycleway:both:lane":null,"parking:lanes:both":null,"maxweight:signed":null,"sidewalk:both:surface":null,"turn:lanes:forward":null,"horse":null,"mtb:scale:imba":null,"wikipedia":null,"wikidata":null,"segregated":null,"tunnel":null,"layer":null,"bridge":null,"foot":null,"turn:lanes:backward":null,"source:hgv:national_network":null,"hgv:national_network":null,"hgv":null,"alt_name":null,"parking:right:orientation":null,"parking:right":null,"parking:left:orientation":null,"parking:left":null,"cycleway:right":null,"sidewalk":null,"cycleway:both":null,"bicycle":null,"tiger:name_direction_suffix":null,"tracktype":null,"source:maxspeed":null,"smoothness":null,"parking:lane:both":null,"lanes:forward":null,"lanes:backward":null,"CDOT_route":null,"lit":null,"sidewalk:right":null,"sidewalk:left":null,"tiger:name_type_1":null,"tiger:name_direction_prefix_1":null,"tiger:name_base_1":null,"railway":null,"old_railway_operator":null,"name_1":null,"maxspeed":null,"cycleway":null,"ref":null,"tiger:name_direction_prefix":null,"parking:both:orientation":null,"parking:both":null,"oneway":null,"access":null,"service":null,"tiger:reviewed":null,"surface":null,"lanes":null,"tiger:name_type":null,"tiger:name_base":null,"tiger:county":null,"tiger:cfcc":null,"name":null,"is_in:state_code":null,"is_in:state":null,"is_in:city":null},"geometry":{"type":"LineString","coordinates":[[-106.8158543,39.189184],[-106.8157461,39.1894995],[-106.8156463,39.1898158],[-106.8156445,39.1898165],[-106.8155869,39.1898377],[-106.8155923,39.1898565]]}},
{"type":"Feature","properties":{"full_id":"w1381098581","osm_id":"1381098581","osm_type":"way","highway":"footway","crossing:markings":"zebra","crossing":"marked","footway":"crossing","maxheight":null,"oneway:bicycle":null,"bus":null,"wheelchair":null,"source:geometry":null,"operator":null,"motor_vehicle":null,"dog":null,"cycleway:both:lane":null,"parking:lanes:both":null,"maxweight:signed":null,"sidewalk:both:surface":null,"turn:lanes:forward":null,"horse":null,"mtb:scale:imba":null,"wikipedia":null,"wikidata":null,"segregated":null,"tunnel":null,"layer":null,"bridge":null,"foot":null,"turn:lanes:backward":null,"source:hgv:national_network":null,"hgv:national_network":null,"hgv":null,"alt_name":null,"parking:right:orientation":null,"parking:right":null,"parking:left:orientation":null,"parking:left":null,"cycleway:right":null,"sidewalk":null,"cycleway:both":null,"bicycle":null,"tiger:name_direction_suffix":null,"tracktype":null,"source:maxspeed":null,"smoothness":null,"parking:lane:both":null,"lanes:forward":null,"lanes:backward":null,"CDOT_route":null,"lit":null,"sidewalk:right":null,"sidewalk:left":null,"tiger:name_type_1":null,"tiger:name_direction_prefix_1":null,"tiger:name_base_1":null,"railway":null,"old_railway_operator":null,"name_1":null,"maxspeed":null,"cycleway":null,"ref":null,"tiger:name_direction_prefix":null,"parking:both:orientation":null,"parking:both":null,"oneway":null,"access":null,"service":null,"tiger:reviewed":null,"surface":null,"lanes":null,"tiger:name_type":null,"tiger:name_base":null,"tiger:county":null,"tiger:cfcc":null,"name":null,"is_in:state_code":null,"is_in:state":null,"is_in:city":null},"geometry":{"type":"LineString","coordinates":[[-106.8156445,39.1898165],[-106.8157435,39.1898387],[-106.8158224,39.1898564],[-106.8158486,39.1898623]]}},
{"type":"Feature","properties":{"full_id":"w1381098582","osm_id":"1381098582","osm_type":"way","highway":"footway","crossing:markings":"zebra","crossing":"marked","footway":"crossing","maxheight":null,"oneway:bicycle":null,"bus":null,"wheelchair":null,"source:geometry":null,"operator":null,"motor_vehicle":null,"dog":null,"cycleway:both:lane":null,"parking:lanes:both":null,"maxweight:signed":null,"sidewalk:both:surface":null,"turn:lanes:forward":null,"horse":null,"mtb:scale:imba":null,"wikipedia":null,"wikidata":null,"segregated":null,"tunnel":null,"layer":null,"bridge":null,"foot":null,"turn:lanes:backward":null,"source:hgv:national_network":null,"hgv:national_network":null,"hgv":null,"alt_name":null,"parking:right:orientation":null,"parking:right":null,"parking:left:orientation":null,"parking:left":null,"cycleway:right":null,"sidewalk":null,"cycleway:both":null,"bicycle":null,"tiger:name_direction_suffix":null,"tracktype":null,"source:maxspeed":null,"smoothness":null,"parking:lane:both":null,"lanes:forward":null,"lanes:backward":null,"CDOT_route":null,"lit":null,"sidewalk:right":null,"sidewalk:left":null,"tiger:name_type_1":null,"tiger:name_direction_prefix_1":null,"tiger:name_base_1":null,"railway":null,"old_railway_operator":null,"name_1":null,"maxspeed":null,"cycleway":null,"ref":null,"tiger:name_direction_prefix":null,"parking:both:orientation":null,"parking:both":null,"oneway":null,"access":null,"service":null,"tiger:reviewed":null,"surface":null,"lanes":null,"tiger:name_type":null,"tiger:name_base":null,"tiger:county":null,"tiger:cfcc":null,"name":null,"is_in:state_code":null,"is_in:state":null,"is_in:city":null},"geometry":{"type":"LineString","coordinates":[[-106.8157651,39.1900717],[-106.8158036,39.1899751],[-106.8158486,39.1898623]]}},
{"type":"Feature","properties":{"full_id":"w1381098583","osm_id":"1381098583","osm_type":"way","highway":"footway","crossing:markings":"zebra","crossing":"marked","footway":"crossing","maxheight":null,"oneway:bicycle":null,"bus":null,"wheelchair":null,"source:geometry":null,"operator":null,"motor_vehicle":null,"dog":null,"cycleway:both:lane":null,"parking:lanes:both":null,"maxweight:signed":null,"sidewalk:both:surface":null,"turn:lanes:forward":null,"horse":null,"mtb:scale:imba":null,"wikipedia":null,"wikidata":null,"segregated":null,"tunnel":null,"layer":null,"bridge":null,"foot":null,"turn:lanes:backward":null,"source:hgv:national_network":null,"hgv:national_network":null,"hgv":null,"alt_name":null,"parking:right:orientation":null,"parking:right":null,"parking:left:orientation":null,"parking:left":null,"cycleway:right":null,"sidewalk":null,"cycleway:both":null,"bicycle":null,"tiger:name_direction_suffix":null,"tracktype":null,"source:maxspeed":null,"smoothness":null,"parking:lane:both":null,"lanes:forward":null,"lanes:backward":null,"CDOT_route":null,"lit":null,"sidewalk:right":null,"sidewalk:left":null,"tiger:name_type_1":null,"tiger:name_direction_prefix_1":null,"tiger:name_base_1":null,"railway":null,"old_railway_operator":null,"name_1":null,"maxspeed":null,"cycleway":null,"ref":null,"tiger:name_direction_prefix":null,"parking:both:orientation":null,"parking:both":null,"oneway":null,"access":null,"service":null,"tiger:reviewed":null,"surface":null,"lanes":null,"tiger:name_type":null,"tiger:name_base":null,"tiger:county":null,"tiger:cfcc":null,"name":null,"is_in:state_code":null,"is_in:state":null,"is_in:city":null},"geometry":{"type":"LineString","coordinates":[[-106.8157467,39.1900876],[-106.8156632,39.1900687],[-106.8155608,39.1900456],[-106.8155564,39.1900446]]}},
{"type":"Feature","properties":{"full_id":"w1381098584","osm_id":"1381098584","osm_type":"way","highway":"footway","crossing:markings":"zebra","crossing":"marked","footway":"crossing","maxheight":null,"oneway:bicycle":null,"bus":null,"wheelchair":null,"source:geometry":null,"operator":null,"motor_vehicle":null,"dog":null,"cycleway:both:lane":null,"parking:lanes:both":null,"maxweight:signed":null,"sidewalk:both:surface":null,"turn:lanes:forward":null,"horse":null,"mtb:scale:imba":null,"wikipedia":null,"wikidata":null,"segregated":null,"tunnel":null,"layer":null,"bridge":null,"foot":null,"turn:lanes:backward":null,"source:hgv:national_network":null,"hgv:national_network":null,"hgv":null,"alt_name":null,"parking:right:orientation":null,"parking:right":null,"parking:left:orientation":null,"parking:left":null,"cycleway:right":null,"sidewalk":null,"cycleway:both":null,"bicycle":null,"tiger:name_direction_suffix":null,"tracktype":null,"source:maxspeed":null,"smoothness":null,"parking:lane:both":null,"lanes:forward":null,"lanes:backward":null,"CDOT_route":null,"lit":null,"sidewalk:right":null,"sidewalk:left":null,"tiger:name_type_1":null,"tiger:name_direction_prefix_1":null,"tiger:name_base_1":null,"railway":null,"old_railway_operator":null,"name_1":null,"maxspeed":null,"cycleway":null,"ref":null,"tiger:name_direction_prefix":null,"parking:both:orientation":null,"parking:both":null,"oneway":null,"access":null,"service":null,"tiger:reviewed":null,"surface":null,"lanes":null,"tiger:name_type":null,"tiger:name_base":null,"tiger:county":null,"tiger:cfcc":null,"name":null,"is_in:state_code":null,"is_in:state":null,"is_in:city":null},"geometry":{"type":"LineString","coordinates":[[-106.8155369,39.1900179],[-106.8155692,39.1899237],[-106.8155923,39.1898565]]}},
{"type":"Feature","properties":{"full_id":"w1381098585","osm_id":"1381098585","osm_type":"way","highway":"footway","crossing:markings":null,"crossing":null,"footway":"sidewalk","maxheight":null,"oneway:bicycle":null,"bus":null,"wheelchair":null,"source:geometry":null,"operator":null,"motor_vehicle":null,"dog":null,"cycleway:both:lane":null,"parking:lanes:both":null,"maxweight:signed":null,"sidewalk:both:surface":null,"turn:lanes:forward":null,"horse":null,"mtb:scale:imba":null,"wikipedia":null,"wikidata":null,"segregated":null,"tunnel":null,"layer":null,"bridge":null,"foot":null,"turn:lanes:backward":null,"source:hgv:national_network":null,"hgv:national_network":null,"hgv":null,"alt_name":null,"parking:right:orientation":null,"parking:right":null,"parking:left:orientation":null,"parking:left":null,"cycleway:right":null,"sidewalk":null,"cycleway:both":null,"bicycle":null,"tiger:name_direction_suffix":null,"tracktype":null,"source:maxspeed":null,"smoothness":null,"parking:lane:both":null,"lanes:forward":null,"lanes:backward":null,"CDOT_route":null,"lit":null,"sidewalk:right":null,"sidewalk:left":null,"tiger:name_type_1":null,"tiger:name_direction_prefix_1":null,"tiger:name_base_1":null,"railway":null,"old_railway_operator":null,"name_1":null,"maxspeed":null,"cycleway":null,"ref":null,"tiger:name_direction_prefix":null,"parking:both:orientation":null,"parking:both":null,"oneway":null,"access":null,"service":null,"tiger:reviewed":null,"surface":null,"lanes":null,"tiger:name_type":null,"tiger:name_base":null,"tiger:county":null,"tiger:cfcc":null,"name":null,"is_in:state_code":null,"is_in:state":null,"is_in:city":null},"geometry":{"type":"LineString","coordinates":[[-106.8155564,39.1900446],[-106.8155369,39.1900179],[-106.8151998,39.1899366],[-106.8150589,39.1899087],[-106.8149046,39.1898216],[-106.8147682,39.1897229],[-106.8146663,39.1896161],[-106.8145869,39.1894669],[-106.8145599,39.1893682]]}},
{"type":"Feature","properties":{"full_id":"w1381098586","osm_id":"1381098586","osm_type":"way","highway":"footway","crossing:markings":"zebra","crossing":"marked","footway":"crossing","maxheight":null,"oneway:bicycle":null,"bus":null,"wheelchair":null,"source:geometry":null,"operator":null,"motor_vehicle":null,"dog":null,"cycleway:both:lane":null,"parking:lanes:both":null,"maxweight:signed":null,"sidewalk:both:surface":null,"turn:lanes:forward":null,"horse":null,"mtb:scale:imba":null,"wikipedia":null,"wikidata":null,"segregated":null,"tunnel":null,"layer":null,"bridge":null,"foot":null,"turn:lanes:backward":null,"source:hgv:national_network":null,"hgv:national_network":null,"hgv":null,"alt_name":null,"parking:right:orientation":null,"parking:right":null,"parking:left:orientation":null,"parking:left":null,"cycleway:right":null,"sidewalk":null,"cycleway:both":null,"bicycle":null,"tiger:name_direction_suffix":null,"tracktype":null,"source:maxspeed":null,"smoothness":null,"parking:lane:both":null,"lanes:forward":null,"lanes:backward":null,"CDOT_route":null,"lit":null,"sidewalk:right":null,"sidewalk:left":null,"tiger:name_type_1":null,"tiger:name_direction_prefix_1":null,"tiger:name_base_1":null,"railway":null,"old_railway_operator":null,"name_1":null,"maxspeed":null,"cycleway":null,"ref":null,"tiger:name_direction_prefix":null,"parking:both:orientation":null,"parking:both":null,"oneway":null,"access":null,"service":null,"tiger:reviewed":null,"surface":null,"lanes":null,"tiger:name_type":null,"tiger:name_base":null,"tiger:county":null,"tiger:cfcc":null,"name":null,"is_in:state_code":null,"is_in:state":null,"is_in:city":null},"geometry":{"type":"LineString","coordinates":[[-106.8145599,39.1893682],[-106.8145721,39.1893172],[-106.8145854,39.1892614]]}},
{"type":"Feature","properties":{"full_id":"w1381098587","osm_id":"1381098587","osm_type":"way","highway":"footway","crossing:markings":null,"crossing":null,"footway":"sidewalk","maxheight":null,"oneway:bicycle":null,"bus":null,"wheelchair":null,"source:geometry":null,"operator":null,"motor_vehicle":null,"dog":null,"cycleway:both:lane":null,"parking:lanes:both":null,"maxweight:signed":null,"sidewalk:both:surface":null,"turn:lanes:forward":null,"horse":null,"mtb:scale:imba":null,"wikipedia":null,"wikidata":null,"segregated":null,"tunnel":null,"layer":null,"bridge":null,"foot":null,"turn:lanes:backward":null,"source:hgv:national_network":null,"hgv:national_network":null,"hgv":null,"alt_name":null,"parking:right:orientation":null,"parking:right":null,"parking:left:orientation":null,"parking:left":null,"cycleway:right":null,"sidewalk":null,"cycleway:both":null,"bicycle":null,"tiger:name_direction_suffix":null,"tracktype":null,"source:maxspeed":null,"smoothness":null,"parking:lane:both":null,"lanes:forward":null,"lanes:backward":null,"CDOT_route":null,"lit":null,"sidewalk:right":null,"sidewalk:left":null,"tiger:name_type_1":null,"tiger:name_direction_prefix_1":null,"tiger:name_base_1":null,"railway":null,"old_railway_operator":null,"name_1":null,"maxspeed":null,"cycleway":null,"ref":null,"tiger:name_direction_prefix":null,"parking:both:orientation":null,"parking:both":null,"oneway":null,"access":null,"service":null,"tiger:reviewed":null,"surface":null,"lanes":null,"tiger:name_type":null,"tiger:name_base":null,"tiger:county":null,"tiger:cfcc":null,"name":null,"is_in:state_code":null,"is_in:state":null,"is_in:city":null},"geometry":{"type":"LineString","coordinates":[[-106.8155869,39.1898377],[-106.8155489,39.1898165],[-106.8150334,39.1896946],[-106.8148716,39.1896168],[-106.8147832,39.1895134],[-106.8147412,39.1894031]]}},
{"type":"Feature","properties":{"full_id":"w1381098588","osm_id":"1381098588","osm_type":"way","highway":"footway","crossing:markings":null,"crossing":null,"footway":"sidewalk","maxheight":null,"oneway:bicycle":null,"bus":null,"wheelchair":null,"source:geometry":null,"operator":null,"motor_vehicle":null,"dog":null,"cycleway:both:lane":null,"parking:lanes:both":null,"maxweight:signed":null,"sidewalk:both:surface":null,"turn:lanes:forward":null,"horse":null,"mtb:scale:imba":null,"wikipedia":null,"wikidata":null,"segregated":null,"tunnel":null,"layer":null,"bridge":null,"foot":null,"turn:lanes:backward":null,"source:hgv:national_network":null,"hgv:national_network":null,"hgv":null,"alt_name":null,"parking:right:orientation":null,"parking:right":null,"parking:left:orientation":null,"parking:left":null,"cycleway:right":null,"sidewalk":null,"cycleway:both":null,"bicycle":null,"tiger:name_direction_suffix":null,"tracktype":null,"source:maxspeed":null,"smoothness":null,"parking:lane:both":null,"lanes:forward":null,"lanes:backward":null,"CDOT_route":null,"lit":null,"sidewalk:right":null,"sidewalk:left":null,"tiger:name_type_1":null,"tiger:name_direction_prefix_1":null,"tiger:name_base_1":null,"railway":null,"old_railway_operator":null,"name_1":null,"maxspeed":null,"cycleway":null,"ref":null,"tiger:name_direction_prefix":null,"parking:both:orientation":null,"parking:both":null,"oneway":null,"access":null,"service":null,"tiger:reviewed":null,"surface":null,"lanes":null,"tiger:name_type":null,"tiger:name_base":null,"tiger:county":null,"tiger:cfcc":null,"name":null,"is_in:state_code":null,"is_in:state":null,"is_in:city":null},"geometry":{"type":"LineString","coordinates":[[-106.8147412,39.1894031],[-106.814773,39.1892998],[-106.8148611,39.189014],[-106.8148922,39.18899]]}},
{"type":"Feature","properties":{"full_id":"w1381098589","osm_id":"1381098589","osm_type":"way","highway":"footway","crossing:markings":"zebra","crossing":"marked","footway":"crossing","maxheight":null,"oneway:bicycle":null,"bus":null,"wheelchair":null,"source:geometry":null,"operator":null,"motor_vehicle":null,"dog":null,"cycleway:both:lane":null,"parking:lanes:both":null,"maxweight:signed":null,"sidewalk:both:surface":null,"turn:lanes:forward":null,"horse":null,"mtb:scale:imba":null,"wikipedia":null,"wikidata":null,"segregated":null,"tunnel":null,"layer":null,"bridge":null,"foot":null,"turn:lanes:backward":null,"source:hgv:national_network":null,"hgv:national_network":null,"hgv":null,"alt_name":null,"parking:right:orientation":null,"parking:right":null,"parking:left:orientation":null,"parking:left":null,"cycleway:right":null,"sidewalk":null,"cycleway:both":null,"bicycle":null,"tiger:name_direction_suffix":null,"tracktype":null,"source:maxspeed":null,"smoothness":null,"parking:lane:both":null,"lanes:forward":null,"lanes:backward":null,"CDOT_route":null,"lit":null,"sidewalk:right":null,"sidewalk:left":null,"tiger:name_type_1":null,"tiger:name_direction_prefix_1":null,"tiger:name_base_1":null,"railway":null,"old_railway_operator":null,"name_1":null,"maxspeed":null,"cycleway":null,"ref":null,"tiger:name_direction_prefix":null,"parking:both:orientation":null,"parking:both":null,"oneway":null,"access":null,"service":null,"tiger:reviewed":null,"surface":null,"lanes":null,"tiger:name_type":null,"tiger:name_base":null,"tiger:county":null,"tiger:cfcc":null,"name":null,"is_in:state_code":null,"is_in:state":null,"is_in:city":null},"geometry":{"type":"LineString","coordinates":[[-106.817519,39.1916159],[-106.8175443,39.191571],[-106.8175761,39.1915146]]}},
{"type":"Feature","properties":{"full_id":"w1381098590","osm_id":"1381098590","osm_type":"way","highway":"footway","crossing:markings":"zebra","crossing":"marked","footway":"crossing","maxheight":null,"oneway:bicycle":null,"bus":null,"wheelchair":null,"source:geometry":null,"operator":null,"motor_vehicle":null,"dog":null,"cycleway:both:lane":null,"parking:lanes:both":null,"maxweight:signed":null,"sidewalk:both:surface":null,"turn:lanes:forward":null,"horse":null,"mtb:scale:imba":null,"wikipedia":null,"wikidata":null,"segregated":null,"tunnel":null,"layer":null,"bridge":null,"foot":null,"turn:lanes:backward":null,"source:hgv:national_network":null,"hgv:national_network":null,"hgv":null,"alt_name":null,"parking:right:orientation":null,"parking:right":null,"parking:left:orientation":null,"parking:left":null,"cycleway:right":null,"sidewalk":null,"cycleway:both":null,"bicycle":null,"tiger:name_direction_suffix":null,"tracktype":null,"source:maxspeed":null,"smoothness":null,"parking:lane:both":null,"lanes:forward":null,"lanes:backward":null,"CDOT_route":null,"lit":null,"sidewalk:right":null,"sidewalk:left":null,"tiger:name_type_1":null,"tiger:name_direction_prefix_1":null,"tiger:name_base_1":null,"railway":null,"old_railway_operator":null,"name_1":null,"maxspeed":null,"cycleway":null,"ref":null,"tiger:name_direction_prefix":null,"parking:both:orientation":null,"parking:both":null,"oneway":null,"access":null,"service":null,"tiger:reviewed":null,"surface":null,"lanes":null,"tiger:name_type":null,"tiger:name_base":null,"tiger:county":null,"tiger:cfcc":null,"name":null,"is_in:state_code":null,"is_in:state":null,"is_in:city":null},"geometry":{"type":"LineString","coordinates":[[-106.8176433,39.1915402],[-106.8177109,39.1915778],[-106.8177867,39.1916199]]}},
{"type":"Feature","properties":{"full_id":"w1381098591","osm_id":"1381098591","osm_type":"way","highway":"service","crossing:markings":null,"crossing":null,"footway":null,"maxheight":null,"oneway:bicycle":null,"bus":null,"wheelchair":null,"source:geometry":null,"operator":null,"motor_vehicle":null,"dog":null,"cycleway:both:lane":null,"parking:lanes:both":null,"maxweight:signed":null,"sidewalk:both:surface":null,"turn:lanes:forward":null,"horse":null,"mtb:scale:imba":null,"wikipedia":null,"wikidata":null,"segregated":null,"tunnel":null,"layer":null,"bridge":null,"foot":null,"turn:lanes:backward":null,"source:hgv:national_network":null,"hgv:national_network":null,"hgv":null,"alt_name":null,"parking:right:orientation":null,"parking:right":null,"parking:left:orientation":null,"parking:left":null,"cycleway:right":null,"sidewalk":null,"cycleway:both":null,"bicycle":null,"tiger:name_direction_suffix":null,"tracktype":null,"source:maxspeed":null,"smoothness":null,"parking:lane:both":null,"lanes:forward":null,"lanes:backward":null,"CDOT_route":null,"lit":null,"sidewalk:right":null,"sidewalk:left":null,"tiger:name_type_1":null,"tiger:name_direction_prefix_1":null,"tiger:name_base_1":null,"railway":null,"old_railway_operator":null,"name_1":null,"maxspeed":null,"cycleway":null,"ref":null,"tiger:name_direction_prefix":null,"parking:both:orientation":null,"parking:both":null,"oneway":null,"access":null,"service":"driveway","tiger:reviewed":null,"surface":null,"lanes":null,"tiger:name_type":null,"tiger:name_base":null,"tiger:county":null,"tiger:cfcc":null,"name":null,"is_in:state_code":null,"is_in:state":null,"is_in:city":null},"geometry":{"type":"LineString","coordinates":[[-106.8176739,39.1916253],[-106.8177109,39.1915778],[-106.8177372,39.1915441]]}},
{"type":"Feature","properties":{"full_id":"w1381098592","osm_id":"1381098592","osm_type":"way","highway":"footway","crossing:markings":null,"crossing":null,"footway":"sidewalk","maxheight":null,"oneway:bicycle":null,"bus":null,"wheelchair":null,"source:geometry":null,"operator":null,"motor_vehicle":null,"dog":null,"cycleway:both:lane":null,"parking:lanes:both":null,"maxweight:signed":null,"sidewalk:both:surface":null,"turn:lanes:forward":null,"horse":null,"mtb:scale:imba":null,"wikipedia":null,"wikidata":null,"segregated":null,"tunnel":null,"layer":null,"bridge":null,"foot":null,"turn:lanes:backward":null,"source:hgv:national_network":null,"hgv:national_network":null,"hgv":null,"alt_name":null,"parking:right:orientation":null,"parking:right":null,"parking:left:orientation":null,"parking:left":null,"cycleway:right":null,"sidewalk":null,"cycleway:both":null,"bicycle":null,"tiger:name_direction_suffix":null,"tracktype":null,"source:maxspeed":null,"smoothness":null,"parking:lane:both":null,"lanes:forward":null,"lanes:backward":null,"CDOT_route":null,"lit":null,"sidewalk:right":null,"sidewalk:left":null,"tiger:name_type_1":null,"tiger:name_direction_prefix_1":null,"tiger:name_base_1":null,"railway":null,"old_railway_operator":null,"name_1":null,"maxspeed":null,"cycleway":null,"ref":null,"tiger:name_direction_prefix":null,"parking:both:orientation":null,"parking:both":null,"oneway":null,"access":null,"service":null,"tiger:reviewed":null,"surface":null,"lanes":null,"tiger:name_type":null,"tiger:name_base":null,"tiger:county":null,"tiger:cfcc":null,"name":null,"is_in:state_code":null,"is_in:state":null,"is_in:city":null},"geometry":{"type":"LineString","coordinates":[[-106.8176433,39.1915402],[-106.8175761,39.1915146],[-106.8173642,39.1914586],[-106.8171619,39.1914664],[-106.8170851,39.1914901]]}},
{"type":"Feature","properties":{"full_id":"w1381098593","osm_id":"1381098593","osm_type":"way","highway":"footway","crossing:markings":"zebra","crossing":"marked","footway":"crossing","maxheight":null,"oneway:bicycle":null,"bus":null,"wheelchair":null,"source:geometry":null,"operator":null,"motor_vehicle":null,"dog":null,"cycleway:both:lane":null,"parking:lanes:both":null,"maxweight:signed":null,"sidewalk:both:surface":null,"turn:lanes:forward":null,"horse":null,"mtb:scale:imba":null,"wikipedia":null,"wikidata":null,"segregated":null,"tunnel":null,"layer":null,"bridge":null,"foot":null,"turn:lanes:backward":null,"source:hgv:national_network":null,"hgv:national_network":null,"hgv":null,"alt_name":null,"parking:right:orientation":null,"parking:right":null,"parking:left:orientation":null,"parking:left":null,"cycleway:right":null,"sidewalk":null,"cycleway:both":null,"bicycle":null,"tiger:name_direction_suffix":null,"tracktype":null,"source:maxspeed":null,"smoothness":null,"parking:lane:both":null,"lanes:forward":null,"lanes:backward":null,"CDOT_route":null,"lit":null,"sidewalk:right":null,"sidewalk:left":null,"tiger:name_type_1":null,"tiger:name_direction_prefix_1":null,"tiger:name_base_1":null,"railway":null,"old_railway_operator":null,"name_1":null,"maxspeed":null,"cycleway":null,"ref":null,"tiger:name_direction_prefix":null,"parking:both:orientation":null,"parking:both":null,"oneway":null,"access":null,"service":null,"tiger:reviewed":null,"surface":null,"lanes":null,"tiger:name_type":null,"tiger:name_base":null,"tiger:county":null,"tiger:cfcc":null,"name":null,"is_in:state_code":null,"is_in:state":null,"is_in:city":null},"geometry":{"type":"LineString","coordinates":[[-106.8170851,39.1914901],[-106.8170134,39.1914993],[-106.8169163,39.1915117]]}},
{"type":"Feature","properties":{"full_id":"w1381098594","osm_id":"1381098594","osm_type":"way","highway":"footway","crossing:markings":"zebra","crossing":"marked","footway":"crossing","maxheight":null,"oneway:bicycle":null,"bus":null,"wheelchair":null,"source:geometry":null,"operator":null,"motor_vehicle":null,"dog":null,"cycleway:both:lane":null,"parking:lanes:both":null,"maxweight:signed":null,"sidewalk:both:surface":null,"turn:lanes:forward":null,"horse":null,"mtb:scale:imba":null,"wikipedia":null,"wikidata":null,"segregated":null,"tunnel":null,"layer":null,"bridge":null,"foot":null,"turn:lanes:backward":null,"source:hgv:national_network":null,"hgv:national_network":null,"hgv":null,"alt_name":null,"parking:right:orientation":null,"parking:right":null,"parking:left:orientation":null,"parking:left":null,"cycleway:right":null,"sidewalk":null,"cycleway:both":null,"bicycle":null,"tiger:name_direction_suffix":null,"tracktype":null,"source:maxspeed":null,"smoothness":null,"parking:lane:both":null,"lanes:forward":null,"lanes:backward":null,"CDOT_route":null,"lit":null,"sidewalk:right":null,"sidewalk:left":null,"tiger:name_type_1":null,"tiger:name_direction_prefix_1":null,"tiger:name_base_1":null,"railway":null,"old_railway_operator":null,"name_1":null,"maxspeed":null,"cycleway":null,"ref":null,"tiger:name_direction_prefix":null,"parking:both:orientation":null,"parking:both":null,"oneway":null,"access":null,"service":null,"tiger:reviewed":null,"surface":null,"lanes":null,"tiger:name_type":null,"tiger:name_base":null,"tiger:county":null,"tiger:cfcc":null,"name":null,"is_in:state_code":null,"is_in:state":null,"is_in:city":null},"geometry":{"type":"LineString","coordinates":[[-106.8188896,39.1913692],[-106.8189854,39.1913869],[-106.8190825,39.1914048]]}},
{"type":"Feature","properties":{"full_id":"w1381098595","osm_id":"1381098595","osm_type":"way","highway":"footway","crossing:markings":null,"crossing":null,"footway":"sidewalk","maxheight":null,"oneway:bicycle":null,"bus":null,"wheelchair":null,"source:geometry":null,"operator":null,"motor_vehicle":null,"dog":null,"cycleway:both:lane":null,"parking:lanes:both":null,"maxweight:signed":null,"sidewalk:both:surface":null,"turn:lanes:forward":null,"horse":null,"mtb:scale:imba":null,"wikipedia":null,"wikidata":null,"segregated":null,"tunnel":null,"layer":null,"bridge":null,"foot":null,"turn:lanes:backward":null,"source:hgv:national_network":null,"hgv:national_network":null,"hgv":null,"alt_name":null,"parking:right:orientation":null,"parking:right":null,"parking:left:orientation":null,"parking:left":null,"cycleway:right":null,"sidewalk":null,"cycleway:both":null,"bicycle":null,"tiger:name_direction_suffix":null,"tracktype":null,"source:maxspeed":null,"smoothness":null,"parking:lane:both":null,"lanes:forward":null,"lanes:backward":null,"CDOT_route":null,"lit":null,"sidewalk:right":null,"sidewalk:left":null,"tiger:name_type_1":null,"tiger:name_direction_prefix_1":null,"tiger:name_base_1":null,"railway":null,"old_railway_operator":null,"name_1":null,"maxspeed":null,"cycleway":null,"ref":null,"tiger:name_direction_prefix":null,"parking:both:orientation":null,"parking:both":null,"oneway":null,"access":null,"service":null,"tiger:reviewed":null,"surface":null,"lanes":null,"tiger:name_type":null,"tiger:name_base":null,"tiger:county":null,"tiger:cfcc":null,"name":null,"is_in:state_code":null,"is_in:state":null,"is_in:city":null},"geometry":{"type":"LineString","coordinates":[[-106.8190825,39.1914048],[-106.8191851,39.191173],[-106.8191851,39.191099],[-106.8192769,39.1908452],[-106.8193014,39.1908254]]}},
{"type":"Feature","properties":{"full_id":"w1381098601","osm_id":"1381098601","osm_type":"way","highway":"footway","crossing:markings":null,"crossing":null,"footway":"sidewalk","maxheight":null,"oneway:bicycle":null,"bus":null,"wheelchair":null,"source:geometry":null,"operator":null,"motor_vehicle":null,"dog":null,"cycleway:both:lane":null,"parking:lanes:both":null,"maxweight:signed":null,"sidewalk:both:surface":null,"turn:lanes:forward":null,"horse":null,"mtb:scale:imba":null,"wikipedia":null,"wikidata":null,"segregated":null,"tunnel":null,"layer":null,"bridge":null,"foot":null,"turn:lanes:backward":null,"source:hgv:national_network":null,"hgv:national_network":null,"hgv":null,"alt_name":null,"parking:right:orientation":null,"parking:right":null,"parking:left:orientation":null,"parking:left":null,"cycleway:right":null,"sidewalk":null,"cycleway:both":null,"bicycle":null,"tiger:name_direction_suffix":null,"tracktype":null,"source:maxspeed":null,"smoothness":null,"parking:lane:both":null,"lanes:forward":null,"lanes:backward":null,"CDOT_route":null,"lit":null,"sidewalk:right":null,"sidewalk:left":null,"tiger:name_type_1":null,"tiger:name_direction_prefix_1":null,"tiger:name_base_1":null,"railway":null,"old_railway_operator":null,"name_1":null,"maxspeed":null,"cycleway":null,"ref":null,"tiger:name_direction_prefix":null,"parking:both:orientation":null,"parking:both":null,"oneway":null,"access":null,"service":null,"tiger:reviewed":null,"surface":null,"lanes":null,"tiger:name_type":null,"tiger:name_base":null,"tiger:county":null,"tiger:cfcc":null,"name":null,"is_in:state_code":null,"is_in:state":null,"is_in:city":null},"geometry":{"type":"LineString","coordinates":[[-106.8190825,39.1914048],[-106.8190908,39.1914486],[-106.8200606,39.1916593],[-106.820073,39.1916401]]}},
{"type":"Feature","properties":{"full_id":"w1381098603","osm_id":"1381098603","osm_type":"way","highway":"footway","crossing:markings":null,"crossing":null,"footway":"sidewalk","maxheight":null,"oneway:bicycle":null,"bus":null,"wheelchair":null,"source:geometry":null,"operator":null,"motor_vehicle":null,"dog":null,"cycleway:both:lane":null,"parking:lanes:both":null,"maxweight:signed":null,"sidewalk:both:surface":null,"turn:lanes:forward":null,"horse":null,"mtb:scale:imba":null,"wikipedia":null,"wikidata":null,"segregated":null,"tunnel":null,"layer":null,"bridge":null,"foot":null,"turn:lanes:backward":null,"source:hgv:national_network":null,"hgv:national_network":null,"hgv":null,"alt_name":null,"parking:right:orientation":null,"parking:right":null,"parking:left:orientation":null,"parking:left":null,"cycleway:right":null,"sidewalk":null,"cycleway:both":null,"bicycle":null,"tiger:name_direction_suffix":null,"tracktype":null,"source:maxspeed":null,"smoothness":null,"parking:lane:both":null,"lanes:forward":null,"lanes:backward":null,"CDOT_route":null,"lit":null,"sidewalk:right":null,"sidewalk:left":null,"tiger:name_type_1":null,"tiger:name_direction_prefix_1":null,"tiger:name_base_1":null,"railway":null,"old_railway_operator":null,"name_1":null,"maxspeed":null,"cycleway":null,"ref":null,"tiger:name_direction_prefix":null,"parking:both:orientation":null,"parking:both":null,"oneway":null,"access":null,"service":null,"tiger:reviewed":null,"surface":null,"lanes":null,"tiger:name_type":null,"tiger:name_base":null,"tiger:county":null,"tiger:cfcc":null,"name":null,"is_in:state_code":null,"is_in:state":null,"is_in:city":null},"geometry":{"type":"LineString","coordinates":[[-106.8200075,39.19178],[-106.8196727,39.191711],[-106.8196451,39.1917247],[-106.8194663,39.1916926],[-106.8194568,39.1916766],[-106.8190485,39.1915937],[-106.8190254,39.1916056]]}},
{"type":"Feature","properties":{"full_id":"w1381098604","osm_id":"1381098604","osm_type":"way","highway":"footway","crossing:markings":"zebra","crossing":"marked","footway":"crossing","maxheight":null,"oneway:bicycle":null,"bus":null,"wheelchair":null,"source:geometry":null,"operator":null,"motor_vehicle":null,"dog":null,"cycleway:both:lane":null,"parking:lanes:both":null,"maxweight:signed":null,"sidewalk:both:surface":null,"turn:lanes:forward":null,"horse":null,"mtb:scale:imba":null,"wikipedia":null,"wikidata":null,"segregated":null,"tunnel":null,"layer":null,"bridge":null,"foot":null,"turn:lanes:backward":null,"source:hgv:national_network":null,"hgv:national_network":null,"hgv":null,"alt_name":null,"parking:right:orientation":null,"parking:right":null,"parking:left:orientation":null,"parking:left":null,"cycleway:right":null,"sidewalk":null,"cycleway:both":null,"bicycle":null,"tiger:name_direction_suffix":null,"tracktype":null,"source:maxspeed":null,"smoothness":null,"parking:lane:both":null,"lanes:forward":null,"lanes:backward":null,"CDOT_route":null,"lit":null,"sidewalk:right":null,"sidewalk:left":null,"tiger:name_type_1":null,"tiger:name_direction_prefix_1":null,"tiger:name_base_1":null,"railway":null,"old_railway_operator":null,"name_1":null,"maxspeed":null,"cycleway":null,"ref":null,"tiger:name_direction_prefix":null,"parking:both:orientation":null,"parking:both":null,"oneway":null,"access":null,"service":null,"tiger:reviewed":null,"surface":null,"lanes":null,"tiger:name_type":null,"tiger:name_base":null,"tiger:county":null,"tiger:cfcc":null,"name":null,"is_in:state_code":null,"is_in:state":null,"is_in:city":null},"geometry":{"type":"LineString","coordinates":[[-106.8190485,39.1915937],[-106.8190727,39.1915108],[-106.8190908,39.1914486]]}},
{"type":"Feature","properties":{"full_id":"w1453694728","osm_id":"1453694728","osm_type":"way","highway":"path","crossing:markings":null,"crossing":null,"footway":null,"maxheight":null,"oneway:bicycle":null,"bus":null,"wheelchair":null,"source:geometry":null,"operator":null,"motor_vehicle":null,"dog":null,"cycleway:both:lane":null,"parking:lanes:both":null,"maxweight:signed":null,"sidewalk:both:surface":null,"turn:lanes:forward":null,"horse":null,"mtb:scale:imba":null,"wikipedia":null,"wikidata":null,"segregated":null,"tunnel":null,"layer":null,"bridge":null,"foot":"yes","turn:lanes:backward":null,"source:hgv:national_network":null,"hgv:national_network":null,"hgv":null,"alt_name":null,"parking:right:orientation":null,"parking:right":null,"parking:left:orientation":null,"parking:left":null,"cycleway:right":null,"sidewalk":null,"cycleway:both":null,"bicycle":"yes","tiger:name_direction_suffix":null,"tracktype":null,"source:maxspeed":null,"smoothness":null,"parking:lane:both":null,"lanes:forward":null,"lanes:backward":null,"CDOT_route":null,"lit":null,"sidewalk:right":null,"sidewalk:left":null,"tiger:name_type_1":null,"tiger:name_direction_prefix_1":null,"tiger:name_base_1":null,"railway":null,"old_railway_operator":null,"name_1":null,"maxspeed":null,"cycleway":null,"ref":null,"tiger:name_direction_prefix":null,"parking:both:orientation":null,"parking:both":null,"oneway":null,"access":null,"service":null,"tiger:reviewed":null,"surface":"dirt","lanes":null,"tiger:name_type":null,"tiger:name_base":null,"tiger:county":null,"tiger:cfcc":null,"name":null,"is_in:state_code":null,"is_in:state":null,"is_in:city":null},"geometry":{"type":"LineString","coordinates":[[-106.811485,39.1822477],[-106.8115226,39.1821296],[-106.811535,39.1820062],[-106.8115409,39.1819484],[-106.8115287,39.1817404],[-106.811501,39.1815955],[-106.8114961,39.1815703],[-106.8115043,39.1814316],[-106.8115657,39.181303]]}},
{"type":"Feature","properties":{"full_id":"w1453694729","osm_id":"1453694729","osm_type":"way","highway":"path","crossing:markings":null,"crossing":null,"footway":null,"maxheight":null,"oneway:bicycle":null,"bus":null,"wheelchair":null,"source:geometry":null,"operator":null,"motor_vehicle":null,"dog":null,"cycleway:both:lane":null,"parking:lanes:both":null,"maxweight:signed":null,"sidewalk:both:surface":null,"turn:lanes:forward":null,"horse":null,"mtb:scale:imba":null,"wikipedia":null,"wikidata":null,"segregated":null,"tunnel":null,"layer":null,"bridge":null,"foot":"yes","turn:lanes:backward":null,"source:hgv:national_network":null,"hgv:national_network":null,"hgv":null,"alt_name":null,"parking:right:orientation":null,"parking:right":null,"parking:left:orientation":null,"parking:left":null,"cycleway:right":null,"sidewalk":null,"cycleway:both":null,"bicycle":"yes","tiger:name_direction_suffix":null,"tracktype":null,"source:maxspeed":null,"smoothness":null,"parking:lane:both":null,"lanes:forward":null,"lanes:backward":null,"CDOT_route":null,"lit":null,"sidewalk:right":null,"sidewalk:left":null,"tiger:name_type_1":null,"tiger:name_direction_prefix_1":null,"tiger:name_base_1":null,"railway":null,"old_railway_operator":null,"name_1":null,"maxspeed":null,"cycleway":null,"ref":null,"tiger:name_direction_prefix":null,"parking:both:orientation":null,"parking:both":null,"oneway":null,"access":null,"service":null,"tiger:reviewed":null,"surface":"dirt","lanes":null,"tiger:name_type":null,"tiger:name_base":null,"tiger:county":null,"tiger:cfcc":null,"name":null,"is_in:state_code":null,"is_in:state":null,"is_in:city":null},"geometry":{"type":"LineString","coordinates":[[-106.8119746,39.1814986],[-106.8118112,39.1815173],[-106.8116079,39.1815603],[-106.811501,39.1815955],[-106.8113799,39.1816642],[-106.8112413,39.1817442],[-106.8111645,39.181799]]}},
{"type":"Feature","properties":{"full_id":"w1504509143","osm_id":"1504509143","osm_type":"way","highway":"residential","crossing:markings":null,"crossing":null,"footway":null,"maxheight":null,"oneway:bicycle":null,"bus":null,"wheelchair":null,"source:geometry":null,"operator":null,"motor_vehicle":null,"dog":null,"cycleway:both:lane":null,"parking:lanes:both":null,"maxweight:signed":null,"sidewalk:both:surface":null,"turn:lanes:forward":null,"horse":null,"mtb:scale:imba":null,"wikipedia":null,"wikidata":null,"segregated":null,"tunnel":null,"layer":null,"bridge":null,"foot":null,"turn:lanes:backward":null,"source:hgv:national_network":null,"hgv:national_network":null,"hgv":null,"alt_name":null,"parking:right:orientation":null,"parking:right":null,"parking:left:orientation":null,"parking:left":null,"cycleway:right":null,"sidewalk":null,"cycleway:both":null,"bicycle":null,"tiger:name_direction_suffix":null,"tracktype":null,"source:maxspeed":null,"smoothness":null,"parking:lane:both":null,"lanes:forward":null,"lanes:backward":null,"CDOT_route":null,"lit":null,"sidewalk:right":null,"sidewalk:left":null,"tiger:name_type_1":null,"tiger:name_direction_prefix_1":null,"tiger:name_base_1":null,"railway":null,"old_railway_operator":null,"name_1":null,"maxspeed":null,"cycleway":null,"ref":null,"tiger:name_direction_prefix":null,"parking:both:orientation":null,"parking:both":null,"oneway":null,"access":null,"service":null,"tiger:reviewed":"no","surface":"asphalt","lanes":null,"tiger:name_type":"Ave","tiger:name_base":"Ute","tiger:county":"Pitkin, CO","tiger:cfcc":"A41","name":"Ute Avenue","is_in:state_code":"CO","is_in:state":"Colorado","is_in:city":"Aspen"},"geometry":{"type":"LineString","coordinates":[[-106.8098936,39.1801787],[-106.8104122,39.1804795],[-106.810675,39.1806686],[-106.8110243,39.180898],[-106.8111698,39.1809674],[-106.8114212,39.1810549]]}},
{"type":"Feature","properties":{"full_id":"w1531289506","osm_id":"1531289506","osm_type":"way","highway":"pedestrian","crossing:markings":null,"crossing":null,"footway":null,"maxheight":null,"oneway:bicycle":null,"bus":null,"wheelchair":null,"source:geometry":null,"operator":null,"motor_vehicle":null,"dog":null,"cycleway:both:lane":null,"parking:lanes:both":null,"maxweight:signed":null,"sidewalk:both:surface":null,"turn:lanes:forward":null,"horse":null,"mtb:scale:imba":null,"wikipedia":null,"wikidata":null,"segregated":null,"tunnel":null,"layer":null,"bridge":null,"foot":null,"turn:lanes:backward":null,"source:hgv:national_network":null,"hgv:national_network":null,"hgv":null,"alt_name":null,"parking:right:orientation":null,"parking:right":null,"parking:left:orientation":null,"parking:left":null,"cycleway:right":null,"sidewalk":null,"cycleway:both":null,"bicycle":null,"tiger:name_direction_suffix":null,"tracktype":null,"source:maxspeed":null,"smoothness":null,"parking:lane:both":null,"lanes:forward":null,"lanes:backward":null,"CDOT_route":null,"lit":null,"sidewalk:right":null,"sidewalk:left":null,"tiger:name_type_1":null,"tiger:name_direction_prefix_1":null,"tiger:name_base_1":null,"railway":null,"old_railway_operator":null,"name_1":null,"maxspeed":null,"cycleway":null,"ref":null,"tiger:name_direction_prefix":null,"parking:both:orientation":null,"parking:both":null,"oneway":null,"access":null,"service":null,"tiger:reviewed":null,"surface":null,"lanes":null,"tiger:name_type":null,"tiger:name_base":null,"tiger:county":null,"tiger:cfcc":null,"name":null,"is_in:state_code":null,"is_in:state":null,"is_in:city":null},"geometry":{"type":"LineString","coordinates":[[-106.8165017,39.1906802],[-106.8164833,39.1906985],[-106.8164229,39.1908533],[-106.8164335,39.1909822],[-106.8164712,39.1910671],[-106.8165415,39.1911359],[-106.8166408,39.1912013],[-106.8167431,39.1912605],[-106.8167965,39.1913027]]}},
{"type":"Feature","properties":{"full_id":"w1531289507","osm_id":"1531289507","osm_type":"way","highway":"footway","crossing:markings":null,"crossing":null,"footway":null,"maxheight":null,"oneway:bicycle":null,"bus":null,"wheelchair":null,"source:geometry":null,"operator":null,"motor_vehicle":null,"dog":null,"cycleway:both:lane":null,"parking:lanes:both":null,"maxweight:signed":null,"sidewalk:both:surface":null,"turn:lanes:forward":null,"horse":null,"mtb:scale:imba":null,"wikipedia":null,"wikidata":null,"segregated":null,"tunnel":null,"layer":null,"bridge":null,"foot":null,"turn:lanes:backward":null,"source:hgv:national_network":null,"hgv:national_network":null,"hgv":null,"alt_name":null,"parking:right:orientation":null,"parking:right":null,"parking:left:orientation":null,"parking:left":null,"cycleway:right":null,"sidewalk":null,"cycleway:both":null,"bicycle":null,"tiger:name_direction_suffix":null,"tracktype":null,"source:maxspeed":null,"smoothness":null,"parking:lane:both":null,"lanes:forward":null,"lanes:backward":null,"CDOT_route":null,"lit":null,"sidewalk:right":null,"sidewalk:left":null,"tiger:name_type_1":null,"tiger:name_direction_prefix_1":null,"tiger:name_base_1":null,"railway":null,"old_railway_operator":null,"name_1":null,"maxspeed":null,"cycleway":null,"ref":null,"tiger:name_direction_prefix":null,"parking:both:orientation":null,"parking:both":null,"oneway":null,"access":null,"service":null,"tiger:reviewed":null,"surface":null,"lanes":null,"tiger:name_type":null,"tiger:name_base":null,"tiger:county":null,"tiger:cfcc":null,"name":null,"is_in:state_code":null,"is_in:state":null,"is_in:city":null},"geometry":{"type":"LineString","coordinates":[[-106.8167456,39.1902811],[-106.816701,39.1904362],[-106.816646,39.1905714],[-106.8166454,39.1905803]]}},
{"type":"Feature","properties":{"full_id":"w1531289508","osm_id":"1531289508","osm_type":"way","highway":"footway","crossing:markings":null,"crossing":null,"footway":null,"maxheight":null,"oneway:bicycle":null,"bus":null,"wheelchair":null,"source:geometry":null,"operator":null,"motor_vehicle":null,"dog":null,"cycleway:both:lane":null,"parking:lanes:both":null,"maxweight:signed":null,"sidewalk:both:surface":null,"turn:lanes:forward":null,"horse":null,"mtb:scale:imba":null,"wikipedia":null,"wikidata":null,"segregated":null,"tunnel":null,"layer":null,"bridge":null,"foot":null,"turn:lanes:backward":null,"source:hgv:national_network":null,"hgv:national_network":null,"hgv":null,"alt_name":null,"parking:right:orientation":null,"parking:right":null,"parking:left:orientation":null,"parking:left":null,"cycleway:right":null,"sidewalk":null,"cycleway:both":null,"bicycle":null,"tiger:name_direction_suffix":null,"tracktype":null,"source:maxspeed":null,"smoothness":null,"parking:lane:both":null,"lanes:forward":null,"lanes:backward":null,"CDOT_route":null,"lit":null,"sidewalk:right":null,"sidewalk:left":null,"tiger:name_type_1":null,"tiger:name_direction_prefix_1":null,"tiger:name_base_1":null,"railway":null,"old_railway_operator":null,"name_1":null,"maxspeed":null,"cycleway":null,"ref":null,"tiger:name_direction_prefix":null,"parking:both:orientation":null,"parking:both":null,"oneway":null,"access":null,"service":null,"tiger:reviewed":null,"surface":null,"lanes":null,"tiger:name_type":null,"tiger:name_base":null,"tiger:county":null,"tiger:cfcc":null,"name":null,"is_in:state_code":null,"is_in:state":null,"is_in:city":null},"geometry":{"type":"LineString","coordinates":[[-106.8167965,39.1913027],[-106.816888,39.1913722],[-106.8169333,39.1914089],[-106.816912,39.1914459],[-106.8168609,39.1914814],[-106.8168155,39.1914984],[-106.8168077,39.1915218],[-106.8168174,39.1915377],[-106.8168562,39.1915242],[-106.8169163,39.1915117]]}},
{"type":"Feature","properties":{"full_id":"w1553509210","osm_id":"1553509210","osm_type":"way","highway":"footway","crossing:markings":null,"crossing":null,"footway":"sidewalk","maxheight":null,"oneway:bicycle":null,"bus":null,"wheelchair":null,"source:geometry":null,"operator":null,"motor_vehicle":null,"dog":null,"cycleway:both:lane":null,"parking:lanes:both":null,"maxweight:signed":null,"sidewalk:both:surface":null,"turn:lanes:forward":null,"horse":null,"mtb:scale:imba":null,"wikipedia":null,"wikidata":null,"segregated":null,"tunnel":null,"layer":"-1","bridge":null,"foot":null,"turn:lanes:backward":null,"source:hgv:national_network":null,"hgv:national_network":null,"hgv":null,"alt_name":null,"parking:right:orientation":null,"parking:right":null,"parking:left:orientation":null,"parking:left":null,"cycleway:right":null,"sidewalk":null,"cycleway:both":null,"bicycle":null,"tiger:name_direction_suffix":null,"tracktype":null,"source:maxspeed":null,"smoothness":null,"parking:lane:both":null,"lanes:forward":null,"lanes:backward":null,"CDOT_route":null,"lit":null,"sidewalk:right":null,"sidewalk:left":null,"tiger:name_type_1":null,"tiger:name_direction_prefix_1":null,"tiger:name_base_1":null,"railway":null,"old_railway_operator":null,"name_1":null,"maxspeed":null,"cycleway":null,"ref":null,"tiger:name_direction_prefix":null,"parking:both:orientation":null,"parking:both":null,"oneway":null,"access":null,"service":null,"tiger:reviewed":null,"surface":null,"lanes":null,"tiger:name_type":null,"tiger:name_base":null,"tiger:county":null,"tiger:cfcc":null,"name":null,"is_in:state_code":null,"is_in:state":null,"is_in:city":null},"geometry":{"type":"LineString","coordinates":[[-106.819147,39.1905397],[-106.8182315,39.1903411]]}},
{"type":"Feature","properties":{"full_id":"w1553509211","osm_id":"1553509211","osm_type":"way","highway":"footway","crossing:markings":"yes","crossing":"uncontrolled","footway":"crossing","maxheight":null,"oneway:bicycle":null,"bus":null,"wheelchair":null,"source:geometry":null,"operator":null,"motor_vehicle":null,"dog":null,"cycleway:both:lane":null,"parking:lanes:both":null,"maxweight:signed":null,"sidewalk:both:surface":null,"turn:lanes:forward":null,"horse":null,"mtb:scale:imba":null,"wikipedia":null,"wikidata":null,"segregated":null,"tunnel":null,"layer":null,"bridge":null,"foot":null,"turn:lanes:backward":null,"source:hgv:national_network":null,"hgv:national_network":null,"hgv":null,"alt_name":null,"parking:right:orientation":null,"parking:right":null,"parking:left:orientation":null,"parking:left":null,"cycleway:right":null,"sidewalk":null,"cycleway:both":null,"bicycle":null,"tiger:name_direction_suffix":null,"tracktype":null,"source:maxspeed":null,"smoothness":null,"parking:lane:both":null,"lanes:forward":null,"lanes:backward":null,"CDOT_route":null,"lit":null,"sidewalk:right":null,"sidewalk:left":null,"tiger:name_type_1":null,"tiger:name_direction_prefix_1":null,"tiger:name_base_1":null,"railway":null,"old_railway_operator":null,"name_1":null,"maxspeed":null,"cycleway":null,"ref":null,"tiger:name_direction_prefix":null,"parking:both:orientation":null,"parking:both":null,"oneway":null,"access":null,"service":null,"tiger:reviewed":null,"surface":null,"lanes":null,"tiger:name_type":null,"tiger:name_base":null,"tiger:county":null,"tiger:cfcc":null,"name":null,"is_in:state_code":null,"is_in:state":null,"is_in:city":null},"geometry":{"type":"LineString","coordinates":[[-106.8170294,39.1900988],[-106.8169249,39.1900739],[-106.8168003,39.1900464]]}},
{"type":"Feature","properties":{"full_id":"w1553509212","osm_id":"1553509212","osm_type":"way","highway":"footway","crossing:markings":null,"crossing":null,"footway":"sidewalk","maxheight":null,"oneway:bicycle":null,"bus":null,"wheelchair":null,"source:geometry":null,"operator":null,"motor_vehicle":null,"dog":null,"cycleway:both:lane":null,"parking:lanes:both":null,"maxweight:signed":null,"sidewalk:both:surface":null,"turn:lanes:forward":null,"horse":null,"mtb:scale:imba":null,"wikipedia":null,"wikidata":null,"segregated":null,"tunnel":null,"layer":null,"bridge":null,"foot":null,"turn:lanes:backward":null,"source:hgv:national_network":null,"hgv:national_network":null,"hgv":null,"alt_name":null,"parking:right:orientation":null,"parking:right":null,"parking:left:orientation":null,"parking:left":null,"cycleway:right":null,"sidewalk":null,"cycleway:both":null,"bicycle":null,"tiger:name_direction_suffix":null,"tracktype":null,"source:maxspeed":null,"smoothness":null,"parking:lane:both":null,"lanes:forward":null,"lanes:backward":null,"CDOT_route":null,"lit":null,"sidewalk:right":null,"sidewalk:left":null,"tiger:name_type_1":null,"tiger:name_direction_prefix_1":null,"tiger:name_base_1":null,"railway":null,"old_railway_operator":null,"name_1":null,"maxspeed":null,"cycleway":null,"ref":null,"tiger:name_direction_prefix":null,"parking:both:orientation":null,"parking:both":null,"oneway":null,"access":null,"service":null,"tiger:reviewed":null,"surface":null,"lanes":null,"tiger:name_type":null,"tiger:name_base":null,"tiger:county":null,"tiger:cfcc":null,"name":null,"is_in:state_code":null,"is_in:state":null,"is_in:city":null},"geometry":{"type":"LineString","coordinates":[[-106.8168003,39.1900464],[-106.8167219,39.1900541],[-106.816561,39.1900208],[-106.8164322,39.1899925],[-106.8163593,39.1899684],[-106.8162724,39.1899451],[-106.8161769,39.1899269],[-106.8161039,39.1899136],[-106.8159709,39.1898953],[-106.8158486,39.1898623]]}},
{"type":"Feature","properties":{"full_id":"w1553509213","osm_id":"1553509213","osm_type":"way","highway":"footway","crossing:markings":null,"crossing":null,"footway":"sidewalk","maxheight":null,"oneway:bicycle":null,"bus":null,"wheelchair":null,"source:geometry":null,"operator":null,"motor_vehicle":null,"dog":null,"cycleway:both:lane":null,"parking:lanes:both":null,"maxweight:signed":null,"sidewalk:both:surface":null,"turn:lanes:forward":null,"horse":null,"mtb:scale:imba":null,"wikipedia":null,"wikidata":null,"segregated":null,"tunnel":null,"layer":null,"bridge":null,"foot":null,"turn:lanes:backward":null,"source:hgv:national_network":null,"hgv:national_network":null,"hgv":null,"alt_name":null,"parking:right:orientation":null,"parking:right":null,"parking:left:orientation":null,"parking:left":null,"cycleway:right":null,"sidewalk":null,"cycleway:both":null,"bicycle":null,"tiger:name_direction_suffix":null,"tracktype":null,"source:maxspeed":null,"smoothness":null,"parking:lane:both":null,"lanes:forward":null,"lanes:backward":null,"CDOT_route":null,"lit":null,"sidewalk:right":null,"sidewalk:left":null,"tiger:name_type_1":null,"tiger:name_direction_prefix_1":null,"tiger:name_base_1":null,"railway":null,"old_railway_operator":null,"name_1":null,"maxspeed":null,"cycleway":null,"ref":null,"tiger:name_direction_prefix":null,"parking:both:orientation":null,"parking:both":null,"oneway":null,"access":null,"service":null,"tiger:reviewed":null,"surface":null,"lanes":null,"tiger:name_type":null,"tiger:name_base":null,"tiger:county":null,"tiger:cfcc":null,"name":null,"is_in:state_code":null,"is_in:state":null,"is_in:city":null},"geometry":{"type":"LineString","coordinates":[[-106.8157467,39.1900876],[-106.8157651,39.1900717]]}},
{"type":"Feature","properties":{"full_id":"w1553509214","osm_id":"1553509214","osm_type":"way","highway":"footway","crossing:markings":null,"crossing":null,"footway":"sidewalk","maxheight":null,"oneway:bicycle":null,"bus":null,"wheelchair":null,"source:geometry":null,"operator":null,"motor_vehicle":null,"dog":null,"cycleway:both:lane":null,"parking:lanes:both":null,"maxweight:signed":null,"sidewalk:both:surface":null,"turn:lanes:forward":null,"horse":null,"mtb:scale:imba":null,"wikipedia":null,"wikidata":null,"segregated":null,"tunnel":null,"layer":null,"bridge":null,"foot":null,"turn:lanes:backward":null,"source:hgv:national_network":null,"hgv:national_network":null,"hgv":null,"alt_name":null,"parking:right:orientation":null,"parking:right":null,"parking:left:orientation":null,"parking:left":null,"cycleway:right":null,"sidewalk":null,"cycleway:both":null,"bicycle":null,"tiger:name_direction_suffix":null,"tracktype":null,"source:maxspeed":null,"smoothness":null,"parking:lane:both":null,"lanes:forward":null,"lanes:backward":null,"CDOT_route":null,"lit":null,"sidewalk:right":null,"sidewalk:left":null,"tiger:name_type_1":null,"tiger:name_direction_prefix_1":null,"tiger:name_base_1":null,"railway":null,"old_railway_operator":null,"name_1":null,"maxspeed":null,"cycleway":null,"ref":null,"tiger:name_direction_prefix":null,"parking:both:orientation":null,"parking:both":null,"oneway":null,"access":null,"service":null,"tiger:reviewed":null,"surface":null,"lanes":null,"tiger:name_type":null,"tiger:name_base":null,"tiger:county":null,"tiger:cfcc":null,"name":null,"is_in:state_code":null,"is_in:state":null,"is_in:city":null},"geometry":{"type":"LineString","coordinates":[[-106.8157467,39.1900876],[-106.8156366,39.1903875],[-106.8156222,39.1904266],[-106.8156351,39.1904482],[-106.815531,39.1907709],[-106.8155771,39.1909355],[-106.8156265,39.190938],[-106.8156716,39.1909555],[-106.8157037,39.1909829],[-106.8157166,39.1910353],[-106.8157016,39.1910661],[-106.8156673,39.1911008],[-106.8156861,39.1911308],[-106.8156276,39.1911527],[-106.8155908,39.1911664]]}},
{"type":"Feature","properties":{"full_id":"w1553509215","osm_id":"1553509215","osm_type":"way","highway":"footway","crossing:markings":null,"crossing":null,"footway":"sidewalk","maxheight":null,"oneway:bicycle":null,"bus":null,"wheelchair":null,"source:geometry":null,"operator":null,"motor_vehicle":null,"dog":null,"cycleway:both:lane":null,"parking:lanes:both":null,"maxweight:signed":null,"sidewalk:both:surface":null,"turn:lanes:forward":null,"horse":null,"mtb:scale:imba":null,"wikipedia":null,"wikidata":null,"segregated":null,"tunnel":null,"layer":null,"bridge":null,"foot":null,"turn:lanes:backward":null,"source:hgv:national_network":null,"hgv:national_network":null,"hgv":null,"alt_name":null,"parking:right:orientation":null,"parking:right":null,"parking:left:orientation":null,"parking:left":null,"cycleway:right":null,"sidewalk":null,"cycleway:both":null,"bicycle":null,"tiger:name_direction_suffix":null,"tracktype":null,"source:maxspeed":null,"smoothness":null,"parking:lane:both":null,"lanes:forward":null,"lanes:backward":null,"CDOT_route":null,"lit":null,"sidewalk:right":null,"sidewalk:left":null,"tiger:name_type_1":null,"tiger:name_direction_prefix_1":null,"tiger:name_base_1":null,"railway":null,"old_railway_operator":null,"name_1":null,"maxspeed":null,"cycleway":null,"ref":null,"tiger:name_direction_prefix":null,"parking:both:orientation":null,"parking:both":null,"oneway":null,"access":null,"service":null,"tiger:reviewed":null,"surface":null,"lanes":null,"tiger:name_type":null,"tiger:name_base":null,"tiger:county":null,"tiger:cfcc":null,"name":null,"is_in:state_code":null,"is_in:state":null,"is_in:city":null},"geometry":{"type":"LineString","coordinates":[[-106.8155908,39.1911664],[-106.815684,39.1912753],[-106.8157866,39.1913612],[-106.8158862,39.1914425],[-106.8159157,39.191463]]}},
{"type":"Feature","properties":{"full_id":"w1553509216","osm_id":"1553509216","osm_type":"way","highway":"footway","crossing:markings":null,"crossing":null,"footway":"sidewalk","maxheight":null,"oneway:bicycle":null,"bus":null,"wheelchair":null,"source:geometry":null,"operator":null,"motor_vehicle":null,"dog":null,"cycleway:both:lane":null,"parking:lanes:both":null,"maxweight:signed":null,"sidewalk:both:surface":null,"turn:lanes:forward":null,"horse":null,"mtb:scale:imba":null,"wikipedia":null,"wikidata":null,"segregated":null,"tunnel":null,"layer":null,"bridge":null,"foot":null,"turn:lanes:backward":null,"source:hgv:national_network":null,"hgv:national_network":null,"hgv":null,"alt_name":null,"parking:right:orientation":null,"parking:right":null,"parking:left:orientation":null,"parking:left":null,"cycleway:right":null,"sidewalk":null,"cycleway:both":null,"bicycle":null,"tiger:name_direction_suffix":null,"tracktype":null,"source:maxspeed":null,"smoothness":null,"parking:lane:both":null,"lanes:forward":null,"lanes:backward":null,"CDOT_route":null,"lit":null,"sidewalk:right":null,"sidewalk:left":null,"tiger:name_type_1":null,"tiger:name_direction_prefix_1":null,"tiger:name_base_1":null,"railway":null,"old_railway_operator":null,"name_1":null,"maxspeed":null,"cycleway":null,"ref":null,"tiger:name_direction_prefix":null,"parking:both:orientation":null,"parking:both":null,"oneway":null,"access":null,"service":null,"tiger:reviewed":null,"surface":null,"lanes":null,"tiger:name_type":null,"tiger:name_base":null,"tiger:county":null,"tiger:cfcc":null,"name":null,"is_in:state_code":null,"is_in:state":null,"is_in:city":null},"geometry":{"type":"LineString","coordinates":[[-106.8155908,39.1911664],[-106.8155514,39.1911204],[-106.8155066,39.1910706],[-106.8154712,39.1910122],[-106.8154571,39.190961],[-106.8154459,39.190881],[-106.8154129,39.1908299],[-106.815381,39.1907348],[-106.8153778,39.1906899],[-106.815374,39.1906371],[-106.8154017,39.1905187],[-106.8154264,39.1904534],[-106.8153941,39.1903965],[-106.815418,39.1903166],[-106.8154974,39.190286],[-106.8155608,39.1900456]]}},
{"type":"Feature","properties":{"full_id":"w1553509217","osm_id":"1553509217","osm_type":"way","highway":"footway","crossing:markings":null,"crossing":null,"footway":"sidewalk","maxheight":null,"oneway:bicycle":null,"bus":null,"wheelchair":null,"source:geometry":null,"operator":null,"motor_vehicle":null,"dog":null,"cycleway:both:lane":null,"parking:lanes:both":null,"maxweight:signed":null,"sidewalk:both:surface":null,"turn:lanes:forward":null,"horse":null,"mtb:scale:imba":null,"wikipedia":null,"wikidata":null,"segregated":null,"tunnel":null,"layer":null,"bridge":null,"foot":null,"turn:lanes:backward":null,"source:hgv:national_network":null,"hgv:national_network":null,"hgv":null,"alt_name":null,"parking:right:orientation":null,"parking:right":null,"parking:left:orientation":null,"parking:left":null,"cycleway:right":null,"sidewalk":null,"cycleway:both":null,"bicycle":null,"tiger:name_direction_suffix":null,"tracktype":null,"source:maxspeed":null,"smoothness":null,"parking:lane:both":null,"lanes:forward":null,"lanes:backward":null,"CDOT_route":null,"lit":null,"sidewalk:right":null,"sidewalk:left":null,"tiger:name_type_1":null,"tiger:name_direction_prefix_1":null,"tiger:name_base_1":null,"railway":null,"old_railway_operator":null,"name_1":null,"maxspeed":null,"cycleway":null,"ref":null,"tiger:name_direction_prefix":null,"parking:both:orientation":null,"parking:both":null,"oneway":null,"access":null,"service":null,"tiger:reviewed":null,"surface":null,"lanes":null,"tiger:name_type":null,"tiger:name_base":null,"tiger:county":null,"tiger:cfcc":null,"name":null,"is_in:state_code":null,"is_in:state":null,"is_in:city":null},"geometry":{"type":"LineString","coordinates":[[-106.8147,39.1887773],[-106.8146086,39.1887486],[-106.8144649,39.1887444],[-106.8142685,39.1887062],[-106.8142546,39.1886937],[-106.8140851,39.1886546]]}},
{"type":"Feature","properties":{"full_id":"w1553509218","osm_id":"1553509218","osm_type":"way","highway":"footway","crossing:markings":null,"crossing":null,"footway":"sidewalk","maxheight":null,"oneway:bicycle":null,"bus":null,"wheelchair":null,"source:geometry":null,"operator":null,"motor_vehicle":null,"dog":null,"cycleway:both:lane":null,"parking:lanes:both":null,"maxweight:signed":null,"sidewalk:both:surface":null,"turn:lanes:forward":null,"horse":null,"mtb:scale:imba":null,"wikipedia":null,"wikidata":null,"segregated":null,"tunnel":null,"layer":null,"bridge":null,"foot":null,"turn:lanes:backward":null,"source:hgv:national_network":null,"hgv:national_network":null,"hgv":null,"alt_name":null,"parking:right:orientation":null,"parking:right":null,"parking:left:orientation":null,"parking:left":null,"cycleway:right":null,"sidewalk":null,"cycleway:both":null,"bicycle":null,"tiger:name_direction_suffix":null,"tracktype":null,"source:maxspeed":null,"smoothness":null,"parking:lane:both":null,"lanes:forward":null,"lanes:backward":null,"CDOT_route":null,"lit":null,"sidewalk:right":null,"sidewalk:left":null,"tiger:name_type_1":null,"tiger:name_direction_prefix_1":null,"tiger:name_base_1":null,"railway":null,"old_railway_operator":null,"name_1":null,"maxspeed":null,"cycleway":null,"ref":null,"tiger:name_direction_prefix":null,"parking:both:orientation":null,"parking:both":null,"oneway":null,"access":null,"service":null,"tiger:reviewed":null,"surface":null,"lanes":null,"tiger:name_type":null,"tiger:name_base":null,"tiger:county":null,"tiger:cfcc":null,"name":null,"is_in:state_code":null,"is_in:state":null,"is_in:city":null},"geometry":{"type":"LineString","coordinates":[[-106.8135934,39.1885497],[-106.8135602,39.1885431],[-106.8125761,39.1883461],[-106.8125521,39.1883413]]}},
{"type":"Feature","properties":{"full_id":"w1553509219","osm_id":"1553509219","osm_type":"way","highway":"footway","crossing:markings":"yes","crossing":"uncontrolled","footway":"crossing","maxheight":null,"oneway:bicycle":null,"bus":null,"wheelchair":null,"source:geometry":null,"operator":null,"motor_vehicle":null,"dog":null,"cycleway:both:lane":null,"parking:lanes:both":null,"maxweight:signed":null,"sidewalk:both:surface":null,"turn:lanes:forward":null,"horse":null,"mtb:scale:imba":null,"wikipedia":null,"wikidata":null,"segregated":null,"tunnel":null,"layer":null,"bridge":null,"foot":null,"turn:lanes:backward":null,"source:hgv:national_network":null,"hgv:national_network":null,"hgv":null,"alt_name":null,"parking:right:orientation":null,"parking:right":null,"parking:left:orientation":null,"parking:left":null,"cycleway:right":null,"sidewalk":null,"cycleway:both":null,"bicycle":null,"tiger:name_direction_suffix":null,"tracktype":null,"source:maxspeed":null,"smoothness":null,"parking:lane:both":null,"lanes:forward":null,"lanes:backward":null,"CDOT_route":null,"lit":null,"sidewalk:right":null,"sidewalk:left":null,"tiger:name_type_1":null,"tiger:name_direction_prefix_1":null,"tiger:name_base_1":null,"railway":null,"old_railway_operator":null,"name_1":null,"maxspeed":null,"cycleway":null,"ref":null,"tiger:name_direction_prefix":null,"parking:both:orientation":null,"parking:both":null,"oneway":null,"access":null,"service":null,"tiger:reviewed":null,"surface":null,"lanes":null,"tiger:name_type":null,"tiger:name_base":null,"tiger:county":null,"tiger:cfcc":null,"name":null,"is_in:state_code":null,"is_in:state":null,"is_in:city":null},"geometry":{"type":"LineString","coordinates":[[-106.8125521,39.1883413],[-106.8124817,39.1883269],[-106.8124097,39.1883122],[-106.8123658,39.1883032]]}},
{"type":"Feature","properties":{"full_id":"w1553509220","osm_id":"1553509220","osm_type":"way","highway":"footway","crossing:markings":null,"crossing":null,"footway":"sidewalk","maxheight":null,"oneway:bicycle":null,"bus":null,"wheelchair":null,"source:geometry":null,"operator":null,"motor_vehicle":null,"dog":null,"cycleway:both:lane":null,"parking:lanes:both":null,"maxweight:signed":null,"sidewalk:both:surface":null,"turn:lanes:forward":null,"horse":null,"mtb:scale:imba":null,"wikipedia":null,"wikidata":null,"segregated":null,"tunnel":null,"layer":null,"bridge":null,"foot":null,"turn:lanes:backward":null,"source:hgv:national_network":null,"hgv:national_network":null,"hgv":null,"alt_name":null,"parking:right:orientation":null,"parking:right":null,"parking:left:orientation":null,"parking:left":null,"cycleway:right":null,"sidewalk":null,"cycleway:both":null,"bicycle":null,"tiger:name_direction_suffix":null,"tracktype":null,"source:maxspeed":null,"smoothness":null,"parking:lane:both":null,"lanes:forward":null,"lanes:backward":null,"CDOT_route":null,"lit":null,"sidewalk:right":null,"sidewalk:left":null,"tiger:name_type_1":null,"tiger:name_direction_prefix_1":null,"tiger:name_base_1":null,"railway":null,"old_railway_operator":null,"name_1":null,"maxspeed":null,"cycleway":null,"ref":null,"tiger:name_direction_prefix":null,"parking:both:orientation":null,"parking:both":null,"oneway":null,"access":null,"service":null,"tiger:reviewed":null,"surface":null,"lanes":null,"tiger:name_type":null,"tiger:name_base":null,"tiger:county":null,"tiger:cfcc":null,"name":null,"is_in:state_code":null,"is_in:state":null,"is_in:city":null},"geometry":{"type":"LineString","coordinates":[[-106.8123658,39.1883032],[-106.8116004,39.1881574],[-106.8115231,39.1881554],[-106.8114335,39.1881758],[-106.8114019,39.1882017],[-106.81138,39.1882371]]}},
{"type":"Feature","properties":{"full_id":"w1553509221","osm_id":"1553509221","osm_type":"way","highway":"footway","crossing:markings":null,"crossing":null,"footway":"sidewalk","maxheight":null,"oneway:bicycle":null,"bus":null,"wheelchair":null,"source:geometry":null,"operator":null,"motor_vehicle":null,"dog":null,"cycleway:both:lane":null,"parking:lanes:both":null,"maxweight:signed":null,"sidewalk:both:surface":null,"turn:lanes:forward":null,"horse":null,"mtb:scale:imba":null,"wikipedia":null,"wikidata":null,"segregated":null,"tunnel":null,"layer":null,"bridge":null,"foot":null,"turn:lanes:backward":null,"source:hgv:national_network":null,"hgv:national_network":null,"hgv":null,"alt_name":null,"parking:right:orientation":null,"parking:right":null,"parking:left:orientation":null,"parking:left":null,"cycleway:right":null,"sidewalk":null,"cycleway:both":null,"bicycle":null,"tiger:name_direction_suffix":null,"tracktype":null,"source:maxspeed":null,"smoothness":null,"parking:lane:both":null,"lanes:forward":null,"lanes:backward":null,"CDOT_route":null,"lit":null,"sidewalk:right":null,"sidewalk:left":null,"tiger:name_type_1":null,"tiger:name_direction_prefix_1":null,"tiger:name_base_1":null,"railway":null,"old_railway_operator":null,"name_1":null,"maxspeed":null,"cycleway":null,"ref":null,"tiger:name_direction_prefix":null,"parking:both:orientation":null,"parking:both":null,"oneway":null,"access":null,"service":null,"tiger:reviewed":null,"surface":null,"lanes":null,"tiger:name_type":null,"tiger:name_base":null,"tiger:county":null,"tiger:cfcc":null,"name":null,"is_in:state_code":null,"is_in:state":null,"is_in:city":null},"geometry":{"type":"LineString","coordinates":[[-106.8124097,39.1883122],[-106.8124282,39.1882072],[-106.8124642,39.1881159],[-106.8125047,39.188024]]}},
{"type":"Feature","properties":{"full_id":"w1553509222","osm_id":"1553509222","osm_type":"way","highway":"footway","crossing:markings":null,"crossing":null,"footway":"sidewalk","maxheight":null,"oneway:bicycle":null,"bus":null,"wheelchair":null,"source:geometry":null,"operator":null,"motor_vehicle":null,"dog":null,"cycleway:both:lane":null,"parking:lanes:both":null,"maxweight:signed":null,"sidewalk:both:surface":null,"turn:lanes:forward":null,"horse":null,"mtb:scale:imba":null,"wikipedia":null,"wikidata":null,"segregated":null,"tunnel":null,"layer":null,"bridge":null,"foot":null,"turn:lanes:backward":null,"source:hgv:national_network":null,"hgv:national_network":null,"hgv":null,"alt_name":null,"parking:right:orientation":null,"parking:right":null,"parking:left:orientation":null,"parking:left":null,"cycleway:right":null,"sidewalk":null,"cycleway:both":null,"bicycle":null,"tiger:name_direction_suffix":null,"tracktype":null,"source:maxspeed":null,"smoothness":null,"parking:lane:both":null,"lanes:forward":null,"lanes:backward":null,"CDOT_route":null,"lit":null,"sidewalk:right":null,"sidewalk:left":null,"tiger:name_type_1":null,"tiger:name_direction_prefix_1":null,"tiger:name_base_1":null,"railway":null,"old_railway_operator":null,"name_1":null,"maxspeed":null,"cycleway":null,"ref":null,"tiger:name_direction_prefix":null,"parking:both:orientation":null,"parking:both":null,"oneway":null,"access":null,"service":null,"tiger:reviewed":null,"surface":null,"lanes":null,"tiger:name_type":null,"tiger:name_base":null,"tiger:county":null,"tiger:cfcc":null,"name":null,"is_in:state_code":null,"is_in:state":null,"is_in:city":null},"geometry":{"type":"LineString","coordinates":[[-106.8125761,39.1883461],[-106.8126681,39.1880566],[-106.81267,39.1880335],[-106.8126734,39.1879906],[-106.81277,39.1877107]]}},
{"type":"Feature","properties":{"full_id":"w1553509223","osm_id":"1553509223","osm_type":"way","highway":"footway","crossing:markings":"yes","crossing":"uncontrolled","footway":"crossing","maxheight":null,"oneway:bicycle":null,"bus":null,"wheelchair":null,"source:geometry":null,"operator":null,"motor_vehicle":null,"dog":null,"cycleway:both:lane":null,"parking:lanes:both":null,"maxweight:signed":null,"sidewalk:both:surface":null,"turn:lanes:forward":null,"horse":null,"mtb:scale:imba":null,"wikipedia":null,"wikidata":null,"segregated":null,"tunnel":null,"layer":null,"bridge":null,"foot":null,"turn:lanes:backward":null,"source:hgv:national_network":null,"hgv:national_network":null,"hgv":null,"alt_name":null,"parking:right:orientation":null,"parking:right":null,"parking:left:orientation":null,"parking:left":null,"cycleway:right":null,"sidewalk":null,"cycleway:both":null,"bicycle":null,"tiger:name_direction_suffix":null,"tracktype":null,"source:maxspeed":null,"smoothness":null,"parking:lane:both":null,"lanes:forward":null,"lanes:backward":null,"CDOT_route":null,"lit":null,"sidewalk:right":null,"sidewalk:left":null,"tiger:name_type_1":null,"tiger:name_direction_prefix_1":null,"tiger:name_base_1":null,"railway":null,"old_railway_operator":null,"name_1":null,"maxspeed":null,"cycleway":null,"ref":null,"tiger:name_direction_prefix":null,"parking:both:orientation":null,"parking:both":null,"oneway":null,"access":null,"service":null,"tiger:reviewed":null,"surface":null,"lanes":null,"tiger:name_type":null,"tiger:name_base":null,"tiger:county":null,"tiger:cfcc":null,"name":null,"is_in:state_code":null,"is_in:state":null,"is_in:city":null},"geometry":{"type":"LineString","coordinates":[[-106.81277,39.1877107],[-106.8127004,39.1876969],[-106.812618,39.1876807]]}},
{"type":"Feature","properties":{"full_id":"w1553509224","osm_id":"1553509224","osm_type":"way","highway":"footway","crossing:markings":"yes","crossing":"uncontrolled","footway":"crossing","maxheight":null,"oneway:bicycle":null,"bus":null,"wheelchair":null,"source:geometry":null,"operator":null,"motor_vehicle":null,"dog":null,"cycleway:both:lane":null,"parking:lanes:both":null,"maxweight:signed":null,"sidewalk:both:surface":null,"turn:lanes:forward":null,"horse":null,"mtb:scale:imba":null,"wikipedia":null,"wikidata":null,"segregated":null,"tunnel":null,"layer":null,"bridge":null,"foot":null,"turn:lanes:backward":null,"source:hgv:national_network":null,"hgv:national_network":null,"hgv":null,"alt_name":null,"parking:right:orientation":null,"parking:right":null,"parking:left:orientation":null,"parking:left":null,"cycleway:right":null,"sidewalk":null,"cycleway:both":null,"bicycle":null,"tiger:name_direction_suffix":null,"tracktype":null,"source:maxspeed":null,"smoothness":null,"parking:lane:both":null,"lanes:forward":null,"lanes:backward":null,"CDOT_route":null,"lit":null,"sidewalk:right":null,"sidewalk:left":null,"tiger:name_type_1":null,"tiger:name_direction_prefix_1":null,"tiger:name_base_1":null,"railway":null,"old_railway_operator":null,"name_1":null,"maxspeed":null,"cycleway":null,"ref":null,"tiger:name_direction_prefix":null,"parking:both:orientation":null,"parking:both":null,"oneway":null,"access":null,"service":null,"tiger:reviewed":null,"surface":null,"lanes":null,"tiger:name_type":null,"tiger:name_base":null,"tiger:county":null,"tiger:cfcc":null,"name":null,"is_in:state_code":null,"is_in:state":null,"is_in:city":null},"geometry":{"type":"LineString","coordinates":[[-106.8127938,39.1876984],[-106.8128128,39.1876413],[-106.8128342,39.1875772]]}},
{"type":"Feature","properties":{"full_id":"w1553509225","osm_id":"1553509225","osm_type":"way","highway":"footway","crossing:markings":"yes","crossing":"uncontrolled","footway":"crossing","maxheight":null,"oneway:bicycle":null,"bus":null,"wheelchair":null,"source:geometry":null,"operator":null,"motor_vehicle":null,"dog":null,"cycleway:both:lane":null,"parking:lanes:both":null,"maxweight:signed":null,"sidewalk:both:surface":null,"turn:lanes:forward":null,"horse":null,"mtb:scale:imba":null,"wikipedia":null,"wikidata":null,"segregated":null,"tunnel":null,"layer":null,"bridge":null,"foot":null,"turn:lanes:backward":null,"source:hgv:national_network":null,"hgv:national_network":null,"hgv":null,"alt_name":null,"parking:right:orientation":null,"parking:right":null,"parking:left:orientation":null,"parking:left":null,"cycleway:right":null,"sidewalk":null,"cycleway:both":null,"bicycle":null,"tiger:name_direction_suffix":null,"tracktype":null,"source:maxspeed":null,"smoothness":null,"parking:lane:both":null,"lanes:forward":null,"lanes:backward":null,"CDOT_route":null,"lit":null,"sidewalk:right":null,"sidewalk:left":null,"tiger:name_type_1":null,"tiger:name_direction_prefix_1":null,"tiger:name_base_1":null,"railway":null,"old_railway_operator":null,"name_1":null,"maxspeed":null,"cycleway":null,"ref":null,"tiger:name_direction_prefix":null,"parking:both:orientation":null,"parking:both":null,"oneway":null,"access":null,"service":null,"tiger:reviewed":null,"surface":null,"lanes":null,"tiger:name_type":null,"tiger:name_base":null,"tiger:county":null,"tiger:cfcc":null,"name":null,"is_in:state_code":null,"is_in:state":null,"is_in:city":null},"geometry":{"type":"LineString","coordinates":[[-106.8126004,39.1876575],[-106.8126204,39.1876018],[-106.8126444,39.1875349]]}},
{"type":"Feature","properties":{"full_id":"w1553509226","osm_id":"1553509226","osm_type":"way","highway":"footway","crossing:markings":"yes","crossing":"uncontrolled","footway":"crossing","maxheight":null,"oneway:bicycle":null,"bus":null,"wheelchair":null,"source:geometry":null,"operator":null,"motor_vehicle":null,"dog":null,"cycleway:both:lane":null,"parking:lanes:both":null,"maxweight:signed":null,"sidewalk:both:surface":null,"turn:lanes:forward":null,"horse":null,"mtb:scale:imba":null,"wikipedia":null,"wikidata":null,"segregated":null,"tunnel":null,"layer":null,"bridge":null,"foot":null,"turn:lanes:backward":null,"source:hgv:national_network":null,"hgv:national_network":null,"hgv":null,"alt_name":null,"parking:right:orientation":null,"parking:right":null,"parking:left:orientation":null,"parking:left":null,"cycleway:right":null,"sidewalk":null,"cycleway:both":null,"bicycle":null,"tiger:name_direction_suffix":null,"tracktype":null,"source:maxspeed":null,"smoothness":null,"parking:lane:both":null,"lanes:forward":null,"lanes:backward":null,"CDOT_route":null,"lit":null,"sidewalk:right":null,"sidewalk:left":null,"tiger:name_type_1":null,"tiger:name_direction_prefix_1":null,"tiger:name_base_1":null,"railway":null,"old_railway_operator":null,"name_1":null,"maxspeed":null,"cycleway":null,"ref":null,"tiger:name_direction_prefix":null,"parking:both:orientation":null,"parking:both":null,"oneway":null,"access":null,"service":null,"tiger:reviewed":null,"surface":null,"lanes":null,"tiger:name_type":null,"tiger:name_base":null,"tiger:county":null,"tiger:cfcc":null,"name":null,"is_in:state_code":null,"is_in:state":null,"is_in:city":null},"geometry":{"type":"LineString","coordinates":[[-106.8126699,39.1875288],[-106.8127507,39.187544],[-106.8128149,39.187556]]}},
{"type":"Feature","properties":{"full_id":"w1553509227","osm_id":"1553509227","osm_type":"way","highway":"footway","crossing:markings":null,"crossing":null,"footway":"sidewalk","maxheight":null,"oneway:bicycle":null,"bus":null,"wheelchair":null,"source:geometry":null,"operator":null,"motor_vehicle":null,"dog":null,"cycleway:both:lane":null,"parking:lanes:both":null,"maxweight:signed":null,"sidewalk:both:surface":null,"turn:lanes:forward":null,"horse":null,"mtb:scale:imba":null,"wikipedia":null,"wikidata":null,"segregated":null,"tunnel":null,"layer":null,"bridge":null,"foot":null,"turn:lanes:backward":null,"source:hgv:national_network":null,"hgv:national_network":null,"hgv":null,"alt_name":null,"parking:right:orientation":null,"parking:right":null,"parking:left:orientation":null,"parking:left":null,"cycleway:right":null,"sidewalk":null,"cycleway:both":null,"bicycle":null,"tiger:name_direction_suffix":null,"tracktype":null,"source:maxspeed":null,"smoothness":null,"parking:lane:both":null,"lanes:forward":null,"lanes:backward":null,"CDOT_route":null,"lit":null,"sidewalk:right":null,"sidewalk:left":null,"tiger:name_type_1":null,"tiger:name_direction_prefix_1":null,"tiger:name_base_1":null,"railway":null,"old_railway_operator":null,"name_1":null,"maxspeed":null,"cycleway":null,"ref":null,"tiger:name_direction_prefix":null,"parking:both:orientation":null,"parking:both":null,"oneway":null,"access":null,"service":null,"tiger:reviewed":null,"surface":null,"lanes":null,"tiger:name_type":null,"tiger:name_base":null,"tiger:county":null,"tiger:cfcc":null,"name":null,"is_in:state_code":null,"is_in:state":null,"is_in:city":null},"geometry":{"type":"LineString","coordinates":[[-106.8128342,39.1875772],[-106.8128149,39.187556]]}},
{"type":"Feature","properties":{"full_id":"w1553509228","osm_id":"1553509228","osm_type":"way","highway":"footway","crossing:markings":null,"crossing":null,"footway":"sidewalk","maxheight":null,"oneway:bicycle":null,"bus":null,"wheelchair":null,"source:geometry":null,"operator":null,"motor_vehicle":null,"dog":null,"cycleway:both:lane":null,"parking:lanes:both":null,"maxweight:signed":null,"sidewalk:both:surface":null,"turn:lanes:forward":null,"horse":null,"mtb:scale:imba":null,"wikipedia":null,"wikidata":null,"segregated":null,"tunnel":null,"layer":null,"bridge":null,"foot":null,"turn:lanes:backward":null,"source:hgv:national_network":null,"hgv:national_network":null,"hgv":null,"alt_name":null,"parking:right:orientation":null,"parking:right":null,"parking:left:orientation":null,"parking:left":null,"cycleway:right":null,"sidewalk":null,"cycleway:both":null,"bicycle":null,"tiger:name_direction_suffix":null,"tracktype":null,"source:maxspeed":null,"smoothness":null,"parking:lane:both":null,"lanes:forward":null,"lanes:backward":null,"CDOT_route":null,"lit":null,"sidewalk:right":null,"sidewalk:left":null,"tiger:name_type_1":null,"tiger:name_direction_prefix_1":null,"tiger:name_base_1":null,"railway":null,"old_railway_operator":null,"name_1":null,"maxspeed":null,"cycleway":null,"ref":null,"tiger:name_direction_prefix":null,"parking:both:orientation":null,"parking:both":null,"oneway":null,"access":null,"service":null,"tiger:reviewed":null,"surface":null,"lanes":null,"tiger:name_type":null,"tiger:name_base":null,"tiger:county":null,"tiger:cfcc":null,"name":null,"is_in:state_code":null,"is_in:state":null,"is_in:city":null},"geometry":{"type":"LineString","coordinates":[[-106.812618,39.1876807],[-106.8126004,39.1876575]]}},
{"type":"Feature","properties":{"full_id":"w1553509229","osm_id":"1553509229","osm_type":"way","highway":"footway","crossing:markings":null,"crossing":null,"footway":"sidewalk","maxheight":null,"oneway:bicycle":null,"bus":null,"wheelchair":null,"source:geometry":null,"operator":null,"motor_vehicle":null,"dog":null,"cycleway:both:lane":null,"parking:lanes:both":null,"maxweight:signed":null,"sidewalk:both:surface":null,"turn:lanes:forward":null,"horse":null,"mtb:scale:imba":null,"wikipedia":null,"wikidata":null,"segregated":null,"tunnel":null,"layer":null,"bridge":null,"foot":null,"turn:lanes:backward":null,"source:hgv:national_network":null,"hgv:national_network":null,"hgv":null,"alt_name":null,"parking:right:orientation":null,"parking:right":null,"parking:left:orientation":null,"parking:left":null,"cycleway:right":null,"sidewalk":null,"cycleway:both":null,"bicycle":null,"tiger:name_direction_suffix":null,"tracktype":null,"source:maxspeed":null,"smoothness":null,"parking:lane:both":null,"lanes:forward":null,"lanes:backward":null,"CDOT_route":null,"lit":null,"sidewalk:right":null,"sidewalk:left":null,"tiger:name_type_1":null,"tiger:name_direction_prefix_1":null,"tiger:name_base_1":null,"railway":null,"old_railway_operator":null,"name_1":null,"maxspeed":null,"cycleway":null,"ref":null,"tiger:name_direction_prefix":null,"parking:both:orientation":null,"parking:both":null,"oneway":null,"access":null,"service":null,"tiger:reviewed":null,"surface":null,"lanes":null,"tiger:name_type":null,"tiger:name_base":null,"tiger:county":null,"tiger:cfcc":null,"name":null,"is_in:state_code":null,"is_in:state":null,"is_in:city":null},"geometry":{"type":"LineString","coordinates":[[-106.8127938,39.1876984],[-106.81277,39.1877107]]}},
{"type":"Feature","properties":{"full_id":"w1553509230","osm_id":"1553509230","osm_type":"way","highway":"footway","crossing:markings":null,"crossing":null,"footway":"sidewalk","maxheight":null,"oneway:bicycle":null,"bus":null,"wheelchair":null,"source:geometry":null,"operator":null,"motor_vehicle":null,"dog":null,"cycleway:both:lane":null,"parking:lanes:both":null,"maxweight:signed":null,"sidewalk:both:surface":null,"turn:lanes:forward":null,"horse":null,"mtb:scale:imba":null,"wikipedia":null,"wikidata":null,"segregated":null,"tunnel":null,"layer":null,"bridge":null,"foot":null,"turn:lanes:backward":null,"source:hgv:national_network":null,"hgv:national_network":null,"hgv":null,"alt_name":null,"parking:right:orientation":null,"parking:right":null,"parking:left:orientation":null,"parking:left":null,"cycleway:right":null,"sidewalk":null,"cycleway:both":null,"bicycle":null,"tiger:name_direction_suffix":null,"tracktype":null,"source:maxspeed":null,"smoothness":null,"parking:lane:both":null,"lanes:forward":null,"lanes:backward":null,"CDOT_route":null,"lit":null,"sidewalk:right":null,"sidewalk:left":null,"tiger:name_type_1":null,"tiger:name_direction_prefix_1":null,"tiger:name_base_1":null,"railway":null,"old_railway_operator":null,"name_1":null,"maxspeed":null,"cycleway":null,"ref":null,"tiger:name_direction_prefix":null,"parking:both:orientation":null,"parking:both":null,"oneway":null,"access":null,"service":null,"tiger:reviewed":null,"surface":null,"lanes":null,"tiger:name_type":null,"tiger:name_base":null,"tiger:county":null,"tiger:cfcc":null,"name":null,"is_in:state_code":null,"is_in:state":null,"is_in:city":null},"geometry":{"type":"LineString","coordinates":[[-106.8126444,39.1875349],[-106.8126699,39.1875288]]}},
{"type":"Feature","properties":{"full_id":"w1553509231","osm_id":"1553509231","osm_type":"way","highway":"footway","crossing:markings":null,"crossing":null,"footway":"sidewalk","maxheight":null,"oneway:bicycle":null,"bus":null,"wheelchair":null,"source:geometry":null,"operator":null,"motor_vehicle":null,"dog":null,"cycleway:both:lane":null,"parking:lanes:both":null,"maxweight:signed":null,"sidewalk:both:surface":null,"turn:lanes:forward":null,"horse":null,"mtb:scale:imba":null,"wikipedia":null,"wikidata":null,"segregated":null,"tunnel":null,"layer":null,"bridge":null,"foot":null,"turn:lanes:backward":null,"source:hgv:national_network":null,"hgv:national_network":null,"hgv":null,"alt_name":null,"parking:right:orientation":null,"parking:right":null,"parking:left:orientation":null,"parking:left":null,"cycleway:right":null,"sidewalk":null,"cycleway:both":null,"bicycle":null,"tiger:name_direction_suffix":null,"tracktype":null,"source:maxspeed":null,"smoothness":null,"parking:lane:both":null,"lanes:forward":null,"lanes:backward":null,"CDOT_route":null,"lit":null,"sidewalk:right":null,"sidewalk:left":null,"tiger:name_type_1":null,"tiger:name_direction_prefix_1":null,"tiger:name_base_1":null,"railway":null,"old_railway_operator":null,"name_1":null,"maxspeed":null,"cycleway":null,"ref":null,"tiger:name_direction_prefix":null,"parking:both:orientation":null,"parking:both":null,"oneway":null,"access":null,"service":null,"tiger:reviewed":null,"surface":null,"lanes":null,"tiger:name_type":null,"tiger:name_base":null,"tiger:county":null,"tiger:cfcc":null,"name":null,"is_in:state_code":null,"is_in:state":null,"is_in:city":null},"geometry":{"type":"LineString","coordinates":[[-106.8126004,39.1876575],[-106.8120205,39.187539],[-106.8119836,39.1875397],[-106.8119537,39.1875513],[-106.8119159,39.1875595],[-106.8118737,39.1875499],[-106.811843,39.1875356]]}},
{"type":"Feature","properties":{"full_id":"w1553509232","osm_id":"1553509232","osm_type":"way","highway":"footway","crossing:markings":null,"crossing":null,"footway":"sidewalk","maxheight":null,"oneway:bicycle":null,"bus":null,"wheelchair":null,"source:geometry":null,"operator":null,"motor_vehicle":null,"dog":null,"cycleway:both:lane":null,"parking:lanes:both":null,"maxweight:signed":null,"sidewalk:both:surface":null,"turn:lanes:forward":null,"horse":null,"mtb:scale:imba":null,"wikipedia":null,"wikidata":null,"segregated":null,"tunnel":null,"layer":null,"bridge":null,"foot":null,"turn:lanes:backward":null,"source:hgv:national_network":null,"hgv:national_network":null,"hgv":null,"alt_name":null,"parking:right:orientation":null,"parking:right":null,"parking:left:orientation":null,"parking:left":null,"cycleway:right":null,"sidewalk":null,"cycleway:both":null,"bicycle":null,"tiger:name_direction_suffix":null,"tracktype":null,"source:maxspeed":null,"smoothness":null,"parking:lane:both":null,"lanes:forward":null,"lanes:backward":null,"CDOT_route":null,"lit":null,"sidewalk:right":null,"sidewalk:left":null,"tiger:name_type_1":null,"tiger:name_direction_prefix_1":null,"tiger:name_base_1":null,"railway":null,"old_railway_operator":null,"name_1":null,"maxspeed":null,"cycleway":null,"ref":null,"tiger:name_direction_prefix":null,"parking:both:orientation":null,"parking:both":null,"oneway":null,"access":null,"service":null,"tiger:reviewed":null,"surface":null,"lanes":null,"tiger:name_type":null,"tiger:name_base":null,"tiger:county":null,"tiger:cfcc":null,"name":null,"is_in:state_code":null,"is_in:state":null,"is_in:city":null},"geometry":{"type":"LineString","coordinates":[[-106.8126444,39.1875349],[-106.812517,39.1875091],[-106.8125143,39.1874941],[-106.8124669,39.1874818],[-106.8122296,39.1874389],[-106.8121593,39.1874246],[-106.8120583,39.1874021],[-106.8119888,39.1873674]]}},
{"type":"Feature","properties":{"full_id":"w1553509233","osm_id":"1553509233","osm_type":"way","highway":"footway","crossing:markings":null,"crossing":null,"footway":"sidewalk","maxheight":null,"oneway:bicycle":null,"bus":null,"wheelchair":null,"source:geometry":null,"operator":null,"motor_vehicle":null,"dog":null,"cycleway:both:lane":null,"parking:lanes:both":null,"maxweight:signed":null,"sidewalk:both:surface":null,"turn:lanes:forward":null,"horse":null,"mtb:scale:imba":null,"wikipedia":null,"wikidata":null,"segregated":null,"tunnel":null,"layer":null,"bridge":null,"foot":null,"turn:lanes:backward":null,"source:hgv:national_network":null,"hgv:national_network":null,"hgv":null,"alt_name":null,"parking:right:orientation":null,"parking:right":null,"parking:left:orientation":null,"parking:left":null,"cycleway:right":null,"sidewalk":null,"cycleway:both":null,"bicycle":null,"tiger:name_direction_suffix":null,"tracktype":null,"source:maxspeed":null,"smoothness":null,"parking:lane:both":null,"lanes:forward":null,"lanes:backward":null,"CDOT_route":null,"lit":null,"sidewalk:right":null,"sidewalk:left":null,"tiger:name_type_1":null,"tiger:name_direction_prefix_1":null,"tiger:name_base_1":null,"railway":null,"old_railway_operator":null,"name_1":null,"maxspeed":null,"cycleway":null,"ref":null,"tiger:name_direction_prefix":null,"parking:both:orientation":null,"parking:both":null,"oneway":null,"access":null,"service":null,"tiger:reviewed":null,"surface":null,"lanes":null,"tiger:name_type":null,"tiger:name_base":null,"tiger:county":null,"tiger:cfcc":null,"name":null,"is_in:state_code":null,"is_in:state":null,"is_in:city":null},"geometry":{"type":"LineString","coordinates":[[-106.8128149,39.187556],[-106.812846,39.1875625],[-106.8134511,39.1876882],[-106.8134967,39.1877134],[-106.8138298,39.1877815]]}},
{"type":"Feature","properties":{"full_id":"w1553509234","osm_id":"1553509234","osm_type":"way","highway":"footway","crossing:markings":null,"crossing":null,"footway":"sidewalk","maxheight":null,"oneway:bicycle":null,"bus":null,"wheelchair":null,"source:geometry":null,"operator":null,"motor_vehicle":null,"dog":null,"cycleway:both:lane":null,"parking:lanes:both":null,"maxweight:signed":null,"sidewalk:both:surface":null,"turn:lanes:forward":null,"horse":null,"mtb:scale:imba":null,"wikipedia":null,"wikidata":null,"segregated":null,"tunnel":null,"layer":null,"bridge":null,"foot":null,"turn:lanes:backward":null,"source:hgv:national_network":null,"hgv:national_network":null,"hgv":null,"alt_name":null,"parking:right:orientation":null,"parking:right":null,"parking:left:orientation":null,"parking:left":null,"cycleway:right":null,"sidewalk":null,"cycleway:both":null,"bicycle":null,"tiger:name_direction_suffix":null,"tracktype":null,"source:maxspeed":null,"smoothness":null,"parking:lane:both":null,"lanes:forward":null,"lanes:backward":null,"CDOT_route":null,"lit":null,"sidewalk:right":null,"sidewalk:left":null,"tiger:name_type_1":null,"tiger:name_direction_prefix_1":null,"tiger:name_base_1":null,"railway":null,"old_railway_operator":null,"name_1":null,"maxspeed":null,"cycleway":null,"ref":null,"tiger:name_direction_prefix":null,"parking:both:orientation":null,"parking:both":null,"oneway":null,"access":null,"service":null,"tiger:reviewed":null,"surface":null,"lanes":null,"tiger:name_type":null,"tiger:name_base":null,"tiger:county":null,"tiger:cfcc":null,"name":null,"is_in:state_code":null,"is_in:state":null,"is_in:city":null},"geometry":{"type":"LineString","coordinates":[[-106.812846,39.1875625],[-106.812937,39.187287]]}},
{"type":"Feature","properties":{"full_id":"w1553509235","osm_id":"1553509235","osm_type":"way","highway":"footway","crossing:markings":"yes","crossing":"uncontrolled","footway":"crossing","maxheight":null,"oneway:bicycle":null,"bus":null,"wheelchair":null,"source:geometry":null,"operator":null,"motor_vehicle":null,"dog":null,"cycleway:both:lane":null,"parking:lanes:both":null,"maxweight:signed":null,"sidewalk:both:surface":null,"turn:lanes:forward":null,"horse":null,"mtb:scale:imba":null,"wikipedia":null,"wikidata":null,"segregated":null,"tunnel":null,"layer":null,"bridge":null,"foot":null,"turn:lanes:backward":null,"source:hgv:national_network":null,"hgv:national_network":null,"hgv":null,"alt_name":null,"parking:right:orientation":null,"parking:right":null,"parking:left:orientation":null,"parking:left":null,"cycleway:right":null,"sidewalk":null,"cycleway:both":null,"bicycle":null,"tiger:name_direction_suffix":null,"tracktype":null,"source:maxspeed":null,"smoothness":null,"parking:lane:both":null,"lanes:forward":null,"lanes:backward":null,"CDOT_route":null,"lit":null,"sidewalk:right":null,"sidewalk:left":null,"tiger:name_type_1":null,"tiger:name_direction_prefix_1":null,"tiger:name_base_1":null,"railway":null,"old_railway_operator":null,"name_1":null,"maxspeed":null,"cycleway":null,"ref":null,"tiger:name_direction_prefix":null,"parking:both:orientation":null,"parking:both":null,"oneway":null,"access":null,"service":null,"tiger:reviewed":null,"surface":null,"lanes":null,"tiger:name_type":null,"tiger:name_base":null,"tiger:county":null,"tiger:cfcc":null,"name":null,"is_in:state_code":null,"is_in:state":null,"is_in:city":null},"geometry":{"type":"LineString","coordinates":[[-106.8138298,39.1877815],[-106.8138059,39.1878456],[-106.8137806,39.1879136]]}},
{"type":"Feature","properties":{"full_id":"w1553509236","osm_id":"1553509236","osm_type":"way","highway":"footway","crossing:markings":"yes","crossing":"uncontrolled","footway":"crossing","maxheight":null,"oneway:bicycle":null,"bus":null,"wheelchair":null,"source:geometry":null,"operator":null,"motor_vehicle":null,"dog":null,"cycleway:both:lane":null,"parking:lanes:both":null,"maxweight:signed":null,"sidewalk:both:surface":null,"turn:lanes:forward":null,"horse":null,"mtb:scale:imba":null,"wikipedia":null,"wikidata":null,"segregated":null,"tunnel":null,"layer":null,"bridge":null,"foot":null,"turn:lanes:backward":null,"source:hgv:national_network":null,"hgv:national_network":null,"hgv":null,"alt_name":null,"parking:right:orientation":null,"parking:right":null,"parking:left:orientation":null,"parking:left":null,"cycleway:right":null,"sidewalk":null,"cycleway:both":null,"bicycle":null,"tiger:name_direction_suffix":null,"tracktype":null,"source:maxspeed":null,"smoothness":null,"parking:lane:both":null,"lanes:forward":null,"lanes:backward":null,"CDOT_route":null,"lit":null,"sidewalk:right":null,"sidewalk:left":null,"tiger:name_type_1":null,"tiger:name_direction_prefix_1":null,"tiger:name_base_1":null,"railway":null,"old_railway_operator":null,"name_1":null,"maxspeed":null,"cycleway":null,"ref":null,"tiger:name_direction_prefix":null,"parking:both:orientation":null,"parking:both":null,"oneway":null,"access":null,"service":null,"tiger:reviewed":null,"surface":null,"lanes":null,"tiger:name_type":null,"tiger:name_base":null,"tiger:county":null,"tiger:cfcc":null,"name":null,"is_in:state_code":null,"is_in:state":null,"is_in:city":null},"geometry":{"type":"LineString","coordinates":[[-106.8140011,39.1879504],[-106.8140219,39.1878899],[-106.8140424,39.1878298]]}},
{"type":"Feature","properties":{"full_id":"w1553509237","osm_id":"1553509237","osm_type":"way","highway":"footway","crossing:markings":"yes","crossing":"uncontrolled","footway":"crossing","maxheight":null,"oneway:bicycle":null,"bus":null,"wheelchair":null,"source:geometry":null,"operator":null,"motor_vehicle":null,"dog":null,"cycleway:both:lane":null,"parking:lanes:both":null,"maxweight:signed":null,"sidewalk:both:surface":null,"turn:lanes:forward":null,"horse":null,"mtb:scale:imba":null,"wikipedia":null,"wikidata":null,"segregated":null,"tunnel":null,"layer":null,"bridge":null,"foot":null,"turn:lanes:backward":null,"source:hgv:national_network":null,"hgv:national_network":null,"hgv":null,"alt_name":null,"parking:right:orientation":null,"parking:right":null,"parking:left:orientation":null,"parking:left":null,"cycleway:right":null,"sidewalk":null,"cycleway:both":null,"bicycle":null,"tiger:name_direction_suffix":null,"tracktype":null,"source:maxspeed":null,"smoothness":null,"parking:lane:both":null,"lanes:forward":null,"lanes:backward":null,"CDOT_route":null,"lit":null,"sidewalk:right":null,"sidewalk:left":null,"tiger:name_type_1":null,"tiger:name_direction_prefix_1":null,"tiger:name_base_1":null,"railway":null,"old_railway_operator":null,"name_1":null,"maxspeed":null,"cycleway":null,"ref":null,"tiger:name_direction_prefix":null,"parking:both:orientation":null,"parking:both":null,"oneway":null,"access":null,"service":null,"tiger:reviewed":null,"surface":null,"lanes":null,"tiger:name_type":null,"tiger:name_base":null,"tiger:county":null,"tiger:cfcc":null,"name":null,"is_in:state_code":null,"is_in:state":null,"is_in:city":null},"geometry":{"type":"LineString","coordinates":[[-106.8138298,39.1877815],[-106.8139268,39.1877969],[-106.8140011,39.1878087]]}},
{"type":"Feature","properties":{"full_id":"w1553509238","osm_id":"1553509238","osm_type":"way","highway":"footway","crossing:markings":"yes","crossing":"uncontrolled","footway":"crossing","maxheight":null,"oneway:bicycle":null,"bus":null,"wheelchair":null,"source:geometry":null,"operator":null,"motor_vehicle":null,"dog":null,"cycleway:both:lane":null,"parking:lanes:both":null,"maxweight:signed":null,"sidewalk:both:surface":null,"turn:lanes:forward":null,"horse":null,"mtb:scale:imba":null,"wikipedia":null,"wikidata":null,"segregated":null,"tunnel":null,"layer":null,"bridge":null,"foot":null,"turn:lanes:backward":null,"source:hgv:national_network":null,"hgv:national_network":null,"hgv":null,"alt_name":null,"parking:right:orientation":null,"parking:right":null,"parking:left:orientation":null,"parking:left":null,"cycleway:right":null,"sidewalk":null,"cycleway:both":null,"bicycle":null,"tiger:name_direction_suffix":null,"tracktype":null,"source:maxspeed":null,"smoothness":null,"parking:lane:both":null,"lanes:forward":null,"lanes:backward":null,"CDOT_route":null,"lit":null,"sidewalk:right":null,"sidewalk:left":null,"tiger:name_type_1":null,"tiger:name_direction_prefix_1":null,"tiger:name_base_1":null,"railway":null,"old_railway_operator":null,"name_1":null,"maxspeed":null,"cycleway":null,"ref":null,"tiger:name_direction_prefix":null,"parking:both:orientation":null,"parking:both":null,"oneway":null,"access":null,"service":null,"tiger:reviewed":null,"surface":null,"lanes":null,"tiger:name_type":null,"tiger:name_base":null,"tiger:county":null,"tiger:cfcc":null,"name":null,"is_in:state_code":null,"is_in:state":null,"is_in:city":null},"geometry":{"type":"LineString","coordinates":[[-106.8139484,39.1879477],[-106.8138838,39.1879346],[-106.8137806,39.1879136]]}},
{"type":"Feature","properties":{"full_id":"w1553509239","osm_id":"1553509239","osm_type":"way","highway":"footway","crossing:markings":null,"crossing":null,"footway":"sidewalk","maxheight":null,"oneway:bicycle":null,"bus":null,"wheelchair":null,"source:geometry":null,"operator":null,"motor_vehicle":null,"dog":null,"cycleway:both:lane":null,"parking:lanes:both":null,"maxweight:signed":null,"sidewalk:both:surface":null,"turn:lanes:forward":null,"horse":null,"mtb:scale:imba":null,"wikipedia":null,"wikidata":null,"segregated":null,"tunnel":null,"layer":null,"bridge":null,"foot":null,"turn:lanes:backward":null,"source:hgv:national_network":null,"hgv:national_network":null,"hgv":null,"alt_name":null,"parking:right:orientation":null,"parking:right":null,"parking:left:orientation":null,"parking:left":null,"cycleway:right":null,"sidewalk":null,"cycleway:both":null,"bicycle":null,"tiger:name_direction_suffix":null,"tracktype":null,"source:maxspeed":null,"smoothness":null,"parking:lane:both":null,"lanes:forward":null,"lanes:backward":null,"CDOT_route":null,"lit":null,"sidewalk:right":null,"sidewalk:left":null,"tiger:name_type_1":null,"tiger:name_direction_prefix_1":null,"tiger:name_base_1":null,"railway":null,"old_railway_operator":null,"name_1":null,"maxspeed":null,"cycleway":null,"ref":null,"tiger:name_direction_prefix":null,"parking:both:orientation":null,"parking:both":null,"oneway":null,"access":null,"service":null,"tiger:reviewed":null,"surface":null,"lanes":null,"tiger:name_type":null,"tiger:name_base":null,"tiger:county":null,"tiger:cfcc":null,"name":null,"is_in:state_code":null,"is_in:state":null,"is_in:city":null},"geometry":{"type":"LineString","coordinates":[[-106.8140011,39.1878087],[-106.8140495,39.1878155],[-106.8140424,39.1878298]]}},
{"type":"Feature","properties":{"full_id":"w1553509240","osm_id":"1553509240","osm_type":"way","highway":"footway","crossing:markings":null,"crossing":null,"footway":"sidewalk","maxheight":null,"oneway:bicycle":null,"bus":null,"wheelchair":null,"source:geometry":null,"operator":null,"motor_vehicle":null,"dog":null,"cycleway:both:lane":null,"parking:lanes:both":null,"maxweight:signed":null,"sidewalk:both:surface":null,"turn:lanes:forward":null,"horse":null,"mtb:scale:imba":null,"wikipedia":null,"wikidata":null,"segregated":null,"tunnel":null,"layer":null,"bridge":null,"foot":null,"turn:lanes:backward":null,"source:hgv:national_network":null,"hgv:national_network":null,"hgv":null,"alt_name":null,"parking:right:orientation":null,"parking:right":null,"parking:left:orientation":null,"parking:left":null,"cycleway:right":null,"sidewalk":null,"cycleway:both":null,"bicycle":null,"tiger:name_direction_suffix":null,"tracktype":null,"source:maxspeed":null,"smoothness":null,"parking:lane:both":null,"lanes:forward":null,"lanes:backward":null,"CDOT_route":null,"lit":null,"sidewalk:right":null,"sidewalk:left":null,"tiger:name_type_1":null,"tiger:name_direction_prefix_1":null,"tiger:name_base_1":null,"railway":null,"old_railway_operator":null,"name_1":null,"maxspeed":null,"cycleway":null,"ref":null,"tiger:name_direction_prefix":null,"parking:both:orientation":null,"parking:both":null,"oneway":null,"access":null,"service":null,"tiger:reviewed":null,"surface":null,"lanes":null,"tiger:name_type":null,"tiger:name_base":null,"tiger:county":null,"tiger:cfcc":null,"name":null,"is_in:state_code":null,"is_in:state":null,"is_in:city":null},"geometry":{"type":"LineString","coordinates":[[-106.8139484,39.1879477],[-106.8139757,39.1879538],[-106.8140011,39.1879504]]}},
{"type":"Feature","properties":{"full_id":"w1553509241","osm_id":"1553509241","osm_type":"way","highway":"footway","crossing:markings":null,"crossing":null,"footway":"sidewalk","maxheight":null,"oneway:bicycle":null,"bus":null,"wheelchair":null,"source:geometry":null,"operator":null,"motor_vehicle":null,"dog":null,"cycleway:both:lane":null,"parking:lanes:both":null,"maxweight:signed":null,"sidewalk:both:surface":null,"turn:lanes:forward":null,"horse":null,"mtb:scale:imba":null,"wikipedia":null,"wikidata":null,"segregated":null,"tunnel":null,"layer":null,"bridge":null,"foot":null,"turn:lanes:backward":null,"source:hgv:national_network":null,"hgv:national_network":null,"hgv":null,"alt_name":null,"parking:right:orientation":null,"parking:right":null,"parking:left:orientation":null,"parking:left":null,"cycleway:right":null,"sidewalk":null,"cycleway:both":null,"bicycle":null,"tiger:name_direction_suffix":null,"tracktype":null,"source:maxspeed":null,"smoothness":null,"parking:lane:both":null,"lanes:forward":null,"lanes:backward":null,"CDOT_route":null,"lit":null,"sidewalk:right":null,"sidewalk:left":null,"tiger:name_type_1":null,"tiger:name_direction_prefix_1":null,"tiger:name_base_1":null,"railway":null,"old_railway_operator":null,"name_1":null,"maxspeed":null,"cycleway":null,"ref":null,"tiger:name_direction_prefix":null,"parking:both:orientation":null,"parking:both":null,"oneway":null,"access":null,"service":null,"tiger:reviewed":null,"surface":null,"lanes":null,"tiger:name_type":null,"tiger:name_base":null,"tiger:county":null,"tiger:cfcc":null,"name":null,"is_in:state_code":null,"is_in:state":null,"is_in:city":null},"geometry":{"type":"LineString","coordinates":[[-106.8140495,39.1878155],[-106.8149686,39.1880028]]}},
{"type":"Feature","properties":{"full_id":"w1553509242","osm_id":"1553509242","osm_type":"way","highway":"footway","crossing:markings":null,"crossing":null,"footway":"sidewalk","maxheight":null,"oneway:bicycle":null,"bus":null,"wheelchair":null,"source:geometry":null,"operator":null,"motor_vehicle":null,"dog":null,"cycleway:both:lane":null,"parking:lanes:both":null,"maxweight:signed":null,"sidewalk:both:surface":null,"turn:lanes:forward":null,"horse":null,"mtb:scale:imba":null,"wikipedia":null,"wikidata":null,"segregated":null,"tunnel":null,"layer":null,"bridge":null,"foot":null,"turn:lanes:backward":null,"source:hgv:national_network":null,"hgv:national_network":null,"hgv":null,"alt_name":null,"parking:right:orientation":null,"parking:right":null,"parking:left:orientation":null,"parking:left":null,"cycleway:right":null,"sidewalk":null,"cycleway:both":null,"bicycle":null,"tiger:name_direction_suffix":null,"tracktype":null,"source:maxspeed":null,"smoothness":null,"parking:lane:both":null,"lanes:forward":null,"lanes:backward":null,"CDOT_route":null,"lit":null,"sidewalk:right":null,"sidewalk:left":null,"tiger:name_type_1":null,"tiger:name_direction_prefix_1":null,"tiger:name_base_1":null,"railway":null,"old_railway_operator":null,"name_1":null,"maxspeed":null,"cycleway":null,"ref":null,"tiger:name_direction_prefix":null,"parking:both:orientation":null,"parking:both":null,"oneway":null,"access":null,"service":null,"tiger:reviewed":null,"surface":null,"lanes":null,"tiger:name_type":null,"tiger:name_base":null,"tiger:county":null,"tiger:cfcc":null,"name":null,"is_in:state_code":null,"is_in:state":null,"is_in:city":null},"geometry":{"type":"LineString","coordinates":[[-106.8140011,39.1879504],[-106.8140143,39.187962],[-106.8140767,39.1879749],[-106.8141338,39.1879879],[-106.8141734,39.1879845],[-106.8141848,39.1879865]]}},
{"type":"Feature","properties":{"full_id":"w1553509243","osm_id":"1553509243","osm_type":"way","highway":"footway","crossing:markings":null,"crossing":null,"footway":"sidewalk","maxheight":null,"oneway:bicycle":null,"bus":null,"wheelchair":null,"source:geometry":null,"operator":null,"motor_vehicle":null,"dog":null,"cycleway:both:lane":null,"parking:lanes:both":null,"maxweight:signed":null,"sidewalk:both:surface":null,"turn:lanes:forward":null,"horse":null,"mtb:scale:imba":null,"wikipedia":null,"wikidata":null,"segregated":null,"tunnel":null,"layer":null,"bridge":null,"foot":null,"turn:lanes:backward":null,"source:hgv:national_network":null,"hgv:national_network":null,"hgv":null,"alt_name":null,"parking:right:orientation":null,"parking:right":null,"parking:left:orientation":null,"parking:left":null,"cycleway:right":null,"sidewalk":null,"cycleway:both":null,"bicycle":null,"tiger:name_direction_suffix":null,"tracktype":null,"source:maxspeed":null,"smoothness":null,"parking:lane:both":null,"lanes:forward":null,"lanes:backward":null,"CDOT_route":null,"lit":null,"sidewalk:right":null,"sidewalk:left":null,"tiger:name_type_1":null,"tiger:name_direction_prefix_1":null,"tiger:name_base_1":null,"railway":null,"old_railway_operator":null,"name_1":null,"maxspeed":null,"cycleway":null,"ref":null,"tiger:name_direction_prefix":null,"parking:both:orientation":null,"parking:both":null,"oneway":null,"access":null,"service":null,"tiger:reviewed":null,"surface":null,"lanes":null,"tiger:name_type":null,"tiger:name_base":null,"tiger:county":null,"tiger:cfcc":null,"name":null,"is_in:state_code":null,"is_in:state":null,"is_in:city":null},"geometry":{"type":"LineString","coordinates":[[-106.8139757,39.1879538],[-106.8138746,39.1882405]]}},
{"type":"Feature","properties":{"full_id":"w1553509244","osm_id":"1553509244","osm_type":"way","highway":"footway","crossing:markings":null,"crossing":null,"footway":"sidewalk","maxheight":null,"oneway:bicycle":null,"bus":null,"wheelchair":null,"source:geometry":null,"operator":null,"motor_vehicle":null,"dog":null,"cycleway:both:lane":null,"parking:lanes:both":null,"maxweight:signed":null,"sidewalk:both:surface":null,"turn:lanes:forward":null,"horse":null,"mtb:scale:imba":null,"wikipedia":null,"wikidata":null,"segregated":null,"tunnel":null,"layer":null,"bridge":null,"foot":null,"turn:lanes:backward":null,"source:hgv:national_network":null,"hgv:national_network":null,"hgv":null,"alt_name":null,"parking:right:orientation":null,"parking:right":null,"parking:left:orientation":null,"parking:left":null,"cycleway:right":null,"sidewalk":null,"cycleway:both":null,"bicycle":null,"tiger:name_direction_suffix":null,"tracktype":null,"source:maxspeed":null,"smoothness":null,"parking:lane:both":null,"lanes:forward":null,"lanes:backward":null,"CDOT_route":null,"lit":null,"sidewalk:right":null,"sidewalk:left":null,"tiger:name_type_1":null,"tiger:name_direction_prefix_1":null,"tiger:name_base_1":null,"railway":null,"old_railway_operator":null,"name_1":null,"maxspeed":null,"cycleway":null,"ref":null,"tiger:name_direction_prefix":null,"parking:both:orientation":null,"parking:both":null,"oneway":null,"access":null,"service":null,"tiger:reviewed":null,"surface":null,"lanes":null,"tiger:name_type":null,"tiger:name_base":null,"tiger:county":null,"tiger:cfcc":null,"name":null,"is_in:state_code":null,"is_in:state":null,"is_in:city":null},"geometry":{"type":"LineString","coordinates":[[-106.8136549,39.1882542],[-106.8135602,39.1885431]]}},
{"type":"Feature","properties":{"full_id":"w1553509245","osm_id":"1553509245","osm_type":"way","highway":"footway","crossing:markings":"yes","crossing":"uncontrolled","footway":"crossing","maxheight":null,"oneway:bicycle":null,"bus":null,"wheelchair":null,"source:geometry":null,"operator":null,"motor_vehicle":null,"dog":null,"cycleway:both:lane":null,"parking:lanes:both":null,"maxweight:signed":null,"sidewalk:both:surface":null,"turn:lanes:forward":null,"horse":null,"mtb:scale:imba":null,"wikipedia":null,"wikidata":null,"segregated":null,"tunnel":null,"layer":null,"bridge":null,"foot":null,"turn:lanes:backward":null,"source:hgv:national_network":null,"hgv:national_network":null,"hgv":null,"alt_name":null,"parking:right:orientation":null,"parking:right":null,"parking:left:orientation":null,"parking:left":null,"cycleway:right":null,"sidewalk":null,"cycleway:both":null,"bicycle":null,"tiger:name_direction_suffix":null,"tracktype":null,"source:maxspeed":null,"smoothness":null,"parking:lane:both":null,"lanes:forward":null,"lanes:backward":null,"CDOT_route":null,"lit":null,"sidewalk:right":null,"sidewalk:left":null,"tiger:name_type_1":null,"tiger:name_direction_prefix_1":null,"tiger:name_base_1":null,"railway":null,"old_railway_operator":null,"name_1":null,"maxspeed":null,"cycleway":null,"ref":null,"tiger:name_direction_prefix":null,"parking:both:orientation":null,"parking:both":null,"oneway":null,"access":null,"service":null,"tiger:reviewed":null,"surface":null,"lanes":null,"tiger:name_type":null,"tiger:name_base":null,"tiger:county":null,"tiger:cfcc":null,"name":null,"is_in:state_code":null,"is_in:state":null,"is_in:city":null},"geometry":{"type":"LineString","coordinates":[[-106.8149686,39.1880028],[-106.8149523,39.1880812],[-106.8149414,39.1881336]]}},
{"type":"Feature","properties":{"full_id":"w1553509246","osm_id":"1553509246","osm_type":"way","highway":"footway","crossing:markings":"yes","crossing":"uncontrolled","footway":"crossing","maxheight":null,"oneway:bicycle":null,"bus":null,"wheelchair":null,"source:geometry":null,"operator":null,"motor_vehicle":null,"dog":null,"cycleway:both:lane":null,"parking:lanes:both":null,"maxweight:signed":null,"sidewalk:both:surface":null,"turn:lanes:forward":null,"horse":null,"mtb:scale:imba":null,"wikipedia":null,"wikidata":null,"segregated":null,"tunnel":null,"layer":null,"bridge":null,"foot":null,"turn:lanes:backward":null,"source:hgv:national_network":null,"hgv:national_network":null,"hgv":null,"alt_name":null,"parking:right:orientation":null,"parking:right":null,"parking:left:orientation":null,"parking:left":null,"cycleway:right":null,"sidewalk":null,"cycleway:both":null,"bicycle":null,"tiger:name_direction_suffix":null,"tracktype":null,"source:maxspeed":null,"smoothness":null,"parking:lane:both":null,"lanes:forward":null,"lanes:backward":null,"CDOT_route":null,"lit":null,"sidewalk:right":null,"sidewalk:left":null,"tiger:name_type_1":null,"tiger:name_direction_prefix_1":null,"tiger:name_base_1":null,"railway":null,"old_railway_operator":null,"name_1":null,"maxspeed":null,"cycleway":null,"ref":null,"tiger:name_direction_prefix":null,"parking:both:orientation":null,"parking:both":null,"oneway":null,"access":null,"service":null,"tiger:reviewed":null,"surface":null,"lanes":null,"tiger:name_type":null,"tiger:name_base":null,"tiger:county":null,"tiger:cfcc":null,"name":null,"is_in:state_code":null,"is_in:state":null,"is_in:city":null},"geometry":{"type":"LineString","coordinates":[[-106.8150178,39.1879899],[-106.8151061,39.1880096],[-106.8152006,39.1880308]]}},
{"type":"Feature","properties":{"full_id":"w1553509247","osm_id":"1553509247","osm_type":"way","highway":"footway","crossing:markings":null,"crossing":null,"footway":"sidewalk","maxheight":null,"oneway:bicycle":null,"bus":null,"wheelchair":null,"source:geometry":null,"operator":null,"motor_vehicle":null,"dog":null,"cycleway:both:lane":null,"parking:lanes:both":null,"maxweight:signed":null,"sidewalk:both:surface":null,"turn:lanes:forward":null,"horse":null,"mtb:scale:imba":null,"wikipedia":null,"wikidata":null,"segregated":null,"tunnel":null,"layer":null,"bridge":null,"foot":null,"turn:lanes:backward":null,"source:hgv:national_network":null,"hgv:national_network":null,"hgv":null,"alt_name":null,"parking:right:orientation":null,"parking:right":null,"parking:left:orientation":null,"parking:left":null,"cycleway:right":null,"sidewalk":null,"cycleway:both":null,"bicycle":null,"tiger:name_direction_suffix":null,"tracktype":null,"source:maxspeed":null,"smoothness":null,"parking:lane:both":null,"lanes:forward":null,"lanes:backward":null,"CDOT_route":null,"lit":null,"sidewalk:right":null,"sidewalk:left":null,"tiger:name_type_1":null,"tiger:name_direction_prefix_1":null,"tiger:name_base_1":null,"railway":null,"old_railway_operator":null,"name_1":null,"maxspeed":null,"cycleway":null,"ref":null,"tiger:name_direction_prefix":null,"parking:both:orientation":null,"parking:both":null,"oneway":null,"access":null,"service":null,"tiger:reviewed":null,"surface":null,"lanes":null,"tiger:name_type":null,"tiger:name_base":null,"tiger:county":null,"tiger:cfcc":null,"name":null,"is_in:state_code":null,"is_in:state":null,"is_in:city":null},"geometry":{"type":"LineString","coordinates":[[-106.8150178,39.1879899],[-106.8149863,39.1879982],[-106.8149686,39.1880028]]}},
{"type":"Feature","properties":{"full_id":"w1553509248","osm_id":"1553509248","osm_type":"way","highway":"footway","crossing:markings":null,"crossing":null,"footway":"sidewalk","maxheight":null,"oneway:bicycle":null,"bus":null,"wheelchair":null,"source:geometry":null,"operator":null,"motor_vehicle":null,"dog":null,"cycleway:both:lane":null,"parking:lanes:both":null,"maxweight:signed":null,"sidewalk:both:surface":null,"turn:lanes:forward":null,"horse":null,"mtb:scale:imba":null,"wikipedia":null,"wikidata":null,"segregated":null,"tunnel":null,"layer":null,"bridge":null,"foot":null,"turn:lanes:backward":null,"source:hgv:national_network":null,"hgv:national_network":null,"hgv":null,"alt_name":null,"parking:right:orientation":null,"parking:right":null,"parking:left:orientation":null,"parking:left":null,"cycleway:right":null,"sidewalk":null,"cycleway:both":null,"bicycle":null,"tiger:name_direction_suffix":null,"tracktype":null,"source:maxspeed":null,"smoothness":null,"parking:lane:both":null,"lanes:forward":null,"lanes:backward":null,"CDOT_route":null,"lit":null,"sidewalk:right":null,"sidewalk:left":null,"tiger:name_type_1":null,"tiger:name_direction_prefix_1":null,"tiger:name_base_1":null,"railway":null,"old_railway_operator":null,"name_1":null,"maxspeed":null,"cycleway":null,"ref":null,"tiger:name_direction_prefix":null,"parking:both:orientation":null,"parking:both":null,"oneway":null,"access":null,"service":null,"tiger:reviewed":null,"surface":null,"lanes":null,"tiger:name_type":null,"tiger:name_base":null,"tiger:county":null,"tiger:cfcc":null,"name":null,"is_in:state_code":null,"is_in:state":null,"is_in:city":null},"geometry":{"type":"LineString","coordinates":[[-106.8149863,39.1879982],[-106.81506,39.1877801],[-106.8150925,39.1877542],[-106.8150996,39.1877304],[-106.8151115,39.1876972],[-106.8151347,39.1876323],[-106.8151206,39.1876099],[-106.8152085,39.1873762],[-106.8149642,39.1873231],[-106.8149221,39.1873333],[-106.8147199,39.1872931],[-106.8142611,39.1871975],[-106.8142138,39.1871876]]}},
{"type":"Feature","properties":{"full_id":"w1553509249","osm_id":"1553509249","osm_type":"way","highway":"footway","crossing:markings":"yes","crossing":"uncontrolled","footway":"crossing","maxheight":null,"oneway:bicycle":null,"bus":null,"wheelchair":null,"source:geometry":null,"operator":null,"motor_vehicle":null,"dog":null,"cycleway:both:lane":null,"parking:lanes:both":null,"maxweight:signed":null,"sidewalk:both:surface":null,"turn:lanes:forward":null,"horse":null,"mtb:scale:imba":null,"wikipedia":null,"wikidata":null,"segregated":null,"tunnel":null,"layer":null,"bridge":null,"foot":null,"turn:lanes:backward":null,"source:hgv:national_network":null,"hgv:national_network":null,"hgv":null,"alt_name":null,"parking:right:orientation":null,"parking:right":null,"parking:left:orientation":null,"parking:left":null,"cycleway:right":null,"sidewalk":null,"cycleway:both":null,"bicycle":null,"tiger:name_direction_suffix":null,"tracktype":null,"source:maxspeed":null,"smoothness":null,"parking:lane:both":null,"lanes:forward":null,"lanes:backward":null,"CDOT_route":null,"lit":null,"sidewalk:right":null,"sidewalk:left":null,"tiger:name_type_1":null,"tiger:name_direction_prefix_1":null,"tiger:name_base_1":null,"railway":null,"old_railway_operator":null,"name_1":null,"maxspeed":null,"cycleway":null,"ref":null,"tiger:name_direction_prefix":null,"parking:both:orientation":null,"parking:both":null,"oneway":null,"access":null,"service":null,"tiger:reviewed":null,"surface":null,"lanes":null,"tiger:name_type":null,"tiger:name_base":null,"tiger:county":null,"tiger:cfcc":null,"name":null,"is_in:state_code":null,"is_in:state":null,"is_in:city":null},"geometry":{"type":"LineString","coordinates":[[-106.8142138,39.1871876],[-106.8141246,39.1871691],[-106.8140662,39.1871569]]}},
{"type":"Feature","properties":{"full_id":"w1553509250","osm_id":"1553509250","osm_type":"way","highway":"footway","crossing:markings":"yes","crossing":"uncontrolled","footway":"crossing","maxheight":null,"oneway:bicycle":null,"bus":null,"wheelchair":null,"source:geometry":null,"operator":null,"motor_vehicle":null,"dog":null,"cycleway:both:lane":null,"parking:lanes:both":null,"maxweight:signed":null,"sidewalk:both:surface":null,"turn:lanes:forward":null,"horse":null,"mtb:scale:imba":null,"wikipedia":null,"wikidata":null,"segregated":null,"tunnel":null,"layer":null,"bridge":null,"foot":null,"turn:lanes:backward":null,"source:hgv:national_network":null,"hgv:national_network":null,"hgv":null,"alt_name":null,"parking:right:orientation":null,"parking:right":null,"parking:left:orientation":null,"parking:left":null,"cycleway:right":null,"sidewalk":null,"cycleway:both":null,"bicycle":null,"tiger:name_direction_suffix":null,"tracktype":null,"source:maxspeed":null,"smoothness":null,"parking:lane:both":null,"lanes:forward":null,"lanes:backward":null,"CDOT_route":null,"lit":null,"sidewalk:right":null,"sidewalk:left":null,"tiger:name_type_1":null,"tiger:name_direction_prefix_1":null,"tiger:name_base_1":null,"railway":null,"old_railway_operator":null,"name_1":null,"maxspeed":null,"cycleway":null,"ref":null,"tiger:name_direction_prefix":null,"parking:both:orientation":null,"parking:both":null,"oneway":null,"access":null,"service":null,"tiger:reviewed":null,"surface":null,"lanes":null,"tiger:name_type":null,"tiger:name_base":null,"tiger:county":null,"tiger:cfcc":null,"name":null,"is_in:state_code":null,"is_in:state":null,"is_in:city":null},"geometry":{"type":"LineString","coordinates":[[-106.8142611,39.1871975],[-106.8142826,39.1871391],[-106.8142896,39.18712],[-106.8143096,39.1870657]]}},
{"type":"Feature","properties":{"full_id":"w1553509251","osm_id":"1553509251","osm_type":"way","highway":"footway","crossing:markings":null,"crossing":null,"footway":"sidewalk","maxheight":null,"oneway:bicycle":null,"bus":null,"wheelchair":null,"source:geometry":null,"operator":null,"motor_vehicle":null,"dog":null,"cycleway:both:lane":null,"parking:lanes:both":null,"maxweight:signed":null,"sidewalk:both:surface":null,"turn:lanes:forward":null,"horse":null,"mtb:scale:imba":null,"wikipedia":null,"wikidata":null,"segregated":null,"tunnel":null,"layer":null,"bridge":null,"foot":null,"turn:lanes:backward":null,"source:hgv:national_network":null,"hgv:national_network":null,"hgv":null,"alt_name":null,"parking:right:orientation":null,"parking:right":null,"parking:left:orientation":null,"parking:left":null,"cycleway:right":null,"sidewalk":null,"cycleway:both":null,"bicycle":null,"tiger:name_direction_suffix":null,"tracktype":null,"source:maxspeed":null,"smoothness":null,"parking:lane:both":null,"lanes:forward":null,"lanes:backward":null,"CDOT_route":null,"lit":null,"sidewalk:right":null,"sidewalk:left":null,"tiger:name_type_1":null,"tiger:name_direction_prefix_1":null,"tiger:name_base_1":null,"railway":null,"old_railway_operator":null,"name_1":null,"maxspeed":null,"cycleway":null,"ref":null,"tiger:name_direction_prefix":null,"parking:both:orientation":null,"parking:both":null,"oneway":null,"access":null,"service":null,"tiger:reviewed":null,"surface":null,"lanes":null,"tiger:name_type":null,"tiger:name_base":null,"tiger:county":null,"tiger:cfcc":null,"name":null,"is_in:state_code":null,"is_in:state":null,"is_in:city":null},"geometry":{"type":"LineString","coordinates":[[-106.8143096,39.1870657],[-106.814328,39.1870185],[-106.8142858,39.1870099],[-106.8142507,39.1870027]]}},
{"type":"Feature","properties":{"full_id":"w1553509252","osm_id":"1553509252","osm_type":"way","highway":"footway","crossing:markings":"yes","crossing":"uncontrolled","footway":"crossing","maxheight":null,"oneway:bicycle":null,"bus":null,"wheelchair":null,"source:geometry":null,"operator":null,"motor_vehicle":null,"dog":null,"cycleway:both:lane":null,"parking:lanes:both":null,"maxweight:signed":null,"sidewalk:both:surface":null,"turn:lanes:forward":null,"horse":null,"mtb:scale:imba":null,"wikipedia":null,"wikidata":null,"segregated":null,"tunnel":null,"layer":null,"bridge":null,"foot":null,"turn:lanes:backward":null,"source:hgv:national_network":null,"hgv:national_network":null,"hgv":null,"alt_name":null,"parking:right:orientation":null,"parking:right":null,"parking:left:orientation":null,"parking:left":null,"cycleway:right":null,"sidewalk":null,"cycleway:both":null,"bicycle":null,"tiger:name_direction_suffix":null,"tracktype":null,"source:maxspeed":null,"smoothness":null,"parking:lane:both":null,"lanes:forward":null,"lanes:backward":null,"CDOT_route":null,"lit":null,"sidewalk:right":null,"sidewalk:left":null,"tiger:name_type_1":null,"tiger:name_direction_prefix_1":null,"tiger:name_base_1":null,"railway":null,"old_railway_operator":null,"name_1":null,"maxspeed":null,"cycleway":null,"ref":null,"tiger:name_direction_prefix":null,"parking:both:orientation":null,"parking:both":null,"oneway":null,"access":null,"service":null,"tiger:reviewed":null,"surface":null,"lanes":null,"tiger:name_type":null,"tiger:name_base":null,"tiger:county":null,"tiger:cfcc":null,"name":null,"is_in:state_code":null,"is_in:state":null,"is_in:city":null},"geometry":{"type":"LineString","coordinates":[[-106.8142507,39.1870027],[-106.8141924,39.1869905],[-106.8141316,39.1869778]]}},
{"type":"Feature","properties":{"full_id":"w1553509253","osm_id":"1553509253","osm_type":"way","highway":"footway","crossing:markings":null,"crossing":null,"footway":"sidewalk","maxheight":null,"oneway:bicycle":null,"bus":null,"wheelchair":null,"source:geometry":null,"operator":null,"motor_vehicle":null,"dog":null,"cycleway:both:lane":null,"parking:lanes:both":null,"maxweight:signed":null,"sidewalk:both:surface":null,"turn:lanes:forward":null,"horse":null,"mtb:scale:imba":null,"wikipedia":null,"wikidata":null,"segregated":null,"tunnel":null,"layer":null,"bridge":null,"foot":null,"turn:lanes:backward":null,"source:hgv:national_network":null,"hgv:national_network":null,"hgv":null,"alt_name":null,"parking:right:orientation":null,"parking:right":null,"parking:left:orientation":null,"parking:left":null,"cycleway:right":null,"sidewalk":null,"cycleway:both":null,"bicycle":null,"tiger:name_direction_suffix":null,"tracktype":null,"source:maxspeed":null,"smoothness":null,"parking:lane:both":null,"lanes:forward":null,"lanes:backward":null,"CDOT_route":null,"lit":null,"sidewalk:right":null,"sidewalk:left":null,"tiger:name_type_1":null,"tiger:name_direction_prefix_1":null,"tiger:name_base_1":null,"railway":null,"old_railway_operator":null,"name_1":null,"maxspeed":null,"cycleway":null,"ref":null,"tiger:name_direction_prefix":null,"parking:both:orientation":null,"parking:both":null,"oneway":null,"access":null,"service":null,"tiger:reviewed":null,"surface":null,"lanes":null,"tiger:name_type":null,"tiger:name_base":null,"tiger:county":null,"tiger:cfcc":null,"name":null,"is_in:state_code":null,"is_in:state":null,"is_in:city":null},"geometry":{"type":"LineString","coordinates":[[-106.8141316,39.1869778],[-106.8140932,39.1869721],[-106.8140327,39.1869632],[-106.8138328,39.1869387],[-106.8133887,39.1868427],[-106.8133125,39.1868522],[-106.8130397,39.1867953],[-106.8130224,39.1867791],[-106.8128439,39.186744],[-106.8127504,39.1867328],[-106.8126266,39.1867072],[-106.8125704,39.1866882],[-106.8122653,39.1866369],[-106.8119824,39.1865839],[-106.8118265,39.1865611]]}},
{"type":"Feature","properties":{"full_id":"w1553509254","osm_id":"1553509254","osm_type":"way","highway":"footway","crossing:markings":"yes","crossing":"uncontrolled","footway":"crossing","maxheight":null,"oneway:bicycle":null,"bus":null,"wheelchair":null,"source:geometry":null,"operator":null,"motor_vehicle":null,"dog":null,"cycleway:both:lane":null,"parking:lanes:both":null,"maxweight:signed":null,"sidewalk:both:surface":null,"turn:lanes:forward":null,"horse":null,"mtb:scale:imba":null,"wikipedia":null,"wikidata":null,"segregated":null,"tunnel":null,"layer":null,"bridge":null,"foot":null,"turn:lanes:backward":null,"source:hgv:national_network":null,"hgv:national_network":null,"hgv":null,"alt_name":null,"parking:right:orientation":null,"parking:right":null,"parking:left:orientation":null,"parking:left":null,"cycleway:right":null,"sidewalk":null,"cycleway:both":null,"bicycle":null,"tiger:name_direction_suffix":null,"tracktype":null,"source:maxspeed":null,"smoothness":null,"parking:lane:both":null,"lanes:forward":null,"lanes:backward":null,"CDOT_route":null,"lit":null,"sidewalk:right":null,"sidewalk:left":null,"tiger:name_type_1":null,"tiger:name_direction_prefix_1":null,"tiger:name_base_1":null,"railway":null,"old_railway_operator":null,"name_1":null,"maxspeed":null,"cycleway":null,"ref":null,"tiger:name_direction_prefix":null,"parking:both:orientation":null,"parking:both":null,"oneway":null,"access":null,"service":null,"tiger:reviewed":null,"surface":null,"lanes":null,"tiger:name_type":null,"tiger:name_base":null,"tiger:county":null,"tiger:cfcc":null,"name":null,"is_in:state_code":null,"is_in:state":null,"is_in:city":null},"geometry":{"type":"LineString","coordinates":[[-106.812888,39.1869136],[-106.8129557,39.1869285],[-106.8130226,39.1869432]]}},
{"type":"Feature","properties":{"full_id":"w1553509255","osm_id":"1553509255","osm_type":"way","highway":"footway","crossing:markings":null,"crossing":null,"footway":"sidewalk","maxheight":null,"oneway:bicycle":null,"bus":null,"wheelchair":null,"source:geometry":null,"operator":null,"motor_vehicle":null,"dog":null,"cycleway:both:lane":null,"parking:lanes:both":null,"maxweight:signed":null,"sidewalk:both:surface":null,"turn:lanes:forward":null,"horse":null,"mtb:scale:imba":null,"wikipedia":null,"wikidata":null,"segregated":null,"tunnel":null,"layer":null,"bridge":null,"foot":null,"turn:lanes:backward":null,"source:hgv:national_network":null,"hgv:national_network":null,"hgv":null,"alt_name":null,"parking:right:orientation":null,"parking:right":null,"parking:left:orientation":null,"parking:left":null,"cycleway:right":null,"sidewalk":null,"cycleway:both":null,"bicycle":null,"tiger:name_direction_suffix":null,"tracktype":null,"source:maxspeed":null,"smoothness":null,"parking:lane:both":null,"lanes:forward":null,"lanes:backward":null,"CDOT_route":null,"lit":null,"sidewalk:right":null,"sidewalk:left":null,"tiger:name_type_1":null,"tiger:name_direction_prefix_1":null,"tiger:name_base_1":null,"railway":null,"old_railway_operator":null,"name_1":null,"maxspeed":null,"cycleway":null,"ref":null,"tiger:name_direction_prefix":null,"parking:both:orientation":null,"parking:both":null,"oneway":null,"access":null,"service":null,"tiger:reviewed":null,"surface":null,"lanes":null,"tiger:name_type":null,"tiger:name_base":null,"tiger:county":null,"tiger:cfcc":null,"name":null,"is_in:state_code":null,"is_in:state":null,"is_in:city":null},"geometry":{"type":"LineString","coordinates":[[-106.812888,39.1869136],[-106.8122762,39.1867865],[-106.8119173,39.1867095]]}},
{"type":"Feature","properties":{"full_id":"w1553509256","osm_id":"1553509256","osm_type":"way","highway":"footway","crossing:markings":null,"crossing":null,"footway":"sidewalk","maxheight":null,"oneway:bicycle":null,"bus":null,"wheelchair":null,"source:geometry":null,"operator":null,"motor_vehicle":null,"dog":null,"cycleway:both:lane":null,"parking:lanes:both":null,"maxweight:signed":null,"sidewalk:both:surface":null,"turn:lanes:forward":null,"horse":null,"mtb:scale:imba":null,"wikipedia":null,"wikidata":null,"segregated":null,"tunnel":null,"layer":null,"bridge":null,"foot":null,"turn:lanes:backward":null,"source:hgv:national_network":null,"hgv:national_network":null,"hgv":null,"alt_name":null,"parking:right:orientation":null,"parking:right":null,"parking:left:orientation":null,"parking:left":null,"cycleway:right":null,"sidewalk":null,"cycleway:both":null,"bicycle":null,"tiger:name_direction_suffix":null,"tracktype":null,"source:maxspeed":null,"smoothness":null,"parking:lane:both":null,"lanes:forward":null,"lanes:backward":null,"CDOT_route":null,"lit":null,"sidewalk:right":null,"sidewalk:left":null,"tiger:name_type_1":null,"tiger:name_direction_prefix_1":null,"tiger:name_base_1":null,"railway":null,"old_railway_operator":null,"name_1":null,"maxspeed":null,"cycleway":null,"ref":null,"tiger:name_direction_prefix":null,"parking:both:orientation":null,"parking:both":null,"oneway":null,"access":null,"service":null,"tiger:reviewed":null,"surface":null,"lanes":null,"tiger:name_type":null,"tiger:name_base":null,"tiger:county":null,"tiger:cfcc":null,"name":null,"is_in:state_code":null,"is_in:state":null,"is_in:city":null},"geometry":{"type":"LineString","coordinates":[[-106.811117,39.1865603],[-106.8110456,39.1865293],[-106.8106851,39.1864544],[-106.8106647,39.1864644]]}},
{"type":"Feature","properties":{"full_id":"w1553509257","osm_id":"1553509257","osm_type":"way","highway":"footway","crossing:markings":null,"crossing":null,"footway":"sidewalk","maxheight":null,"oneway:bicycle":null,"bus":null,"wheelchair":null,"source:geometry":null,"operator":null,"motor_vehicle":null,"dog":null,"cycleway:both:lane":null,"parking:lanes:both":null,"maxweight:signed":null,"sidewalk:both:surface":null,"turn:lanes:forward":null,"horse":null,"mtb:scale:imba":null,"wikipedia":null,"wikidata":null,"segregated":null,"tunnel":null,"layer":null,"bridge":null,"foot":null,"turn:lanes:backward":null,"source:hgv:national_network":null,"hgv:national_network":null,"hgv":null,"alt_name":null,"parking:right:orientation":null,"parking:right":null,"parking:left:orientation":null,"parking:left":null,"cycleway:right":null,"sidewalk":null,"cycleway:both":null,"bicycle":null,"tiger:name_direction_suffix":null,"tracktype":null,"source:maxspeed":null,"smoothness":null,"parking:lane:both":null,"lanes:forward":null,"lanes:backward":null,"CDOT_route":null,"lit":null,"sidewalk:right":null,"sidewalk:left":null,"tiger:name_type_1":null,"tiger:name_direction_prefix_1":null,"tiger:name_base_1":null,"railway":null,"old_railway_operator":null,"name_1":null,"maxspeed":null,"cycleway":null,"ref":null,"tiger:name_direction_prefix":null,"parking:both:orientation":null,"parking:both":null,"oneway":null,"access":null,"service":null,"tiger:reviewed":null,"surface":null,"lanes":null,"tiger:name_type":null,"tiger:name_base":null,"tiger:county":null,"tiger:cfcc":null,"name":null,"is_in:state_code":null,"is_in:state":null,"is_in:city":null},"geometry":{"type":"LineString","coordinates":[[-106.8140765,39.1870208],[-106.8140932,39.1869721],[-106.8141977,39.1866695]]}},
{"type":"Feature","properties":{"full_id":"w1553509258","osm_id":"1553509258","osm_type":"way","highway":"footway","crossing:markings":null,"crossing":null,"footway":"sidewalk","maxheight":null,"oneway:bicycle":null,"bus":null,"wheelchair":null,"source:geometry":null,"operator":null,"motor_vehicle":null,"dog":null,"cycleway:both:lane":null,"parking:lanes:both":null,"maxweight:signed":null,"sidewalk:both:surface":null,"turn:lanes:forward":null,"horse":null,"mtb:scale:imba":null,"wikipedia":null,"wikidata":null,"segregated":null,"tunnel":null,"layer":"-1","bridge":null,"foot":null,"turn:lanes:backward":null,"source:hgv:national_network":null,"hgv:national_network":null,"hgv":null,"alt_name":null,"parking:right:orientation":null,"parking:right":null,"parking:left:orientation":null,"parking:left":null,"cycleway:right":null,"sidewalk":null,"cycleway:both":null,"bicycle":null,"tiger:name_direction_suffix":null,"tracktype":null,"source:maxspeed":null,"smoothness":null,"parking:lane:both":null,"lanes:forward":null,"lanes:backward":null,"CDOT_route":null,"lit":null,"sidewalk:right":null,"sidewalk:left":null,"tiger:name_type_1":null,"tiger:name_direction_prefix_1":null,"tiger:name_base_1":null,"railway":null,"old_railway_operator":null,"name_1":null,"maxspeed":null,"cycleway":null,"ref":null,"tiger:name_direction_prefix":null,"parking:both:orientation":null,"parking:both":null,"oneway":null,"access":null,"service":null,"tiger:reviewed":null,"surface":null,"lanes":null,"tiger:name_type":null,"tiger:name_base":null,"tiger:county":null,"tiger:cfcc":null,"name":null,"is_in:state_code":null,"is_in:state":null,"is_in:city":null},"geometry":{"type":"LineString","coordinates":[[-106.8141977,39.1866695],[-106.8142095,39.1866356],[-106.8142116,39.1865999],[-106.8142202,39.1865841],[-106.8142578,39.1865683],[-106.8143103,39.1863745],[-106.8142985,39.1863504],[-106.8142503,39.1863321],[-106.8137589,39.1862257],[-106.8137009,39.1862315],[-106.8136173,39.1862148],[-106.8133351,39.1861591],[-106.8132879,39.1861317],[-106.8129059,39.1860544],[-106.8128147,39.1860652],[-106.8127311,39.1860435],[-106.812715,39.1859978],[-106.8127032,39.185967],[-106.8127083,39.1859454],[-106.8127131,39.1859249],[-106.8127421,39.1858968],[-106.8127885,39.185877],[-106.8128136,39.1858751],[-106.8128426,39.1858756],[-106.8128638,39.18588],[-106.8129372,39.1859192],[-106.8131366,39.1859716],[-106.8134133,39.1860028],[-106.8136644,39.1860586],[-106.8143473,39.1861979],[-106.8143724,39.186203]]}},
{"type":"Feature","properties":{"full_id":"w1553509259","osm_id":"1553509259","osm_type":"way","highway":"footway","crossing:markings":"yes","crossing":"uncontrolled","footway":"crossing","maxheight":null,"oneway:bicycle":null,"bus":null,"wheelchair":null,"source:geometry":null,"operator":null,"motor_vehicle":null,"dog":null,"cycleway:both:lane":null,"parking:lanes:both":null,"maxweight:signed":null,"sidewalk:both:surface":null,"turn:lanes:forward":null,"horse":null,"mtb:scale:imba":null,"wikipedia":null,"wikidata":null,"segregated":null,"tunnel":null,"layer":null,"bridge":null,"foot":null,"turn:lanes:backward":null,"source:hgv:national_network":null,"hgv:national_network":null,"hgv":null,"alt_name":null,"parking:right:orientation":null,"parking:right":null,"parking:left:orientation":null,"parking:left":null,"cycleway:right":null,"sidewalk":null,"cycleway:both":null,"bicycle":null,"tiger:name_direction_suffix":null,"tracktype":null,"source:maxspeed":null,"smoothness":null,"parking:lane:both":null,"lanes:forward":null,"lanes:backward":null,"CDOT_route":null,"lit":null,"sidewalk:right":null,"sidewalk:left":null,"tiger:name_type_1":null,"tiger:name_direction_prefix_1":null,"tiger:name_base_1":null,"railway":null,"old_railway_operator":null,"name_1":null,"maxspeed":null,"cycleway":null,"ref":null,"tiger:name_direction_prefix":null,"parking:both:orientation":null,"parking:both":null,"oneway":null,"access":null,"service":null,"tiger:reviewed":null,"surface":null,"lanes":null,"tiger:name_type":null,"tiger:name_base":null,"tiger:county":null,"tiger:cfcc":null,"name":null,"is_in:state_code":null,"is_in:state":null,"is_in:city":null},"geometry":{"type":"LineString","coordinates":[[-106.8143724,39.186203],[-106.8143326,39.1862825],[-106.8142985,39.1863504]]}},
{"type":"Feature","properties":{"full_id":"w1553509260","osm_id":"1553509260","osm_type":"way","highway":"footway","crossing:markings":"yes","crossing":"uncontrolled","footway":"crossing","maxheight":null,"oneway:bicycle":null,"bus":null,"wheelchair":null,"source:geometry":null,"operator":null,"motor_vehicle":null,"dog":null,"cycleway:both:lane":null,"parking:lanes:both":null,"maxweight:signed":null,"sidewalk:both:surface":null,"turn:lanes:forward":null,"horse":null,"mtb:scale:imba":null,"wikipedia":null,"wikidata":null,"segregated":null,"tunnel":null,"layer":null,"bridge":null,"foot":null,"turn:lanes:backward":null,"source:hgv:national_network":null,"hgv:national_network":null,"hgv":null,"alt_name":null,"parking:right:orientation":null,"parking:right":null,"parking:left:orientation":null,"parking:left":null,"cycleway:right":null,"sidewalk":null,"cycleway:both":null,"bicycle":null,"tiger:name_direction_suffix":null,"tracktype":null,"source:maxspeed":null,"smoothness":null,"parking:lane:both":null,"lanes:forward":null,"lanes:backward":null,"CDOT_route":null,"lit":null,"sidewalk:right":null,"sidewalk:left":null,"tiger:name_type_1":null,"tiger:name_direction_prefix_1":null,"tiger:name_base_1":null,"railway":null,"old_railway_operator":null,"name_1":null,"maxspeed":null,"cycleway":null,"ref":null,"tiger:name_direction_prefix":null,"parking:both:orientation":null,"parking:both":null,"oneway":null,"access":null,"service":null,"tiger:reviewed":null,"surface":null,"lanes":null,"tiger:name_type":null,"tiger:name_base":null,"tiger:county":null,"tiger:cfcc":null,"name":null,"is_in:state_code":null,"is_in:state":null,"is_in:city":null},"geometry":{"type":"LineString","coordinates":[[-106.8143724,39.186203],[-106.8144672,39.1862259],[-106.8145408,39.1862437]]}},
{"type":"Feature","properties":{"full_id":"w1553509261","osm_id":"1553509261","osm_type":"way","highway":"footway","crossing:markings":"yes","crossing":"uncontrolled","footway":"crossing","maxheight":null,"oneway:bicycle":null,"bus":null,"wheelchair":null,"source:geometry":null,"operator":null,"motor_vehicle":null,"dog":null,"cycleway:both:lane":null,"parking:lanes:both":null,"maxweight:signed":null,"sidewalk:both:surface":null,"turn:lanes:forward":null,"horse":null,"mtb:scale:imba":null,"wikipedia":null,"wikidata":null,"segregated":null,"tunnel":null,"layer":null,"bridge":null,"foot":null,"turn:lanes:backward":null,"source:hgv:national_network":null,"hgv:national_network":null,"hgv":null,"alt_name":null,"parking:right:orientation":null,"parking:right":null,"parking:left:orientation":null,"parking:left":null,"cycleway:right":null,"sidewalk":null,"cycleway:both":null,"bicycle":null,"tiger:name_direction_suffix":null,"tracktype":null,"source:maxspeed":null,"smoothness":null,"parking:lane:both":null,"lanes:forward":null,"lanes:backward":null,"CDOT_route":null,"lit":null,"sidewalk:right":null,"sidewalk:left":null,"tiger:name_type_1":null,"tiger:name_direction_prefix_1":null,"tiger:name_base_1":null,"railway":null,"old_railway_operator":null,"name_1":null,"maxspeed":null,"cycleway":null,"ref":null,"tiger:name_direction_prefix":null,"parking:both:orientation":null,"parking:both":null,"oneway":null,"access":null,"service":null,"tiger:reviewed":null,"surface":null,"lanes":null,"tiger:name_type":null,"tiger:name_base":null,"tiger:county":null,"tiger:cfcc":null,"name":null,"is_in:state_code":null,"is_in:state":null,"is_in:city":null},"geometry":{"type":"LineString","coordinates":[[-106.8142985,39.1863504],[-106.8144175,39.1863778],[-106.8145032,39.1863976]]}},
{"type":"Feature","properties":{"full_id":"w1553509262","osm_id":"1553509262","osm_type":"way","highway":"footway","crossing:markings":"yes","crossing":"uncontrolled","footway":"crossing","maxheight":null,"oneway:bicycle":null,"bus":null,"wheelchair":null,"source:geometry":null,"operator":null,"motor_vehicle":null,"dog":null,"cycleway:both:lane":null,"parking:lanes:both":null,"maxweight:signed":null,"sidewalk:both:surface":null,"turn:lanes:forward":null,"horse":null,"mtb:scale:imba":null,"wikipedia":null,"wikidata":null,"segregated":null,"tunnel":null,"layer":null,"bridge":null,"foot":null,"turn:lanes:backward":null,"source:hgv:national_network":null,"hgv:national_network":null,"hgv":null,"alt_name":null,"parking:right:orientation":null,"parking:right":null,"parking:left:orientation":null,"parking:left":null,"cycleway:right":null,"sidewalk":null,"cycleway:both":null,"bicycle":null,"tiger:name_direction_suffix":null,"tracktype":null,"source:maxspeed":null,"smoothness":null,"parking:lane:both":null,"lanes:forward":null,"lanes:backward":null,"CDOT_route":null,"lit":null,"sidewalk:right":null,"sidewalk:left":null,"tiger:name_type_1":null,"tiger:name_direction_prefix_1":null,"tiger:name_base_1":null,"railway":null,"old_railway_operator":null,"name_1":null,"maxspeed":null,"cycleway":null,"ref":null,"tiger:name_direction_prefix":null,"parking:both:orientation":null,"parking:both":null,"oneway":null,"access":null,"service":null,"tiger:reviewed":null,"surface":null,"lanes":null,"tiger:name_type":null,"tiger:name_base":null,"tiger:county":null,"tiger:cfcc":null,"name":null,"is_in:state_code":null,"is_in:state":null,"is_in:city":null},"geometry":{"type":"LineString","coordinates":[[-106.8145032,39.1863976],[-106.8145218,39.1863213],[-106.8145408,39.1862437]]}},
{"type":"Feature","properties":{"full_id":"w1553509263","osm_id":"1553509263","osm_type":"way","highway":"footway","crossing:markings":null,"crossing":null,"footway":"sidewalk","maxheight":null,"oneway:bicycle":null,"bus":null,"wheelchair":null,"source:geometry":null,"operator":null,"motor_vehicle":null,"dog":null,"cycleway:both:lane":null,"parking:lanes:both":null,"maxweight:signed":null,"sidewalk:both:surface":null,"turn:lanes:forward":null,"horse":null,"mtb:scale:imba":null,"wikipedia":null,"wikidata":null,"segregated":null,"tunnel":null,"layer":null,"bridge":null,"foot":null,"turn:lanes:backward":null,"source:hgv:national_network":null,"hgv:national_network":null,"hgv":null,"alt_name":null,"parking:right:orientation":null,"parking:right":null,"parking:left:orientation":null,"parking:left":null,"cycleway:right":null,"sidewalk":null,"cycleway:both":null,"bicycle":null,"tiger:name_direction_suffix":null,"tracktype":null,"source:maxspeed":null,"smoothness":null,"parking:lane:both":null,"lanes:forward":null,"lanes:backward":null,"CDOT_route":null,"lit":null,"sidewalk:right":null,"sidewalk:left":null,"tiger:name_type_1":null,"tiger:name_direction_prefix_1":null,"tiger:name_base_1":null,"railway":null,"old_railway_operator":null,"name_1":null,"maxspeed":null,"cycleway":null,"ref":null,"tiger:name_direction_prefix":null,"parking:both:orientation":null,"parking:both":null,"oneway":null,"access":null,"service":null,"tiger:reviewed":null,"surface":null,"lanes":null,"tiger:name_type":null,"tiger:name_base":null,"tiger:county":null,"tiger:cfcc":null,"name":null,"is_in:state_code":null,"is_in:state":null,"is_in:city":null},"geometry":{"type":"LineString","coordinates":[[-106.8145408,39.1862437],[-106.8146424,39.1859369],[-106.8148519,39.185304],[-106.8149195,39.1851685],[-106.8149324,39.1851244],[-106.8149356,39.1851103],[-106.8149195,39.1850924]]}},
{"type":"Feature","properties":{"full_id":"w1553509264","osm_id":"1553509264","osm_type":"way","highway":"footway","crossing:markings":null,"crossing":null,"footway":"sidewalk","maxheight":null,"oneway:bicycle":null,"bus":null,"wheelchair":null,"source:geometry":null,"operator":null,"motor_vehicle":null,"dog":null,"cycleway:both:lane":null,"parking:lanes:both":null,"maxweight:signed":null,"sidewalk:both:surface":null,"turn:lanes:forward":null,"horse":null,"mtb:scale:imba":null,"wikipedia":null,"wikidata":null,"segregated":null,"tunnel":null,"layer":null,"bridge":null,"foot":null,"turn:lanes:backward":null,"source:hgv:national_network":null,"hgv:national_network":null,"hgv":null,"alt_name":null,"parking:right:orientation":null,"parking:right":null,"parking:left:orientation":null,"parking:left":null,"cycleway:right":null,"sidewalk":null,"cycleway:both":null,"bicycle":null,"tiger:name_direction_suffix":null,"tracktype":null,"source:maxspeed":null,"smoothness":null,"parking:lane:both":null,"lanes:forward":null,"lanes:backward":null,"CDOT_route":null,"lit":null,"sidewalk:right":null,"sidewalk:left":null,"tiger:name_type_1":null,"tiger:name_direction_prefix_1":null,"tiger:name_base_1":null,"railway":null,"old_railway_operator":null,"name_1":null,"maxspeed":null,"cycleway":null,"ref":null,"tiger:name_direction_prefix":null,"parking:both:orientation":null,"parking:both":null,"oneway":null,"access":null,"service":null,"tiger:reviewed":null,"surface":null,"lanes":null,"tiger:name_type":null,"tiger:name_base":null,"tiger:county":null,"tiger:cfcc":null,"name":null,"is_in:state_code":null,"is_in:state":null,"is_in:city":null},"geometry":{"type":"LineString","coordinates":[[-106.8143473,39.1861979],[-106.8144106,39.1860358],[-106.8143935,39.1859992],[-106.8144203,39.1859376],[-106.8144526,39.1858979],[-106.8144771,39.1858678],[-106.8145887,39.1855393]]}},
{"type":"Feature","properties":{"full_id":"w1553509265","osm_id":"1553509265","osm_type":"way","highway":"footway","crossing:markings":"yes","crossing":"uncontrolled","footway":"crossing","maxheight":null,"oneway:bicycle":null,"bus":null,"wheelchair":null,"source:geometry":null,"operator":null,"motor_vehicle":null,"dog":null,"cycleway:both:lane":null,"parking:lanes:both":null,"maxweight:signed":null,"sidewalk:both:surface":null,"turn:lanes:forward":null,"horse":null,"mtb:scale:imba":null,"wikipedia":null,"wikidata":null,"segregated":null,"tunnel":null,"layer":null,"bridge":null,"foot":null,"turn:lanes:backward":null,"source:hgv:national_network":null,"hgv:national_network":null,"hgv":null,"alt_name":null,"parking:right:orientation":null,"parking:right":null,"parking:left:orientation":null,"parking:left":null,"cycleway:right":null,"sidewalk":null,"cycleway:both":null,"bicycle":null,"tiger:name_direction_suffix":null,"tracktype":null,"source:maxspeed":null,"smoothness":null,"parking:lane:both":null,"lanes:forward":null,"lanes:backward":null,"CDOT_route":null,"lit":null,"sidewalk:right":null,"sidewalk:left":null,"tiger:name_type_1":null,"tiger:name_direction_prefix_1":null,"tiger:name_base_1":null,"railway":null,"old_railway_operator":null,"name_1":null,"maxspeed":null,"cycleway":null,"ref":null,"tiger:name_direction_prefix":null,"parking:both:orientation":null,"parking:both":null,"oneway":null,"access":null,"service":null,"tiger:reviewed":null,"surface":null,"lanes":null,"tiger:name_type":null,"tiger:name_base":null,"tiger:county":null,"tiger:cfcc":null,"name":null,"is_in:state_code":null,"is_in:state":null,"is_in:city":null},"geometry":{"type":"LineString","coordinates":[[-106.8145887,39.1855393],[-106.814608,39.1854788],[-106.8146327,39.1854012]]}},
{"type":"Feature","properties":{"full_id":"w1553509266","osm_id":"1553509266","osm_type":"way","highway":"footway","crossing:markings":null,"crossing":null,"footway":"sidewalk","maxheight":null,"oneway:bicycle":null,"bus":null,"wheelchair":null,"source:geometry":null,"operator":null,"motor_vehicle":null,"dog":null,"cycleway:both:lane":null,"parking:lanes:both":null,"maxweight:signed":null,"sidewalk:both:surface":null,"turn:lanes:forward":null,"horse":null,"mtb:scale:imba":null,"wikipedia":null,"wikidata":null,"segregated":null,"tunnel":null,"layer":null,"bridge":null,"foot":null,"turn:lanes:backward":null,"source:hgv:national_network":null,"hgv:national_network":null,"hgv":null,"alt_name":null,"parking:right:orientation":null,"parking:right":null,"parking:left:orientation":null,"parking:left":null,"cycleway:right":null,"sidewalk":null,"cycleway:both":null,"bicycle":null,"tiger:name_direction_suffix":null,"tracktype":null,"source:maxspeed":null,"smoothness":null,"parking:lane:both":null,"lanes:forward":null,"lanes:backward":null,"CDOT_route":null,"lit":null,"sidewalk:right":null,"sidewalk:left":null,"tiger:name_type_1":null,"tiger:name_direction_prefix_1":null,"tiger:name_base_1":null,"railway":null,"old_railway_operator":null,"name_1":null,"maxspeed":null,"cycleway":null,"ref":null,"tiger:name_direction_prefix":null,"parking:both:orientation":null,"parking:both":null,"oneway":null,"access":null,"service":null,"tiger:reviewed":null,"surface":null,"lanes":null,"tiger:name_type":null,"tiger:name_base":null,"tiger:county":null,"tiger:cfcc":null,"name":null,"is_in:state_code":null,"is_in:state":null,"is_in:city":null},"geometry":{"type":"LineString","coordinates":[[-106.8146327,39.1854012],[-106.8147421,39.1850869]]}},
{"type":"Feature","properties":{"full_id":"w1553510823","osm_id":"1553510823","osm_type":"way","highway":"footway","crossing:markings":null,"crossing":null,"footway":"sidewalk","maxheight":null,"oneway:bicycle":null,"bus":null,"wheelchair":null,"source:geometry":null,"operator":null,"motor_vehicle":null,"dog":null,"cycleway:both:lane":null,"parking:lanes:both":null,"maxweight:signed":null,"sidewalk:both:surface":null,"turn:lanes:forward":null,"horse":null,"mtb:scale:imba":null,"wikipedia":null,"wikidata":null,"segregated":null,"tunnel":null,"layer":null,"bridge":null,"foot":null,"turn:lanes:backward":null,"source:hgv:national_network":null,"hgv:national_network":null,"hgv":null,"alt_name":null,"parking:right:orientation":null,"parking:right":null,"parking:left:orientation":null,"parking:left":null,"cycleway:right":null,"sidewalk":null,"cycleway:both":null,"bicycle":null,"tiger:name_direction_suffix":null,"tracktype":null,"source:maxspeed":null,"smoothness":null,"parking:lane:both":null,"lanes:forward":null,"lanes:backward":null,"CDOT_route":null,"lit":null,"sidewalk:right":null,"sidewalk:left":null,"tiger:name_type_1":null,"tiger:name_direction_prefix_1":null,"tiger:name_base_1":null,"railway":null,"old_railway_operator":null,"name_1":null,"maxspeed":null,"cycleway":null,"ref":null,"tiger:name_direction_prefix":null,"parking:both:orientation":null,"parking:both":null,"oneway":null,"access":null,"service":null,"tiger:reviewed":null,"surface":null,"lanes":null,"tiger:name_type":null,"tiger:name_base":null,"tiger:county":null,"tiger:cfcc":null,"name":null,"is_in:state_code":null,"is_in:state":null,"is_in:city":null},"geometry":{"type":"LineString","coordinates":[[-106.8154101,39.1874297],[-106.8153736,39.1875337]]}},
{"type":"Feature","properties":{"full_id":"w1553510824","osm_id":"1553510824","osm_type":"way","highway":"footway","crossing:markings":"yes","crossing":"uncontrolled","footway":"crossing","maxheight":null,"oneway:bicycle":null,"bus":null,"wheelchair":null,"source:geometry":null,"operator":null,"motor_vehicle":null,"dog":null,"cycleway:both:lane":null,"parking:lanes:both":null,"maxweight:signed":null,"sidewalk:both:surface":null,"turn:lanes:forward":null,"horse":null,"mtb:scale:imba":null,"wikipedia":null,"wikidata":null,"segregated":null,"tunnel":null,"layer":null,"bridge":null,"foot":null,"turn:lanes:backward":null,"source:hgv:national_network":null,"hgv:national_network":null,"hgv":null,"alt_name":null,"parking:right:orientation":null,"parking:right":null,"parking:left:orientation":null,"parking:left":null,"cycleway:right":null,"sidewalk":null,"cycleway:both":null,"bicycle":null,"tiger:name_direction_suffix":null,"tracktype":null,"source:maxspeed":null,"smoothness":null,"parking:lane:both":null,"lanes:forward":null,"lanes:backward":null,"CDOT_route":null,"lit":null,"sidewalk:right":null,"sidewalk:left":null,"tiger:name_type_1":null,"tiger:name_direction_prefix_1":null,"tiger:name_base_1":null,"railway":null,"old_railway_operator":null,"name_1":null,"maxspeed":null,"cycleway":null,"ref":null,"tiger:name_direction_prefix":null,"parking:both:orientation":null,"parking:both":null,"oneway":null,"access":null,"service":null,"tiger:reviewed":null,"surface":null,"lanes":null,"tiger:name_type":null,"tiger:name_base":null,"tiger:county":null,"tiger:cfcc":null,"name":null,"is_in:state_code":null,"is_in:state":null,"is_in:city":null},"geometry":{"type":"LineString","coordinates":[[-106.8154101,39.1874297],[-106.8153136,39.187408],[-106.8152085,39.1873762]]}},
{"type":"Feature","properties":{"full_id":"w1553510825","osm_id":"1553510825","osm_type":"way","highway":"footway","crossing:markings":"yes","crossing":"uncontrolled","footway":"crossing","maxheight":null,"oneway:bicycle":null,"bus":null,"wheelchair":null,"source:geometry":null,"operator":null,"motor_vehicle":null,"dog":null,"cycleway:both:lane":null,"parking:lanes:both":null,"maxweight:signed":null,"sidewalk:both:surface":null,"turn:lanes:forward":null,"horse":null,"mtb:scale:imba":null,"wikipedia":null,"wikidata":null,"segregated":null,"tunnel":null,"layer":null,"bridge":null,"foot":null,"turn:lanes:backward":null,"source:hgv:national_network":null,"hgv:national_network":null,"hgv":null,"alt_name":null,"parking:right:orientation":null,"parking:right":null,"parking:left:orientation":null,"parking:left":null,"cycleway:right":null,"sidewalk":null,"cycleway:both":null,"bicycle":null,"tiger:name_direction_suffix":null,"tracktype":null,"source:maxspeed":null,"smoothness":null,"parking:lane:both":null,"lanes:forward":null,"lanes:backward":null,"CDOT_route":null,"lit":null,"sidewalk:right":null,"sidewalk:left":null,"tiger:name_type_1":null,"tiger:name_direction_prefix_1":null,"tiger:name_base_1":null,"railway":null,"old_railway_operator":null,"name_1":null,"maxspeed":null,"cycleway":null,"ref":null,"tiger:name_direction_prefix":null,"parking:both:orientation":null,"parking:both":null,"oneway":null,"access":null,"service":null,"tiger:reviewed":null,"surface":null,"lanes":null,"tiger:name_type":null,"tiger:name_base":null,"tiger:county":null,"tiger:cfcc":null,"name":null,"is_in:state_code":null,"is_in:state":null,"is_in:city":null},"geometry":{"type":"LineString","coordinates":[[-106.8154101,39.1874297],[-106.8154306,39.1873486],[-106.8154541,39.1872568]]}},
{"type":"Feature","properties":{"full_id":"w1553510826","osm_id":"1553510826","osm_type":"way","highway":"footway","crossing:markings":"yes","crossing":"uncontrolled","footway":"crossing","maxheight":null,"oneway:bicycle":null,"bus":null,"wheelchair":null,"source:geometry":null,"operator":null,"motor_vehicle":null,"dog":null,"cycleway:both:lane":null,"parking:lanes:both":null,"maxweight:signed":null,"sidewalk:both:surface":null,"turn:lanes:forward":null,"horse":null,"mtb:scale:imba":null,"wikipedia":null,"wikidata":null,"segregated":null,"tunnel":null,"layer":null,"bridge":null,"foot":null,"turn:lanes:backward":null,"source:hgv:national_network":null,"hgv:national_network":null,"hgv":null,"alt_name":null,"parking:right:orientation":null,"parking:right":null,"parking:left:orientation":null,"parking:left":null,"cycleway:right":null,"sidewalk":null,"cycleway:both":null,"bicycle":null,"tiger:name_direction_suffix":null,"tracktype":null,"source:maxspeed":null,"smoothness":null,"parking:lane:both":null,"lanes:forward":null,"lanes:backward":null,"CDOT_route":null,"lit":null,"sidewalk:right":null,"sidewalk:left":null,"tiger:name_type_1":null,"tiger:name_direction_prefix_1":null,"tiger:name_base_1":null,"railway":null,"old_railway_operator":null,"name_1":null,"maxspeed":null,"cycleway":null,"ref":null,"tiger:name_direction_prefix":null,"parking:both:orientation":null,"parking:both":null,"oneway":null,"access":null,"service":null,"tiger:reviewed":null,"surface":null,"lanes":null,"tiger:name_type":null,"tiger:name_base":null,"tiger:county":null,"tiger:cfcc":null,"name":null,"is_in:state_code":null,"is_in:state":null,"is_in:city":null},"geometry":{"type":"LineString","coordinates":[[-106.8152085,39.1873762],[-106.8152243,39.1873078],[-106.8152433,39.1872171]]}},
{"type":"Feature","properties":{"full_id":"w1553510827","osm_id":"1553510827","osm_type":"way","highway":"footway","crossing:markings":"yes","crossing":"uncontrolled","footway":"crossing","maxheight":null,"oneway:bicycle":null,"bus":null,"wheelchair":null,"source:geometry":null,"operator":null,"motor_vehicle":null,"dog":null,"cycleway:both:lane":null,"parking:lanes:both":null,"maxweight:signed":null,"sidewalk:both:surface":null,"turn:lanes:forward":null,"horse":null,"mtb:scale:imba":null,"wikipedia":null,"wikidata":null,"segregated":null,"tunnel":null,"layer":null,"bridge":null,"foot":null,"turn:lanes:backward":null,"source:hgv:national_network":null,"hgv:national_network":null,"hgv":null,"alt_name":null,"parking:right:orientation":null,"parking:right":null,"parking:left:orientation":null,"parking:left":null,"cycleway:right":null,"sidewalk":null,"cycleway:both":null,"bicycle":null,"tiger:name_direction_suffix":null,"tracktype":null,"source:maxspeed":null,"smoothness":null,"parking:lane:both":null,"lanes:forward":null,"lanes:backward":null,"CDOT_route":null,"lit":null,"sidewalk:right":null,"sidewalk:left":null,"tiger:name_type_1":null,"tiger:name_direction_prefix_1":null,"tiger:name_base_1":null,"railway":null,"old_railway_operator":null,"name_1":null,"maxspeed":null,"cycleway":null,"ref":null,"tiger:name_direction_prefix":null,"parking:both:orientation":null,"parking:both":null,"oneway":null,"access":null,"service":null,"tiger:reviewed":null,"surface":null,"lanes":null,"tiger:name_type":null,"tiger:name_base":null,"tiger:county":null,"tiger:cfcc":null,"name":null,"is_in:state_code":null,"is_in:state":null,"is_in:city":null},"geometry":{"type":"LineString","coordinates":[[-106.8154541,39.1872568],[-106.8153671,39.1872402],[-106.8152839,39.1872247],[-106.8152433,39.1872171]]}},
{"type":"Feature","properties":{"full_id":"w1553510828","osm_id":"1553510828","osm_type":"way","highway":"footway","crossing:markings":null,"crossing":null,"footway":"sidewalk","maxheight":null,"oneway:bicycle":null,"bus":null,"wheelchair":null,"source:geometry":null,"operator":null,"motor_vehicle":null,"dog":null,"cycleway:both:lane":null,"parking:lanes:both":null,"maxweight:signed":null,"sidewalk:both:surface":null,"turn:lanes:forward":null,"horse":null,"mtb:scale:imba":null,"wikipedia":null,"wikidata":null,"segregated":null,"tunnel":null,"layer":null,"bridge":null,"foot":null,"turn:lanes:backward":null,"source:hgv:national_network":null,"hgv:national_network":null,"hgv":null,"alt_name":null,"parking:right:orientation":null,"parking:right":null,"parking:left:orientation":null,"parking:left":null,"cycleway:right":null,"sidewalk":null,"cycleway:both":null,"bicycle":null,"tiger:name_direction_suffix":null,"tracktype":null,"source:maxspeed":null,"smoothness":null,"parking:lane:both":null,"lanes:forward":null,"lanes:backward":null,"CDOT_route":null,"lit":null,"sidewalk:right":null,"sidewalk:left":null,"tiger:name_type_1":null,"tiger:name_direction_prefix_1":null,"tiger:name_base_1":null,"railway":null,"old_railway_operator":null,"name_1":null,"maxspeed":null,"cycleway":null,"ref":null,"tiger:name_direction_prefix":null,"parking:both:orientation":null,"parking:both":null,"oneway":null,"access":null,"service":null,"tiger:reviewed":null,"surface":null,"lanes":null,"tiger:name_type":null,"tiger:name_base":null,"tiger:county":null,"tiger:cfcc":null,"name":null,"is_in:state_code":null,"is_in:state":null,"is_in:city":null},"geometry":{"type":"LineString","coordinates":[[-106.8152433,39.1872171],[-106.814328,39.1870185]]}},
{"type":"Feature","properties":{"full_id":"w1553510829","osm_id":"1553510829","osm_type":"way","highway":"footway","crossing:markings":null,"crossing":null,"footway":"sidewalk","maxheight":null,"oneway:bicycle":null,"bus":null,"wheelchair":null,"source:geometry":null,"operator":null,"motor_vehicle":null,"dog":null,"cycleway:both:lane":null,"parking:lanes:both":null,"maxweight:signed":null,"sidewalk:both:surface":null,"turn:lanes:forward":null,"horse":null,"mtb:scale:imba":null,"wikipedia":null,"wikidata":null,"segregated":null,"tunnel":null,"layer":null,"bridge":null,"foot":null,"turn:lanes:backward":null,"source:hgv:national_network":null,"hgv:national_network":null,"hgv":null,"alt_name":null,"parking:right:orientation":null,"parking:right":null,"parking:left:orientation":null,"parking:left":null,"cycleway:right":null,"sidewalk":null,"cycleway:both":null,"bicycle":null,"tiger:name_direction_suffix":null,"tracktype":null,"source:maxspeed":null,"smoothness":null,"parking:lane:both":null,"lanes:forward":null,"lanes:backward":null,"CDOT_route":null,"lit":null,"sidewalk:right":null,"sidewalk:left":null,"tiger:name_type_1":null,"tiger:name_direction_prefix_1":null,"tiger:name_base_1":null,"railway":null,"old_railway_operator":null,"name_1":null,"maxspeed":null,"cycleway":null,"ref":null,"tiger:name_direction_prefix":null,"parking:both:orientation":null,"parking:both":null,"oneway":null,"access":null,"service":null,"tiger:reviewed":null,"surface":null,"lanes":null,"tiger:name_type":null,"tiger:name_base":null,"tiger:county":null,"tiger:cfcc":null,"name":null,"is_in:state_code":null,"is_in:state":null,"is_in:city":null},"geometry":{"type":"LineString","coordinates":[[-106.8154541,39.1872568],[-106.8155397,39.1869887],[-106.8155554,39.1869503],[-106.8156746,39.1866596],[-106.8156781,39.1866511],[-106.815692,39.186654],[-106.8166329,39.1868506],[-106.8165202,39.1871519]]}},
{"type":"Feature","properties":{"full_id":"w1553510830","osm_id":"1553510830","osm_type":"way","highway":"footway","crossing:markings":null,"crossing":null,"footway":"sidewalk","maxheight":null,"oneway:bicycle":null,"bus":null,"wheelchair":null,"source:geometry":null,"operator":null,"motor_vehicle":null,"dog":null,"cycleway:both:lane":null,"parking:lanes:both":null,"maxweight:signed":null,"sidewalk:both:surface":null,"turn:lanes:forward":null,"horse":null,"mtb:scale:imba":null,"wikipedia":null,"wikidata":null,"segregated":null,"tunnel":null,"layer":null,"bridge":null,"foot":null,"turn:lanes:backward":null,"source:hgv:national_network":null,"hgv:national_network":null,"hgv":null,"alt_name":null,"parking:right:orientation":null,"parking:right":null,"parking:left:orientation":null,"parking:left":null,"cycleway:right":null,"sidewalk":null,"cycleway:both":null,"bicycle":null,"tiger:name_direction_suffix":null,"tracktype":null,"source:maxspeed":null,"smoothness":null,"parking:lane:both":null,"lanes:forward":null,"lanes:backward":null,"CDOT_route":null,"lit":null,"sidewalk:right":null,"sidewalk:left":null,"tiger:name_type_1":null,"tiger:name_direction_prefix_1":null,"tiger:name_base_1":null,"railway":null,"old_railway_operator":null,"name_1":null,"maxspeed":null,"cycleway":null,"ref":null,"tiger:name_direction_prefix":null,"parking:both:orientation":null,"parking:both":null,"oneway":null,"access":null,"service":null,"tiger:reviewed":null,"surface":null,"lanes":null,"tiger:name_type":null,"tiger:name_base":null,"tiger:county":null,"tiger:cfcc":null,"name":null,"is_in:state_code":null,"is_in:state":null,"is_in:city":null},"geometry":{"type":"LineString","coordinates":[[-106.8152839,39.1872247],[-106.8153792,39.1869137]]}},
{"type":"Feature","properties":{"full_id":"w1553510831","osm_id":"1553510831","osm_type":"way","highway":"footway","crossing:markings":null,"crossing":null,"footway":"sidewalk","maxheight":null,"oneway:bicycle":null,"bus":null,"wheelchair":null,"source:geometry":null,"operator":null,"motor_vehicle":null,"dog":null,"cycleway:both:lane":null,"parking:lanes:both":null,"maxweight:signed":null,"sidewalk:both:surface":null,"turn:lanes:forward":null,"horse":null,"mtb:scale:imba":null,"wikipedia":null,"wikidata":null,"segregated":null,"tunnel":null,"layer":null,"bridge":null,"foot":null,"turn:lanes:backward":null,"source:hgv:national_network":null,"hgv:national_network":null,"hgv":null,"alt_name":null,"parking:right:orientation":null,"parking:right":null,"parking:left:orientation":null,"parking:left":null,"cycleway:right":null,"sidewalk":null,"cycleway:both":null,"bicycle":null,"tiger:name_direction_suffix":null,"tracktype":null,"source:maxspeed":null,"smoothness":null,"parking:lane:both":null,"lanes:forward":null,"lanes:backward":null,"CDOT_route":null,"lit":null,"sidewalk:right":null,"sidewalk:left":null,"tiger:name_type_1":null,"tiger:name_direction_prefix_1":null,"tiger:name_base_1":null,"railway":null,"old_railway_operator":null,"name_1":null,"maxspeed":null,"cycleway":null,"ref":null,"tiger:name_direction_prefix":null,"parking:both:orientation":null,"parking:both":null,"oneway":null,"access":null,"service":null,"tiger:reviewed":null,"surface":null,"lanes":null,"tiger:name_type":null,"tiger:name_base":null,"tiger:county":null,"tiger:cfcc":null,"name":null,"is_in:state_code":null,"is_in:state":null,"is_in:city":null},"geometry":{"type":"LineString","coordinates":[[-106.8168922,39.1869177],[-106.8178503,39.1871107]]}},
{"type":"Feature","properties":{"full_id":"w1553510832","osm_id":"1553510832","osm_type":"way","highway":"footway","crossing:markings":"yes","crossing":"uncontrolled","footway":"crossing","maxheight":null,"oneway:bicycle":null,"bus":null,"wheelchair":null,"source:geometry":null,"operator":null,"motor_vehicle":null,"dog":null,"cycleway:both:lane":null,"parking:lanes:both":null,"maxweight:signed":null,"sidewalk:both:surface":null,"turn:lanes:forward":null,"horse":null,"mtb:scale:imba":null,"wikipedia":null,"wikidata":null,"segregated":null,"tunnel":null,"layer":null,"bridge":null,"foot":null,"turn:lanes:backward":null,"source:hgv:national_network":null,"hgv:national_network":null,"hgv":null,"alt_name":null,"parking:right:orientation":null,"parking:right":null,"parking:left:orientation":null,"parking:left":null,"cycleway:right":null,"sidewalk":null,"cycleway:both":null,"bicycle":null,"tiger:name_direction_suffix":null,"tracktype":null,"source:maxspeed":null,"smoothness":null,"parking:lane:both":null,"lanes:forward":null,"lanes:backward":null,"CDOT_route":null,"lit":null,"sidewalk:right":null,"sidewalk:left":null,"tiger:name_type_1":null,"tiger:name_direction_prefix_1":null,"tiger:name_base_1":null,"railway":null,"old_railway_operator":null,"name_1":null,"maxspeed":null,"cycleway":null,"ref":null,"tiger:name_direction_prefix":null,"parking:both:orientation":null,"parking:both":null,"oneway":null,"access":null,"service":null,"tiger:reviewed":null,"surface":null,"lanes":null,"tiger:name_type":null,"tiger:name_base":null,"tiger:county":null,"tiger:cfcc":null,"name":null,"is_in:state_code":null,"is_in:state":null,"is_in:city":null},"geometry":{"type":"LineString","coordinates":[[-106.8178503,39.1871107],[-106.8179131,39.1871201],[-106.8179662,39.1871281]]}},
{"type":"Feature","properties":{"full_id":"w1553510833","osm_id":"1553510833","osm_type":"way","highway":"footway","crossing:markings":null,"crossing":null,"footway":"sidewalk","maxheight":null,"oneway:bicycle":null,"bus":null,"wheelchair":null,"source:geometry":null,"operator":null,"motor_vehicle":null,"dog":null,"cycleway:both:lane":null,"parking:lanes:both":null,"maxweight:signed":null,"sidewalk:both:surface":null,"turn:lanes:forward":null,"horse":null,"mtb:scale:imba":null,"wikipedia":null,"wikidata":null,"segregated":null,"tunnel":null,"layer":null,"bridge":null,"foot":null,"turn:lanes:backward":null,"source:hgv:national_network":null,"hgv:national_network":null,"hgv":null,"alt_name":null,"parking:right:orientation":null,"parking:right":null,"parking:left:orientation":null,"parking:left":null,"cycleway:right":null,"sidewalk":null,"cycleway:both":null,"bicycle":null,"tiger:name_direction_suffix":null,"tracktype":null,"source:maxspeed":null,"smoothness":null,"parking:lane:both":null,"lanes:forward":null,"lanes:backward":null,"CDOT_route":null,"lit":null,"sidewalk:right":null,"sidewalk:left":null,"tiger:name_type_1":null,"tiger:name_direction_prefix_1":null,"tiger:name_base_1":null,"railway":null,"old_railway_operator":null,"name_1":null,"maxspeed":null,"cycleway":null,"ref":null,"tiger:name_direction_prefix":null,"parking:both:orientation":null,"parking:both":null,"oneway":null,"access":null,"service":null,"tiger:reviewed":null,"surface":null,"lanes":null,"tiger:name_type":null,"tiger:name_base":null,"tiger:county":null,"tiger:cfcc":null,"name":null,"is_in:state_code":null,"is_in:state":null,"is_in:city":null},"geometry":{"type":"LineString","coordinates":[[-106.8179662,39.1871281],[-106.8190026,39.1873443]]}},
{"type":"Feature","properties":{"full_id":"w1553510834","osm_id":"1553510834","osm_type":"way","highway":"footway","crossing:markings":"yes","crossing":"uncontrolled","footway":"crossing","maxheight":null,"oneway:bicycle":null,"bus":null,"wheelchair":null,"source:geometry":null,"operator":null,"motor_vehicle":null,"dog":null,"cycleway:both:lane":null,"parking:lanes:both":null,"maxweight:signed":null,"sidewalk:both:surface":null,"turn:lanes:forward":null,"horse":null,"mtb:scale:imba":null,"wikipedia":null,"wikidata":null,"segregated":null,"tunnel":null,"layer":null,"bridge":null,"foot":null,"turn:lanes:backward":null,"source:hgv:national_network":null,"hgv:national_network":null,"hgv":null,"alt_name":null,"parking:right:orientation":null,"parking:right":null,"parking:left:orientation":null,"parking:left":null,"cycleway:right":null,"sidewalk":null,"cycleway:both":null,"bicycle":null,"tiger:name_direction_suffix":null,"tracktype":null,"source:maxspeed":null,"smoothness":null,"parking:lane:both":null,"lanes:forward":null,"lanes:backward":null,"CDOT_route":null,"lit":null,"sidewalk:right":null,"sidewalk:left":null,"tiger:name_type_1":null,"tiger:name_direction_prefix_1":null,"tiger:name_base_1":null,"railway":null,"old_railway_operator":null,"name_1":null,"maxspeed":null,"cycleway":null,"ref":null,"tiger:name_direction_prefix":null,"parking:both:orientation":null,"parking:both":null,"oneway":null,"access":null,"service":null,"tiger:reviewed":null,"surface":null,"lanes":null,"tiger:name_type":null,"tiger:name_base":null,"tiger:county":null,"tiger:cfcc":null,"name":null,"is_in:state_code":null,"is_in:state":null,"is_in:city":null},"geometry":{"type":"LineString","coordinates":[[-106.8190026,39.1873443],[-106.8191211,39.1873714],[-106.8192032,39.1873901]]}},
{"type":"Feature","properties":{"full_id":"w1553510835","osm_id":"1553510835","osm_type":"way","highway":"footway","crossing:markings":null,"crossing":null,"footway":"sidewalk","maxheight":null,"oneway:bicycle":null,"bus":null,"wheelchair":null,"source:geometry":null,"operator":null,"motor_vehicle":null,"dog":null,"cycleway:both:lane":null,"parking:lanes:both":null,"maxweight:signed":null,"sidewalk:both:surface":null,"turn:lanes:forward":null,"horse":null,"mtb:scale:imba":null,"wikipedia":null,"wikidata":null,"segregated":null,"tunnel":null,"layer":null,"bridge":null,"foot":null,"turn:lanes:backward":null,"source:hgv:national_network":null,"hgv:national_network":null,"hgv":null,"alt_name":null,"parking:right:orientation":null,"parking:right":null,"parking:left:orientation":null,"parking:left":null,"cycleway:right":null,"sidewalk":null,"cycleway:both":null,"bicycle":null,"tiger:name_direction_suffix":null,"tracktype":null,"source:maxspeed":null,"smoothness":null,"parking:lane:both":null,"lanes:forward":null,"lanes:backward":null,"CDOT_route":null,"lit":null,"sidewalk:right":null,"sidewalk:left":null,"tiger:name_type_1":null,"tiger:name_direction_prefix_1":null,"tiger:name_base_1":null,"railway":null,"old_railway_operator":null,"name_1":null,"maxspeed":null,"cycleway":null,"ref":null,"tiger:name_direction_prefix":null,"parking:both:orientation":null,"parking:both":null,"oneway":null,"access":null,"service":null,"tiger:reviewed":null,"surface":null,"lanes":null,"tiger:name_type":null,"tiger:name_base":null,"tiger:county":null,"tiger:cfcc":null,"name":null,"is_in:state_code":null,"is_in:state":null,"is_in:city":null},"geometry":{"type":"LineString","coordinates":[[-106.8192032,39.1873901],[-106.8201838,39.187593]]}},
{"type":"Feature","properties":{"full_id":"w1553510881","osm_id":"1553510881","osm_type":"way","highway":"footway","crossing:markings":null,"crossing":null,"footway":"sidewalk","maxheight":null,"oneway:bicycle":null,"bus":null,"wheelchair":null,"source:geometry":null,"operator":null,"motor_vehicle":null,"dog":null,"cycleway:both:lane":null,"parking:lanes:both":null,"maxweight:signed":null,"sidewalk:both:surface":null,"turn:lanes:forward":null,"horse":null,"mtb:scale:imba":null,"wikipedia":null,"wikidata":null,"segregated":null,"tunnel":null,"layer":null,"bridge":null,"foot":null,"turn:lanes:backward":null,"source:hgv:national_network":null,"hgv:national_network":null,"hgv":null,"alt_name":null,"parking:right:orientation":null,"parking:right":null,"parking:left:orientation":null,"parking:left":null,"cycleway:right":null,"sidewalk":null,"cycleway:both":null,"bicycle":null,"tiger:name_direction_suffix":null,"tracktype":null,"source:maxspeed":null,"smoothness":null,"parking:lane:both":null,"lanes:forward":null,"lanes:backward":null,"CDOT_route":null,"lit":null,"sidewalk:right":null,"sidewalk:left":null,"tiger:name_type_1":null,"tiger:name_direction_prefix_1":null,"tiger:name_base_1":null,"railway":null,"old_railway_operator":null,"name_1":null,"maxspeed":null,"cycleway":null,"ref":null,"tiger:name_direction_prefix":null,"parking:both:orientation":null,"parking:both":null,"oneway":null,"access":null,"service":null,"tiger:reviewed":null,"surface":null,"lanes":null,"tiger:name_type":null,"tiger:name_base":null,"tiger:county":null,"tiger:cfcc":null,"name":null,"is_in:state_code":null,"is_in:state":null,"is_in:city":null},"geometry":{"type":"LineString","coordinates":[[-106.8193044,39.1872188],[-106.8202462,39.1874057]]}},
{"type":"Feature","properties":{"full_id":"w1553510882","osm_id":"1553510882","osm_type":"way","highway":"footway","crossing:markings":null,"crossing":null,"footway":"sidewalk","maxheight":null,"oneway:bicycle":null,"bus":null,"wheelchair":null,"source:geometry":null,"operator":null,"motor_vehicle":null,"dog":null,"cycleway:both:lane":null,"parking:lanes:both":null,"maxweight:signed":null,"sidewalk:both:surface":null,"turn:lanes:forward":null,"horse":null,"mtb:scale:imba":null,"wikipedia":null,"wikidata":null,"segregated":null,"tunnel":null,"layer":null,"bridge":null,"foot":null,"turn:lanes:backward":null,"source:hgv:national_network":null,"hgv:national_network":null,"hgv":null,"alt_name":null,"parking:right:orientation":null,"parking:right":null,"parking:left:orientation":null,"parking:left":null,"cycleway:right":null,"sidewalk":null,"cycleway:both":null,"bicycle":null,"tiger:name_direction_suffix":null,"tracktype":null,"source:maxspeed":null,"smoothness":null,"parking:lane:both":null,"lanes:forward":null,"lanes:backward":null,"CDOT_route":null,"lit":null,"sidewalk:right":null,"sidewalk:left":null,"tiger:name_type_1":null,"tiger:name_direction_prefix_1":null,"tiger:name_base_1":null,"railway":null,"old_railway_operator":null,"name_1":null,"maxspeed":null,"cycleway":null,"ref":null,"tiger:name_direction_prefix":null,"parking:both:orientation":null,"parking:both":null,"oneway":null,"access":null,"service":null,"tiger:reviewed":null,"surface":null,"lanes":null,"tiger:name_type":null,"tiger:name_base":null,"tiger:county":null,"tiger:cfcc":null,"name":null,"is_in:state_code":null,"is_in:state":null,"is_in:city":null},"geometry":{"type":"LineString","coordinates":[[-106.8193044,39.1872188],[-106.8193055,39.1871614],[-106.8193183,39.1870791],[-106.8193312,39.1870101],[-106.819387,39.186946],[-106.8194106,39.1869045],[-106.8194138,39.1868928],[-106.8194568,39.1868953],[-106.8198172,39.1869727],[-106.8199082,39.186993],[-106.8200844,39.1870325],[-106.8202571,39.1870683],[-106.8202625,39.1871049],[-106.8202528,39.1871772],[-106.8202003,39.1873286],[-106.8201649,39.1873776]]}},
{"type":"Feature","properties":{"full_id":"w1553510883","osm_id":"1553510883","osm_type":"way","highway":"footway","crossing:markings":null,"crossing":null,"footway":"sidewalk","maxheight":null,"oneway:bicycle":null,"bus":null,"wheelchair":null,"source:geometry":null,"operator":null,"motor_vehicle":null,"dog":null,"cycleway:both:lane":null,"parking:lanes:both":null,"maxweight:signed":null,"sidewalk:both:surface":null,"turn:lanes:forward":null,"horse":null,"mtb:scale:imba":null,"wikipedia":null,"wikidata":null,"segregated":null,"tunnel":null,"layer":null,"bridge":null,"foot":null,"turn:lanes:backward":null,"source:hgv:national_network":null,"hgv:national_network":null,"hgv":null,"alt_name":null,"parking:right:orientation":null,"parking:right":null,"parking:left:orientation":null,"parking:left":null,"cycleway:right":null,"sidewalk":null,"cycleway:both":null,"bicycle":null,"tiger:name_direction_suffix":null,"tracktype":null,"source:maxspeed":null,"smoothness":null,"parking:lane:both":null,"lanes:forward":null,"lanes:backward":null,"CDOT_route":null,"lit":null,"sidewalk:right":null,"sidewalk:left":null,"tiger:name_type_1":null,"tiger:name_direction_prefix_1":null,"tiger:name_base_1":null,"railway":null,"old_railway_operator":null,"name_1":null,"maxspeed":null,"cycleway":null,"ref":null,"tiger:name_direction_prefix":null,"parking:both:orientation":null,"parking:both":null,"oneway":null,"access":null,"service":null,"tiger:reviewed":null,"surface":null,"lanes":null,"tiger:name_type":null,"tiger:name_base":null,"tiger:county":null,"tiger:cfcc":null,"name":null,"is_in:state_code":null,"is_in:state":null,"is_in:city":null},"geometry":{"type":"LineString","coordinates":[[-106.8194138,39.1868928],[-106.8194273,39.1868557],[-106.8194437,39.1868106],[-106.8194206,39.186785],[-106.8194156,39.1867376],[-106.8194703,39.1865987],[-106.8195041,39.1865066],[-106.81952,39.1864737],[-106.8195689,39.1864837],[-106.8196553,39.1864408],[-106.8198143,39.1863694],[-106.8198992,39.1863091],[-106.8199863,39.1862043],[-106.8200187,39.1861184]]}},
{"type":"Feature","properties":{"full_id":"w1553510889","osm_id":"1553510889","osm_type":"way","highway":"footway","crossing:markings":"yes","crossing":"uncontrolled","footway":"crossing","maxheight":null,"oneway:bicycle":null,"bus":null,"wheelchair":null,"source:geometry":null,"operator":null,"motor_vehicle":null,"dog":null,"cycleway:both:lane":null,"parking:lanes:both":null,"maxweight:signed":null,"sidewalk:both:surface":null,"turn:lanes:forward":null,"horse":null,"mtb:scale:imba":null,"wikipedia":null,"wikidata":null,"segregated":null,"tunnel":null,"layer":null,"bridge":null,"foot":null,"turn:lanes:backward":null,"source:hgv:national_network":null,"hgv:national_network":null,"hgv":null,"alt_name":null,"parking:right:orientation":null,"parking:right":null,"parking:left:orientation":null,"parking:left":null,"cycleway:right":null,"sidewalk":null,"cycleway:both":null,"bicycle":null,"tiger:name_direction_suffix":null,"tracktype":null,"source:maxspeed":null,"smoothness":null,"parking:lane:both":null,"lanes:forward":null,"lanes:backward":null,"CDOT_route":null,"lit":null,"sidewalk:right":null,"sidewalk:left":null,"tiger:name_type_1":null,"tiger:name_direction_prefix_1":null,"tiger:name_base_1":null,"railway":null,"old_railway_operator":null,"name_1":null,"maxspeed":null,"cycleway":null,"ref":null,"tiger:name_direction_prefix":null,"parking:both:orientation":null,"parking:both":null,"oneway":null,"access":null,"service":null,"tiger:reviewed":null,"surface":null,"lanes":null,"tiger:name_type":null,"tiger:name_base":null,"tiger:county":null,"tiger:cfcc":null,"name":null,"is_in:state_code":null,"is_in:state":null,"is_in:city":null},"geometry":{"type":"LineString","coordinates":[[-106.8157648,39.1864767],[-106.8157277,39.186567],[-106.815692,39.186654]]}},
{"type":"Feature","properties":{"full_id":"w1553510890","osm_id":"1553510890","osm_type":"way","highway":"footway","crossing:markings":null,"crossing":null,"footway":"sidewalk","maxheight":null,"oneway:bicycle":null,"bus":null,"wheelchair":null,"source:geometry":null,"operator":null,"motor_vehicle":null,"dog":null,"cycleway:both:lane":null,"parking:lanes:both":null,"maxweight:signed":null,"sidewalk:both:surface":null,"turn:lanes:forward":null,"horse":null,"mtb:scale:imba":null,"wikipedia":null,"wikidata":null,"segregated":null,"tunnel":null,"layer":null,"bridge":null,"foot":null,"turn:lanes:backward":null,"source:hgv:national_network":null,"hgv:national_network":null,"hgv":null,"alt_name":null,"parking:right:orientation":null,"parking:right":null,"parking:left:orientation":null,"parking:left":null,"cycleway:right":null,"sidewalk":null,"cycleway:both":null,"bicycle":null,"tiger:name_direction_suffix":null,"tracktype":null,"source:maxspeed":null,"smoothness":null,"parking:lane:both":null,"lanes:forward":null,"lanes:backward":null,"CDOT_route":null,"lit":null,"sidewalk:right":null,"sidewalk:left":null,"tiger:name_type_1":null,"tiger:name_direction_prefix_1":null,"tiger:name_base_1":null,"railway":null,"old_railway_operator":null,"name_1":null,"maxspeed":null,"cycleway":null,"ref":null,"tiger:name_direction_prefix":null,"parking:both:orientation":null,"parking:both":null,"oneway":null,"access":null,"service":null,"tiger:reviewed":null,"surface":null,"lanes":null,"tiger:name_type":null,"tiger:name_base":null,"tiger:county":null,"tiger:cfcc":null,"name":null,"is_in:state_code":null,"is_in:state":null,"is_in:city":null},"geometry":{"type":"LineString","coordinates":[[-106.8157648,39.1864767],[-106.8158565,39.1865041],[-106.816915,39.1867153],[-106.8169647,39.1867417],[-106.8170384,39.1867556],[-106.8171259,39.1867721],[-106.8178109,39.1869163],[-106.8179751,39.1869384]]}},
{"type":"Feature","properties":{"full_id":"w1553510891","osm_id":"1553510891","osm_type":"way","highway":"footway","crossing:markings":null,"crossing":null,"footway":"sidewalk","maxheight":null,"oneway:bicycle":null,"bus":null,"wheelchair":null,"source:geometry":null,"operator":null,"motor_vehicle":null,"dog":null,"cycleway:both:lane":null,"parking:lanes:both":null,"maxweight:signed":null,"sidewalk:both:surface":null,"turn:lanes:forward":null,"horse":null,"mtb:scale:imba":null,"wikipedia":null,"wikidata":null,"segregated":null,"tunnel":null,"layer":null,"bridge":null,"foot":null,"turn:lanes:backward":null,"source:hgv:national_network":null,"hgv:national_network":null,"hgv":null,"alt_name":null,"parking:right:orientation":null,"parking:right":null,"parking:left:orientation":null,"parking:left":null,"cycleway:right":null,"sidewalk":null,"cycleway:both":null,"bicycle":null,"tiger:name_direction_suffix":null,"tracktype":null,"source:maxspeed":null,"smoothness":null,"parking:lane:both":null,"lanes:forward":null,"lanes:backward":null,"CDOT_route":null,"lit":null,"sidewalk:right":null,"sidewalk:left":null,"tiger:name_type_1":null,"tiger:name_direction_prefix_1":null,"tiger:name_base_1":null,"railway":null,"old_railway_operator":null,"name_1":null,"maxspeed":null,"cycleway":null,"ref":null,"tiger:name_direction_prefix":null,"parking:both:orientation":null,"parking:both":null,"oneway":null,"access":null,"service":null,"tiger:reviewed":null,"surface":null,"lanes":null,"tiger:name_type":null,"tiger:name_base":null,"tiger:county":null,"tiger:cfcc":null,"name":null,"is_in:state_code":null,"is_in:state":null,"is_in:city":null},"geometry":{"type":"LineString","coordinates":[[-106.8145032,39.1863976],[-106.8154905,39.1866027],[-106.8155779,39.1866298],[-106.8156746,39.1866596]]}},
{"type":"Feature","properties":{"full_id":"w1553510892","osm_id":"1553510892","osm_type":"way","highway":"footway","crossing:markings":null,"crossing":null,"footway":"sidewalk","maxheight":null,"oneway:bicycle":null,"bus":null,"wheelchair":null,"source:geometry":null,"operator":null,"motor_vehicle":null,"dog":null,"cycleway:both:lane":null,"parking:lanes:both":null,"maxweight:signed":null,"sidewalk:both:surface":null,"turn:lanes:forward":null,"horse":null,"mtb:scale:imba":null,"wikipedia":null,"wikidata":null,"segregated":null,"tunnel":null,"layer":null,"bridge":null,"foot":null,"turn:lanes:backward":null,"source:hgv:national_network":null,"hgv:national_network":null,"hgv":null,"alt_name":null,"parking:right:orientation":null,"parking:right":null,"parking:left:orientation":null,"parking:left":null,"cycleway:right":null,"sidewalk":null,"cycleway:both":null,"bicycle":null,"tiger:name_direction_suffix":null,"tracktype":null,"source:maxspeed":null,"smoothness":null,"parking:lane:both":null,"lanes:forward":null,"lanes:backward":null,"CDOT_route":null,"lit":null,"sidewalk:right":null,"sidewalk:left":null,"tiger:name_type_1":null,"tiger:name_direction_prefix_1":null,"tiger:name_base_1":null,"railway":null,"old_railway_operator":null,"name_1":null,"maxspeed":null,"cycleway":null,"ref":null,"tiger:name_direction_prefix":null,"parking:both:orientation":null,"parking:both":null,"oneway":null,"access":null,"service":null,"tiger:reviewed":null,"surface":null,"lanes":null,"tiger:name_type":null,"tiger:name_base":null,"tiger:county":null,"tiger:cfcc":null,"name":null,"is_in:state_code":null,"is_in:state":null,"is_in:city":null},"geometry":{"type":"LineString","coordinates":[[-106.8142858,39.1870099],[-106.8143907,39.1867097]]}},
{"type":"Feature","properties":{"full_id":"w1553510893","osm_id":"1553510893","osm_type":"way","highway":"footway","crossing:markings":null,"crossing":null,"footway":"sidewalk","maxheight":null,"oneway:bicycle":null,"bus":null,"wheelchair":null,"source:geometry":null,"operator":null,"motor_vehicle":null,"dog":null,"cycleway:both:lane":null,"parking:lanes:both":null,"maxweight:signed":null,"sidewalk:both:surface":null,"turn:lanes:forward":null,"horse":null,"mtb:scale:imba":null,"wikipedia":null,"wikidata":null,"segregated":null,"tunnel":null,"layer":null,"bridge":null,"foot":null,"turn:lanes:backward":null,"source:hgv:national_network":null,"hgv:national_network":null,"hgv":null,"alt_name":null,"parking:right:orientation":null,"parking:right":null,"parking:left:orientation":null,"parking:left":null,"cycleway:right":null,"sidewalk":null,"cycleway:both":null,"bicycle":null,"tiger:name_direction_suffix":null,"tracktype":null,"source:maxspeed":null,"smoothness":null,"parking:lane:both":null,"lanes:forward":null,"lanes:backward":null,"CDOT_route":null,"lit":null,"sidewalk:right":null,"sidewalk:left":null,"tiger:name_type_1":null,"tiger:name_direction_prefix_1":null,"tiger:name_base_1":null,"railway":null,"old_railway_operator":null,"name_1":null,"maxspeed":null,"cycleway":null,"ref":null,"tiger:name_direction_prefix":null,"parking:both:orientation":null,"parking:both":null,"oneway":null,"access":null,"service":null,"tiger:reviewed":null,"surface":null,"lanes":null,"tiger:name_type":null,"tiger:name_base":null,"tiger:county":null,"tiger:cfcc":null,"name":null,"is_in:state_code":null,"is_in:state":null,"is_in:city":null},"geometry":{"type":"LineString","coordinates":[[-106.8154101,39.1874297],[-106.8163781,39.187637]]}},
{"type":"Feature","properties":{"full_id":"w1553510894","osm_id":"1553510894","osm_type":"way","highway":"footway","crossing:markings":"yes","crossing":"uncontrolled","footway":"crossing","maxheight":null,"oneway:bicycle":null,"bus":null,"wheelchair":null,"source:geometry":null,"operator":null,"motor_vehicle":null,"dog":null,"cycleway:both:lane":null,"parking:lanes:both":null,"maxweight:signed":null,"sidewalk:both:surface":null,"turn:lanes:forward":null,"horse":null,"mtb:scale:imba":null,"wikipedia":null,"wikidata":null,"segregated":null,"tunnel":null,"layer":null,"bridge":null,"foot":null,"turn:lanes:backward":null,"source:hgv:national_network":null,"hgv:national_network":null,"hgv":null,"alt_name":null,"parking:right:orientation":null,"parking:right":null,"parking:left:orientation":null,"parking:left":null,"cycleway:right":null,"sidewalk":null,"cycleway:both":null,"bicycle":null,"tiger:name_direction_suffix":null,"tracktype":null,"source:maxspeed":null,"smoothness":null,"parking:lane:both":null,"lanes:forward":null,"lanes:backward":null,"CDOT_route":null,"lit":null,"sidewalk:right":null,"sidewalk:left":null,"tiger:name_type_1":null,"tiger:name_direction_prefix_1":null,"tiger:name_base_1":null,"railway":null,"old_railway_operator":null,"name_1":null,"maxspeed":null,"cycleway":null,"ref":null,"tiger:name_direction_prefix":null,"parking:both:orientation":null,"parking:both":null,"oneway":null,"access":null,"service":null,"tiger:reviewed":null,"surface":null,"lanes":null,"tiger:name_type":null,"tiger:name_base":null,"tiger:county":null,"tiger:cfcc":null,"name":null,"is_in:state_code":null,"is_in:state":null,"is_in:city":null},"geometry":{"type":"LineString","coordinates":[[-106.8163781,39.187637],[-106.8163946,39.1876408],[-106.8164832,39.1876614],[-106.8165905,39.1876863]]}},
{"type":"Feature","properties":{"full_id":"w1553510895","osm_id":"1553510895","osm_type":"way","highway":"footway","crossing:markings":"yes","crossing":"uncontrolled","footway":"crossing","maxheight":null,"oneway:bicycle":null,"bus":null,"wheelchair":null,"source:geometry":null,"operator":null,"motor_vehicle":null,"dog":null,"cycleway:both:lane":null,"parking:lanes:both":null,"maxweight:signed":null,"sidewalk:both:surface":null,"turn:lanes:forward":null,"horse":null,"mtb:scale:imba":null,"wikipedia":null,"wikidata":null,"segregated":null,"tunnel":null,"layer":null,"bridge":null,"foot":null,"turn:lanes:backward":null,"source:hgv:national_network":null,"hgv:national_network":null,"hgv":null,"alt_name":null,"parking:right:orientation":null,"parking:right":null,"parking:left:orientation":null,"parking:left":null,"cycleway:right":null,"sidewalk":null,"cycleway:both":null,"bicycle":null,"tiger:name_direction_suffix":null,"tracktype":null,"source:maxspeed":null,"smoothness":null,"parking:lane:both":null,"lanes:forward":null,"lanes:backward":null,"CDOT_route":null,"lit":null,"sidewalk:right":null,"sidewalk:left":null,"tiger:name_type_1":null,"tiger:name_direction_prefix_1":null,"tiger:name_base_1":null,"railway":null,"old_railway_operator":null,"name_1":null,"maxspeed":null,"cycleway":null,"ref":null,"tiger:name_direction_prefix":null,"parking:both:orientation":null,"parking:both":null,"oneway":null,"access":null,"service":null,"tiger:reviewed":null,"surface":null,"lanes":null,"tiger:name_type":null,"tiger:name_base":null,"tiger:county":null,"tiger:cfcc":null,"name":null,"is_in:state_code":null,"is_in:state":null,"is_in:city":null},"geometry":{"type":"LineString","coordinates":[[-106.8165905,39.1876863],[-106.8166277,39.1875921],[-106.8166592,39.1875123]]}},
{"type":"Feature","properties":{"full_id":"w1553510896","osm_id":"1553510896","osm_type":"way","highway":"footway","crossing:markings":"yes","crossing":"uncontrolled","footway":"crossing","maxheight":null,"oneway:bicycle":null,"bus":null,"wheelchair":null,"source:geometry":null,"operator":null,"motor_vehicle":null,"dog":null,"cycleway:both:lane":null,"parking:lanes:both":null,"maxweight:signed":null,"sidewalk:both:surface":null,"turn:lanes:forward":null,"horse":null,"mtb:scale:imba":null,"wikipedia":null,"wikidata":null,"segregated":null,"tunnel":null,"layer":null,"bridge":null,"foot":null,"turn:lanes:backward":null,"source:hgv:national_network":null,"hgv:national_network":null,"hgv":null,"alt_name":null,"parking:right:orientation":null,"parking:right":null,"parking:left:orientation":null,"parking:left":null,"cycleway:right":null,"sidewalk":null,"cycleway:both":null,"bicycle":null,"tiger:name_direction_suffix":null,"tracktype":null,"source:maxspeed":null,"smoothness":null,"parking:lane:both":null,"lanes:forward":null,"lanes:backward":null,"CDOT_route":null,"lit":null,"sidewalk:right":null,"sidewalk:left":null,"tiger:name_type_1":null,"tiger:name_direction_prefix_1":null,"tiger:name_base_1":null,"railway":null,"old_railway_operator":null,"name_1":null,"maxspeed":null,"cycleway":null,"ref":null,"tiger:name_direction_prefix":null,"parking:both:orientation":null,"parking:both":null,"oneway":null,"access":null,"service":null,"tiger:reviewed":null,"surface":null,"lanes":null,"tiger:name_type":null,"tiger:name_base":null,"tiger:county":null,"tiger:cfcc":null,"name":null,"is_in:state_code":null,"is_in:state":null,"is_in:city":null},"geometry":{"type":"LineString","coordinates":[[-106.8175441,39.1878813],[-106.8175863,39.1877859],[-106.8176216,39.187706]]}},
{"type":"Feature","properties":{"full_id":"w1553510897","osm_id":"1553510897","osm_type":"way","highway":"footway","crossing:markings":"yes","crossing":"uncontrolled","footway":"crossing","maxheight":null,"oneway:bicycle":null,"bus":null,"wheelchair":null,"source:geometry":null,"operator":null,"motor_vehicle":null,"dog":null,"cycleway:both:lane":null,"parking:lanes:both":null,"maxweight:signed":null,"sidewalk:both:surface":null,"turn:lanes:forward":null,"horse":null,"mtb:scale:imba":null,"wikipedia":null,"wikidata":null,"segregated":null,"tunnel":null,"layer":null,"bridge":null,"foot":null,"turn:lanes:backward":null,"source:hgv:national_network":null,"hgv:national_network":null,"hgv":null,"alt_name":null,"parking:right:orientation":null,"parking:right":null,"parking:left:orientation":null,"parking:left":null,"cycleway:right":null,"sidewalk":null,"cycleway:both":null,"bicycle":null,"tiger:name_direction_suffix":null,"tracktype":null,"source:maxspeed":null,"smoothness":null,"parking:lane:both":null,"lanes:forward":null,"lanes:backward":null,"CDOT_route":null,"lit":null,"sidewalk:right":null,"sidewalk:left":null,"tiger:name_type_1":null,"tiger:name_direction_prefix_1":null,"tiger:name_base_1":null,"railway":null,"old_railway_operator":null,"name_1":null,"maxspeed":null,"cycleway":null,"ref":null,"tiger:name_direction_prefix":null,"parking:both:orientation":null,"parking:both":null,"oneway":null,"access":null,"service":null,"tiger:reviewed":null,"surface":null,"lanes":null,"tiger:name_type":null,"tiger:name_base":null,"tiger:county":null,"tiger:cfcc":null,"name":null,"is_in:state_code":null,"is_in:state":null,"is_in:city":null},"geometry":{"type":"LineString","coordinates":[[-106.8176216,39.187706],[-106.817711,39.1877206],[-106.8178255,39.1877393]]}},
{"type":"Feature","properties":{"full_id":"w1553510898","osm_id":"1553510898","osm_type":"way","highway":"footway","crossing:markings":"yes","crossing":"uncontrolled","footway":"crossing","maxheight":null,"oneway:bicycle":null,"bus":null,"wheelchair":null,"source:geometry":null,"operator":null,"motor_vehicle":null,"dog":null,"cycleway:both:lane":null,"parking:lanes:both":null,"maxweight:signed":null,"sidewalk:both:surface":null,"turn:lanes:forward":null,"horse":null,"mtb:scale:imba":null,"wikipedia":null,"wikidata":null,"segregated":null,"tunnel":null,"layer":null,"bridge":null,"foot":null,"turn:lanes:backward":null,"source:hgv:national_network":null,"hgv:national_network":null,"hgv":null,"alt_name":null,"parking:right:orientation":null,"parking:right":null,"parking:left:orientation":null,"parking:left":null,"cycleway:right":null,"sidewalk":null,"cycleway:both":null,"bicycle":null,"tiger:name_direction_suffix":null,"tracktype":null,"source:maxspeed":null,"smoothness":null,"parking:lane:both":null,"lanes:forward":null,"lanes:backward":null,"CDOT_route":null,"lit":null,"sidewalk:right":null,"sidewalk:left":null,"tiger:name_type_1":null,"tiger:name_direction_prefix_1":null,"tiger:name_base_1":null,"railway":null,"old_railway_operator":null,"name_1":null,"maxspeed":null,"cycleway":null,"ref":null,"tiger:name_direction_prefix":null,"parking:both:orientation":null,"parking:both":null,"oneway":null,"access":null,"service":null,"tiger:reviewed":null,"surface":null,"lanes":null,"tiger:name_type":null,"tiger:name_base":null,"tiger:county":null,"tiger:cfcc":null,"name":null,"is_in:state_code":null,"is_in:state":null,"is_in:city":null},"geometry":{"type":"LineString","coordinates":[[-106.8177704,39.1879127],[-106.8177968,39.1878297],[-106.8178255,39.1877393]]}},
{"type":"Feature","properties":{"full_id":"w1553512046","osm_id":"1553512046","osm_type":"way","highway":"footway","crossing:markings":"yes","crossing":"uncontrolled","footway":"crossing","maxheight":null,"oneway:bicycle":null,"bus":null,"wheelchair":null,"source:geometry":null,"operator":null,"motor_vehicle":null,"dog":null,"cycleway:both:lane":null,"parking:lanes:both":null,"maxweight:signed":null,"sidewalk:both:surface":null,"turn:lanes:forward":null,"horse":null,"mtb:scale:imba":null,"wikipedia":null,"wikidata":null,"segregated":null,"tunnel":null,"layer":null,"bridge":null,"foot":null,"turn:lanes:backward":null,"source:hgv:national_network":null,"hgv:national_network":null,"hgv":null,"alt_name":null,"parking:right:orientation":null,"parking:right":null,"parking:left:orientation":null,"parking:left":null,"cycleway:right":null,"sidewalk":null,"cycleway:both":null,"bicycle":null,"tiger:name_direction_suffix":null,"tracktype":null,"source:maxspeed":null,"smoothness":null,"parking:lane:both":null,"lanes:forward":null,"lanes:backward":null,"CDOT_route":null,"lit":null,"sidewalk:right":null,"sidewalk:left":null,"tiger:name_type_1":null,"tiger:name_direction_prefix_1":null,"tiger:name_base_1":null,"railway":null,"old_railway_operator":null,"name_1":null,"maxspeed":null,"cycleway":null,"ref":null,"tiger:name_direction_prefix":null,"parking:both:orientation":null,"parking:both":null,"oneway":null,"access":null,"service":null,"tiger:reviewed":null,"surface":null,"lanes":null,"tiger:name_type":null,"tiger:name_base":null,"tiger:county":null,"tiger:cfcc":null,"name":null,"is_in:state_code":null,"is_in:state":null,"is_in:city":null},"geometry":{"type":"LineString","coordinates":[[-106.8151639,39.1882182],[-106.8151415,39.1882137],[-106.8150428,39.1881938],[-106.8149317,39.1881714]]}},
{"type":"Feature","properties":{"full_id":"w1553512047","osm_id":"1553512047","osm_type":"way","highway":"footway","crossing:markings":null,"crossing":null,"footway":"sidewalk","maxheight":null,"oneway:bicycle":null,"bus":null,"wheelchair":null,"source:geometry":null,"operator":null,"motor_vehicle":null,"dog":null,"cycleway:both:lane":null,"parking:lanes:both":null,"maxweight:signed":null,"sidewalk:both:surface":null,"turn:lanes:forward":null,"horse":null,"mtb:scale:imba":null,"wikipedia":null,"wikidata":null,"segregated":null,"tunnel":null,"layer":null,"bridge":null,"foot":null,"turn:lanes:backward":null,"source:hgv:national_network":null,"hgv:national_network":null,"hgv":null,"alt_name":null,"parking:right:orientation":null,"parking:right":null,"parking:left:orientation":null,"parking:left":null,"cycleway:right":null,"sidewalk":null,"cycleway:both":null,"bicycle":null,"tiger:name_direction_suffix":null,"tracktype":null,"source:maxspeed":null,"smoothness":null,"parking:lane:both":null,"lanes:forward":null,"lanes:backward":null,"CDOT_route":null,"lit":null,"sidewalk:right":null,"sidewalk:left":null,"tiger:name_type_1":null,"tiger:name_direction_prefix_1":null,"tiger:name_base_1":null,"railway":null,"old_railway_operator":null,"name_1":null,"maxspeed":null,"cycleway":null,"ref":null,"tiger:name_direction_prefix":null,"parking:both:orientation":null,"parking:both":null,"oneway":null,"access":null,"service":null,"tiger:reviewed":null,"surface":null,"lanes":null,"tiger:name_type":null,"tiger:name_base":null,"tiger:county":null,"tiger:cfcc":null,"name":null,"is_in:state_code":null,"is_in:state":null,"is_in:city":null},"geometry":{"type":"LineString","coordinates":[[-106.8149414,39.1881336],[-106.8149317,39.1881714]]}},
{"type":"Feature","properties":{"full_id":"w1553512048","osm_id":"1553512048","osm_type":"way","highway":"footway","crossing:markings":null,"crossing":null,"footway":"sidewalk","maxheight":null,"oneway:bicycle":null,"bus":null,"wheelchair":null,"source:geometry":null,"operator":null,"motor_vehicle":null,"dog":null,"cycleway:both:lane":null,"parking:lanes:both":null,"maxweight:signed":null,"sidewalk:both:surface":null,"turn:lanes:forward":null,"horse":null,"mtb:scale:imba":null,"wikipedia":null,"wikidata":null,"segregated":null,"tunnel":null,"layer":"-1","bridge":null,"foot":null,"turn:lanes:backward":null,"source:hgv:national_network":null,"hgv:national_network":null,"hgv":null,"alt_name":null,"parking:right:orientation":null,"parking:right":null,"parking:left:orientation":null,"parking:left":null,"cycleway:right":null,"sidewalk":null,"cycleway:both":null,"bicycle":null,"tiger:name_direction_suffix":null,"tracktype":null,"source:maxspeed":null,"smoothness":null,"parking:lane:both":null,"lanes:forward":null,"lanes:backward":null,"CDOT_route":null,"lit":null,"sidewalk:right":null,"sidewalk:left":null,"tiger:name_type_1":null,"tiger:name_direction_prefix_1":null,"tiger:name_base_1":null,"railway":null,"old_railway_operator":null,"name_1":null,"maxspeed":null,"cycleway":null,"ref":null,"tiger:name_direction_prefix":null,"parking:both:orientation":null,"parking:both":null,"oneway":null,"access":null,"service":null,"tiger:reviewed":null,"surface":null,"lanes":null,"tiger:name_type":null,"tiger:name_base":null,"tiger:county":null,"tiger:cfcc":null,"name":null,"is_in:state_code":null,"is_in:state":null,"is_in:city":null},"geometry":{"type":"LineString","coordinates":[[-106.8149317,39.1881714],[-106.8148362,39.1884475],[-106.8148155,39.1884893],[-106.8148029,39.1885149],[-106.8147857,39.1885573],[-106.8147,39.1887773]]}},
{"type":"Feature","properties":{"full_id":"w1553512049","osm_id":"1553512049","osm_type":"way","highway":"footway","crossing:markings":null,"crossing":null,"footway":"sidewalk","maxheight":null,"oneway:bicycle":null,"bus":null,"wheelchair":null,"source:geometry":null,"operator":null,"motor_vehicle":null,"dog":null,"cycleway:both:lane":null,"parking:lanes:both":null,"maxweight:signed":null,"sidewalk:both:surface":null,"turn:lanes:forward":null,"horse":null,"mtb:scale:imba":null,"wikipedia":null,"wikidata":null,"segregated":null,"tunnel":null,"layer":null,"bridge":null,"foot":null,"turn:lanes:backward":null,"source:hgv:national_network":null,"hgv:national_network":null,"hgv":null,"alt_name":null,"parking:right:orientation":null,"parking:right":null,"parking:left:orientation":null,"parking:left":null,"cycleway:right":null,"sidewalk":null,"cycleway:both":null,"bicycle":null,"tiger:name_direction_suffix":null,"tracktype":null,"source:maxspeed":null,"smoothness":null,"parking:lane:both":null,"lanes:forward":null,"lanes:backward":null,"CDOT_route":null,"lit":null,"sidewalk:right":null,"sidewalk:left":null,"tiger:name_type_1":null,"tiger:name_direction_prefix_1":null,"tiger:name_base_1":null,"railway":null,"old_railway_operator":null,"name_1":null,"maxspeed":null,"cycleway":null,"ref":null,"tiger:name_direction_prefix":null,"parking:both:orientation":null,"parking:both":null,"oneway":null,"access":null,"service":null,"tiger:reviewed":null,"surface":null,"lanes":null,"tiger:name_type":null,"tiger:name_base":null,"tiger:county":null,"tiger:cfcc":null,"name":null,"is_in:state_code":null,"is_in:state":null,"is_in:city":null},"geometry":{"type":"LineString","coordinates":[[-106.8137806,39.1879136],[-106.8129985,39.1877539],[-106.8129494,39.1877301],[-106.8127938,39.1876984]]}},
{"type":"Feature","properties":{"full_id":"w1553512050","osm_id":"1553512050","osm_type":"way","highway":"footway","crossing:markings":null,"crossing":null,"footway":"sidewalk","maxheight":null,"oneway:bicycle":null,"bus":null,"wheelchair":null,"source:geometry":null,"operator":null,"motor_vehicle":null,"dog":null,"cycleway:both:lane":null,"parking:lanes:both":null,"maxweight:signed":null,"sidewalk:both:surface":null,"turn:lanes:forward":null,"horse":null,"mtb:scale:imba":null,"wikipedia":null,"wikidata":null,"segregated":null,"tunnel":null,"layer":null,"bridge":null,"foot":null,"turn:lanes:backward":null,"source:hgv:national_network":null,"hgv:national_network":null,"hgv":null,"alt_name":null,"parking:right:orientation":null,"parking:right":null,"parking:left:orientation":null,"parking:left":null,"cycleway:right":null,"sidewalk":null,"cycleway:both":null,"bicycle":null,"tiger:name_direction_suffix":null,"tracktype":null,"source:maxspeed":null,"smoothness":null,"parking:lane:both":null,"lanes:forward":null,"lanes:backward":null,"CDOT_route":null,"lit":null,"sidewalk:right":null,"sidewalk:left":null,"tiger:name_type_1":null,"tiger:name_direction_prefix_1":null,"tiger:name_base_1":null,"railway":null,"old_railway_operator":null,"name_1":null,"maxspeed":null,"cycleway":null,"ref":null,"tiger:name_direction_prefix":null,"parking:both:orientation":null,"parking:both":null,"oneway":null,"access":null,"service":null,"tiger:reviewed":null,"surface":null,"lanes":null,"tiger:name_type":null,"tiger:name_base":null,"tiger:county":null,"tiger:cfcc":null,"name":null,"is_in:state_code":null,"is_in:state":null,"is_in:city":null},"geometry":{"type":"LineString","coordinates":[[-106.8149372,39.1888255],[-106.8150347,39.1885334],[-106.8151415,39.1882137]]}},
{"type":"Feature","properties":{"full_id":"w1553512051","osm_id":"1553512051","osm_type":"way","highway":"footway","crossing:markings":null,"crossing":null,"footway":"sidewalk","maxheight":null,"oneway:bicycle":null,"bus":null,"wheelchair":null,"source:geometry":null,"operator":null,"motor_vehicle":null,"dog":null,"cycleway:both:lane":null,"parking:lanes:both":null,"maxweight:signed":null,"sidewalk:both:surface":null,"turn:lanes:forward":null,"horse":null,"mtb:scale:imba":null,"wikipedia":null,"wikidata":null,"segregated":null,"tunnel":null,"layer":"-1","bridge":null,"foot":null,"turn:lanes:backward":null,"source:hgv:national_network":null,"hgv:national_network":null,"hgv":null,"alt_name":null,"parking:right:orientation":null,"parking:right":null,"parking:left:orientation":null,"parking:left":null,"cycleway:right":null,"sidewalk":null,"cycleway:both":null,"bicycle":null,"tiger:name_direction_suffix":null,"tracktype":null,"source:maxspeed":null,"smoothness":null,"parking:lane:both":null,"lanes:forward":null,"lanes:backward":null,"CDOT_route":null,"lit":null,"sidewalk:right":null,"sidewalk:left":null,"tiger:name_type_1":null,"tiger:name_direction_prefix_1":null,"tiger:name_base_1":null,"railway":null,"old_railway_operator":null,"name_1":null,"maxspeed":null,"cycleway":null,"ref":null,"tiger:name_direction_prefix":null,"parking:both:orientation":null,"parking:both":null,"oneway":null,"access":null,"service":null,"tiger:reviewed":null,"surface":null,"lanes":null,"tiger:name_type":null,"tiger:name_base":null,"tiger:county":null,"tiger:cfcc":null,"name":null,"is_in:state_code":null,"is_in:state":null,"is_in:city":null},"geometry":{"type":"LineString","coordinates":[[-106.8179768,39.19029],[-106.8180825,39.189993],[-106.8181155,39.1899],[-106.8182105,39.1896885]]}},
{"type":"Feature","properties":{"full_id":"w1553512052","osm_id":"1553512052","osm_type":"way","highway":"footway","crossing:markings":"yes","crossing":"uncontrolled","footway":"crossing","maxheight":null,"oneway:bicycle":null,"bus":null,"wheelchair":null,"source:geometry":null,"operator":null,"motor_vehicle":null,"dog":null,"cycleway:both:lane":null,"parking:lanes:both":null,"maxweight:signed":null,"sidewalk:both:surface":null,"turn:lanes:forward":null,"horse":null,"mtb:scale:imba":null,"wikipedia":null,"wikidata":null,"segregated":null,"tunnel":null,"layer":null,"bridge":null,"foot":null,"turn:lanes:backward":null,"source:hgv:national_network":null,"hgv:national_network":null,"hgv":null,"alt_name":null,"parking:right:orientation":null,"parking:right":null,"parking:left:orientation":null,"parking:left":null,"cycleway:right":null,"sidewalk":null,"cycleway:both":null,"bicycle":null,"tiger:name_direction_suffix":null,"tracktype":null,"source:maxspeed":null,"smoothness":null,"parking:lane:both":null,"lanes:forward":null,"lanes:backward":null,"CDOT_route":null,"lit":null,"sidewalk:right":null,"sidewalk:left":null,"tiger:name_type_1":null,"tiger:name_direction_prefix_1":null,"tiger:name_base_1":null,"railway":null,"old_railway_operator":null,"name_1":null,"maxspeed":null,"cycleway":null,"ref":null,"tiger:name_direction_prefix":null,"parking:both:orientation":null,"parking:both":null,"oneway":null,"access":null,"service":null,"tiger:reviewed":null,"surface":null,"lanes":null,"tiger:name_type":null,"tiger:name_base":null,"tiger:county":null,"tiger:cfcc":null,"name":null,"is_in:state_code":null,"is_in:state":null,"is_in:city":null},"geometry":{"type":"LineString","coordinates":[[-106.8193744,39.1899262],[-106.8194823,39.1899495],[-106.8195634,39.1899671],[-106.8195968,39.1899743]]}},
{"type":"Feature","properties":{"full_id":"w1553512053","osm_id":"1553512053","osm_type":"way","highway":"footway","crossing:markings":"yes","crossing":"uncontrolled","footway":"crossing","maxheight":null,"oneway:bicycle":null,"bus":null,"wheelchair":null,"source:geometry":null,"operator":null,"motor_vehicle":null,"dog":null,"cycleway:both:lane":null,"parking:lanes:both":null,"maxweight:signed":null,"sidewalk:both:surface":null,"turn:lanes:forward":null,"horse":null,"mtb:scale:imba":null,"wikipedia":null,"wikidata":null,"segregated":null,"tunnel":null,"layer":null,"bridge":null,"foot":null,"turn:lanes:backward":null,"source:hgv:national_network":null,"hgv:national_network":null,"hgv":null,"alt_name":null,"parking:right:orientation":null,"parking:right":null,"parking:left:orientation":null,"parking:left":null,"cycleway:right":null,"sidewalk":null,"cycleway:both":null,"bicycle":null,"tiger:name_direction_suffix":null,"tracktype":null,"source:maxspeed":null,"smoothness":null,"parking:lane:both":null,"lanes:forward":null,"lanes:backward":null,"CDOT_route":null,"lit":null,"sidewalk:right":null,"sidewalk:left":null,"tiger:name_type_1":null,"tiger:name_direction_prefix_1":null,"tiger:name_base_1":null,"railway":null,"old_railway_operator":null,"name_1":null,"maxspeed":null,"cycleway":null,"ref":null,"tiger:name_direction_prefix":null,"parking:both:orientation":null,"parking:both":null,"oneway":null,"access":null,"service":null,"tiger:reviewed":null,"surface":null,"lanes":null,"tiger:name_type":null,"tiger:name_base":null,"tiger:county":null,"tiger:cfcc":null,"name":null,"is_in:state_code":null,"is_in:state":null,"is_in:city":null},"geometry":{"type":"LineString","coordinates":[[-106.8195968,39.1899743],[-106.8196222,39.1898888],[-106.8196477,39.1898029]]}},
{"type":"Feature","properties":{"full_id":"w1553512054","osm_id":"1553512054","osm_type":"way","highway":"footway","crossing:markings":"yes","crossing":"uncontrolled","footway":"crossing","maxheight":null,"oneway:bicycle":null,"bus":null,"wheelchair":null,"source:geometry":null,"operator":null,"motor_vehicle":null,"dog":null,"cycleway:both:lane":null,"parking:lanes:both":null,"maxweight:signed":null,"sidewalk:both:surface":null,"turn:lanes:forward":null,"horse":null,"mtb:scale:imba":null,"wikipedia":null,"wikidata":null,"segregated":null,"tunnel":null,"layer":null,"bridge":null,"foot":null,"turn:lanes:backward":null,"source:hgv:national_network":null,"hgv:national_network":null,"hgv":null,"alt_name":null,"parking:right:orientation":null,"parking:right":null,"parking:left:orientation":null,"parking:left":null,"cycleway:right":null,"sidewalk":null,"cycleway:both":null,"bicycle":null,"tiger:name_direction_suffix":null,"tracktype":null,"source:maxspeed":null,"smoothness":null,"parking:lane:both":null,"lanes:forward":null,"lanes:backward":null,"CDOT_route":null,"lit":null,"sidewalk:right":null,"sidewalk:left":null,"tiger:name_type_1":null,"tiger:name_direction_prefix_1":null,"tiger:name_base_1":null,"railway":null,"old_railway_operator":null,"name_1":null,"maxspeed":null,"cycleway":null,"ref":null,"tiger:name_direction_prefix":null,"parking:both:orientation":null,"parking:both":null,"oneway":null,"access":null,"service":null,"tiger:reviewed":null,"surface":null,"lanes":null,"tiger:name_type":null,"tiger:name_base":null,"tiger:county":null,"tiger:cfcc":null,"name":null,"is_in:state_code":null,"is_in:state":null,"is_in:city":null},"geometry":{"type":"LineString","coordinates":[[-106.8193744,39.1899262],[-106.8194055,39.1898444],[-106.8194363,39.1897636]]}},
{"type":"Feature","properties":{"full_id":"w1553512055","osm_id":"1553512055","osm_type":"way","highway":"footway","crossing:markings":"yes","crossing":"uncontrolled","footway":"crossing","maxheight":null,"oneway:bicycle":null,"bus":null,"wheelchair":null,"source:geometry":null,"operator":null,"motor_vehicle":null,"dog":null,"cycleway:both:lane":null,"parking:lanes:both":null,"maxweight:signed":null,"sidewalk:both:surface":null,"turn:lanes:forward":null,"horse":null,"mtb:scale:imba":null,"wikipedia":null,"wikidata":null,"segregated":null,"tunnel":null,"layer":null,"bridge":null,"foot":null,"turn:lanes:backward":null,"source:hgv:national_network":null,"hgv:national_network":null,"hgv":null,"alt_name":null,"parking:right:orientation":null,"parking:right":null,"parking:left:orientation":null,"parking:left":null,"cycleway:right":null,"sidewalk":null,"cycleway:both":null,"bicycle":null,"tiger:name_direction_suffix":null,"tracktype":null,"source:maxspeed":null,"smoothness":null,"parking:lane:both":null,"lanes:forward":null,"lanes:backward":null,"CDOT_route":null,"lit":null,"sidewalk:right":null,"sidewalk:left":null,"tiger:name_type_1":null,"tiger:name_direction_prefix_1":null,"tiger:name_base_1":null,"railway":null,"old_railway_operator":null,"name_1":null,"maxspeed":null,"cycleway":null,"ref":null,"tiger:name_direction_prefix":null,"parking:both:orientation":null,"parking:both":null,"oneway":null,"access":null,"service":null,"tiger:reviewed":null,"surface":null,"lanes":null,"tiger:name_type":null,"tiger:name_base":null,"tiger:county":null,"tiger:cfcc":null,"name":null,"is_in:state_code":null,"is_in:state":null,"is_in:city":null},"geometry":{"type":"LineString","coordinates":[[-106.8194363,39.1897636],[-106.8195382,39.1897825],[-106.8196477,39.1898029]]}},
{"type":"Feature","properties":{"full_id":"w1553512056","osm_id":"1553512056","osm_type":"way","highway":"footway","crossing:markings":null,"crossing":null,"footway":"sidewalk","maxheight":null,"oneway:bicycle":null,"bus":null,"wheelchair":null,"source:geometry":null,"operator":null,"motor_vehicle":null,"dog":null,"cycleway:both:lane":null,"parking:lanes:both":null,"maxweight:signed":null,"sidewalk:both:surface":null,"turn:lanes:forward":null,"horse":null,"mtb:scale:imba":null,"wikipedia":null,"wikidata":null,"segregated":null,"tunnel":null,"layer":"-1","bridge":null,"foot":null,"turn:lanes:backward":null,"source:hgv:national_network":null,"hgv:national_network":null,"hgv":null,"alt_name":null,"parking:right:orientation":null,"parking:right":null,"parking:left:orientation":null,"parking:left":null,"cycleway:right":null,"sidewalk":null,"cycleway:both":null,"bicycle":null,"tiger:name_direction_suffix":null,"tracktype":null,"source:maxspeed":null,"smoothness":null,"parking:lane:both":null,"lanes:forward":null,"lanes:backward":null,"CDOT_route":null,"lit":null,"sidewalk:right":null,"sidewalk:left":null,"tiger:name_type_1":null,"tiger:name_direction_prefix_1":null,"tiger:name_base_1":null,"railway":null,"old_railway_operator":null,"name_1":null,"maxspeed":null,"cycleway":null,"ref":null,"tiger:name_direction_prefix":null,"parking:both:orientation":null,"parking:both":null,"oneway":null,"access":null,"service":null,"tiger:reviewed":null,"surface":null,"lanes":null,"tiger:name_type":null,"tiger:name_base":null,"tiger:county":null,"tiger:cfcc":null,"name":null,"is_in:state_code":null,"is_in:state":null,"is_in:city":null},"geometry":{"type":"LineString","coordinates":[[-106.8196477,39.1898029],[-106.8205932,39.1899999]]}},
{"type":"Feature","properties":{"full_id":"w1553512852","osm_id":"1553512852","osm_type":"way","highway":"footway","crossing:markings":null,"crossing":null,"footway":"sidewalk","maxheight":null,"oneway:bicycle":null,"bus":null,"wheelchair":null,"source:geometry":null,"operator":null,"motor_vehicle":null,"dog":null,"cycleway:both:lane":null,"parking:lanes:both":null,"maxweight:signed":null,"sidewalk:both:surface":null,"turn:lanes:forward":null,"horse":null,"mtb:scale:imba":null,"wikipedia":null,"wikidata":null,"segregated":null,"tunnel":null,"layer":null,"bridge":null,"foot":null,"turn:lanes:backward":null,"source:hgv:national_network":null,"hgv:national_network":null,"hgv":null,"alt_name":null,"parking:right:orientation":null,"parking:right":null,"parking:left:orientation":null,"parking:left":null,"cycleway:right":null,"sidewalk":null,"cycleway:both":null,"bicycle":null,"tiger:name_direction_suffix":null,"tracktype":null,"source:maxspeed":null,"smoothness":null,"parking:lane:both":null,"lanes:forward":null,"lanes:backward":null,"CDOT_route":null,"lit":null,"sidewalk:right":null,"sidewalk:left":null,"tiger:name_type_1":null,"tiger:name_direction_prefix_1":null,"tiger:name_base_1":null,"railway":null,"old_railway_operator":null,"name_1":null,"maxspeed":null,"cycleway":null,"ref":null,"tiger:name_direction_prefix":null,"parking:both:orientation":null,"parking:both":null,"oneway":null,"access":null,"service":null,"tiger:reviewed":null,"surface":null,"lanes":null,"tiger:name_type":null,"tiger:name_base":null,"tiger:county":null,"tiger:cfcc":null,"name":null,"is_in:state_code":null,"is_in:state":null,"is_in:city":null},"geometry":{"type":"LineString","coordinates":[[-106.8208244,39.1893843],[-106.8198782,39.1891811],[-106.8198439,39.1891872],[-106.8197449,39.1894979],[-106.8196477,39.1898029]]}},
{"type":"Feature","properties":{"full_id":"w1553512853","osm_id":"1553512853","osm_type":"way","highway":"footway","crossing:markings":null,"crossing":null,"footway":"sidewalk","maxheight":null,"oneway:bicycle":null,"bus":null,"wheelchair":null,"source:geometry":null,"operator":null,"motor_vehicle":null,"dog":null,"cycleway:both:lane":null,"parking:lanes:both":null,"maxweight:signed":null,"sidewalk:both:surface":null,"turn:lanes:forward":null,"horse":null,"mtb:scale:imba":null,"wikipedia":null,"wikidata":null,"segregated":null,"tunnel":null,"layer":null,"bridge":null,"foot":null,"turn:lanes:backward":null,"source:hgv:national_network":null,"hgv:national_network":null,"hgv":null,"alt_name":null,"parking:right:orientation":null,"parking:right":null,"parking:left:orientation":null,"parking:left":null,"cycleway:right":null,"sidewalk":null,"cycleway:both":null,"bicycle":null,"tiger:name_direction_suffix":null,"tracktype":null,"source:maxspeed":null,"smoothness":null,"parking:lane:both":null,"lanes:forward":null,"lanes:backward":null,"CDOT_route":null,"lit":null,"sidewalk:right":null,"sidewalk:left":null,"tiger:name_type_1":null,"tiger:name_direction_prefix_1":null,"tiger:name_base_1":null,"railway":null,"old_railway_operator":null,"name_1":null,"maxspeed":null,"cycleway":null,"ref":null,"tiger:name_direction_prefix":null,"parking:both:orientation":null,"parking:both":null,"oneway":null,"access":null,"service":null,"tiger:reviewed":null,"surface":null,"lanes":null,"tiger:name_type":null,"tiger:name_base":null,"tiger:county":null,"tiger:cfcc":null,"name":null,"is_in:state_code":null,"is_in:state":null,"is_in:city":null},"geometry":{"type":"LineString","coordinates":[[-106.8194363,39.1897636],[-106.8195401,39.1894547],[-106.8196757,39.189051]]}},
{"type":"Feature","properties":{"full_id":"w1553512854","osm_id":"1553512854","osm_type":"way","highway":"footway","crossing:markings":null,"crossing":null,"footway":"sidewalk","maxheight":null,"oneway:bicycle":null,"bus":null,"wheelchair":null,"source:geometry":null,"operator":null,"motor_vehicle":null,"dog":null,"cycleway:both:lane":null,"parking:lanes:both":null,"maxweight:signed":null,"sidewalk:both:surface":null,"turn:lanes:forward":null,"horse":null,"mtb:scale:imba":null,"wikipedia":null,"wikidata":null,"segregated":null,"tunnel":null,"layer":null,"bridge":null,"foot":null,"turn:lanes:backward":null,"source:hgv:national_network":null,"hgv:national_network":null,"hgv":null,"alt_name":null,"parking:right:orientation":null,"parking:right":null,"parking:left:orientation":null,"parking:left":null,"cycleway:right":null,"sidewalk":null,"cycleway:both":null,"bicycle":null,"tiger:name_direction_suffix":null,"tracktype":null,"source:maxspeed":null,"smoothness":null,"parking:lane:both":null,"lanes:forward":null,"lanes:backward":null,"CDOT_route":null,"lit":null,"sidewalk:right":null,"sidewalk:left":null,"tiger:name_type_1":null,"tiger:name_direction_prefix_1":null,"tiger:name_base_1":null,"railway":null,"old_railway_operator":null,"name_1":null,"maxspeed":null,"cycleway":null,"ref":null,"tiger:name_direction_prefix":null,"parking:both:orientation":null,"parking:both":null,"oneway":null,"access":null,"service":null,"tiger:reviewed":null,"surface":null,"lanes":null,"tiger:name_type":null,"tiger:name_base":null,"tiger:county":null,"tiger:cfcc":null,"name":null,"is_in:state_code":null,"is_in:state":null,"is_in:city":null},"geometry":{"type":"LineString","coordinates":[[-106.8193844,39.1905943],[-106.8194708,39.1902916],[-106.8195634,39.1899671]]}},
{"type":"Feature","properties":{"full_id":"w1553512855","osm_id":"1553512855","osm_type":"way","highway":"footway","crossing:markings":null,"crossing":null,"footway":"sidewalk","maxheight":null,"oneway:bicycle":null,"bus":null,"wheelchair":null,"source:geometry":null,"operator":null,"motor_vehicle":null,"dog":null,"cycleway:both:lane":null,"parking:lanes:both":null,"maxweight:signed":null,"sidewalk:both:surface":null,"turn:lanes:forward":null,"horse":null,"mtb:scale:imba":null,"wikipedia":null,"wikidata":null,"segregated":null,"tunnel":null,"layer":null,"bridge":null,"foot":null,"turn:lanes:backward":null,"source:hgv:national_network":null,"hgv:national_network":null,"hgv":null,"alt_name":null,"parking:right:orientation":null,"parking:right":null,"parking:left:orientation":null,"parking:left":null,"cycleway:right":null,"sidewalk":null,"cycleway:both":null,"bicycle":null,"tiger:name_direction_suffix":null,"tracktype":null,"source:maxspeed":null,"smoothness":null,"parking:lane:both":null,"lanes:forward":null,"lanes:backward":null,"CDOT_route":null,"lit":null,"sidewalk:right":null,"sidewalk:left":null,"tiger:name_type_1":null,"tiger:name_direction_prefix_1":null,"tiger:name_base_1":null,"railway":null,"old_railway_operator":null,"name_1":null,"maxspeed":null,"cycleway":null,"ref":null,"tiger:name_direction_prefix":null,"parking:both:orientation":null,"parking:both":null,"oneway":null,"access":null,"service":null,"tiger:reviewed":null,"surface":null,"lanes":null,"tiger:name_type":null,"tiger:name_base":null,"tiger:county":null,"tiger:cfcc":null,"name":null,"is_in:state_code":null,"is_in:state":null,"is_in:city":null},"geometry":{"type":"LineString","coordinates":[[-106.8191547,39.1905415],[-106.8192598,39.1902472],[-106.8193744,39.1899262]]}},
{"type":"Feature","properties":{"full_id":"w1553512856","osm_id":"1553512856","osm_type":"way","highway":"footway","crossing:markings":null,"crossing":null,"footway":"sidewalk","maxheight":null,"oneway:bicycle":null,"bus":null,"wheelchair":null,"source:geometry":null,"operator":null,"motor_vehicle":null,"dog":null,"cycleway:both:lane":null,"parking:lanes:both":null,"maxweight:signed":null,"sidewalk:both:surface":null,"turn:lanes:forward":null,"horse":null,"mtb:scale:imba":null,"wikipedia":null,"wikidata":null,"segregated":null,"tunnel":null,"layer":null,"bridge":null,"foot":null,"turn:lanes:backward":null,"source:hgv:national_network":null,"hgv:national_network":null,"hgv":null,"alt_name":null,"parking:right:orientation":null,"parking:right":null,"parking:left:orientation":null,"parking:left":null,"cycleway:right":null,"sidewalk":null,"cycleway:both":null,"bicycle":null,"tiger:name_direction_suffix":null,"tracktype":null,"source:maxspeed":null,"smoothness":null,"parking:lane:both":null,"lanes:forward":null,"lanes:backward":null,"CDOT_route":null,"lit":null,"sidewalk:right":null,"sidewalk:left":null,"tiger:name_type_1":null,"tiger:name_direction_prefix_1":null,"tiger:name_base_1":null,"railway":null,"old_railway_operator":null,"name_1":null,"maxspeed":null,"cycleway":null,"ref":null,"tiger:name_direction_prefix":null,"parking:both:orientation":null,"parking:both":null,"oneway":null,"access":null,"service":null,"tiger:reviewed":null,"surface":null,"lanes":null,"tiger:name_type":null,"tiger:name_base":null,"tiger:county":null,"tiger:cfcc":null,"name":null,"is_in:state_code":null,"is_in:state":null,"is_in:city":null},"geometry":{"type":"LineString","coordinates":[[-106.8170268,39.1894527],[-106.8169792,39.1894378],[-106.8169212,39.1894092],[-106.8168878,39.1894038],[-106.8168448,39.1894045],[-106.8168096,39.1893963],[-106.8167631,39.1893691],[-106.8167191,39.1893636],[-106.8166655,39.1893663],[-106.8160549,39.1892416]]}},
{"type":"Feature","properties":{"full_id":"w1553512857","osm_id":"1553512857","osm_type":"way","highway":"footway","crossing:markings":null,"crossing":null,"footway":"sidewalk","maxheight":null,"oneway:bicycle":null,"bus":null,"wheelchair":null,"source:geometry":null,"operator":null,"motor_vehicle":null,"dog":null,"cycleway:both:lane":null,"parking:lanes:both":null,"maxweight:signed":null,"sidewalk:both:surface":null,"turn:lanes:forward":null,"horse":null,"mtb:scale:imba":null,"wikipedia":null,"wikidata":null,"segregated":null,"tunnel":null,"layer":null,"bridge":null,"foot":null,"turn:lanes:backward":null,"source:hgv:national_network":null,"hgv:national_network":null,"hgv":null,"alt_name":null,"parking:right:orientation":null,"parking:right":null,"parking:left:orientation":null,"parking:left":null,"cycleway:right":null,"sidewalk":null,"cycleway:both":null,"bicycle":null,"tiger:name_direction_suffix":null,"tracktype":null,"source:maxspeed":null,"smoothness":null,"parking:lane:both":null,"lanes:forward":null,"lanes:backward":null,"CDOT_route":null,"lit":null,"sidewalk:right":null,"sidewalk:left":null,"tiger:name_type_1":null,"tiger:name_direction_prefix_1":null,"tiger:name_base_1":null,"railway":null,"old_railway_operator":null,"name_1":null,"maxspeed":null,"cycleway":null,"ref":null,"tiger:name_direction_prefix":null,"parking:both:orientation":null,"parking:both":null,"oneway":null,"access":null,"service":null,"tiger:reviewed":null,"surface":null,"lanes":null,"tiger:name_type":null,"tiger:name_base":null,"tiger:county":null,"tiger:cfcc":null,"name":null,"is_in:state_code":null,"is_in:state":null,"is_in:city":null},"geometry":{"type":"LineString","coordinates":[[-106.8160304,39.189237],[-106.815929,39.1895391],[-106.8158224,39.1898564]]}},
{"type":"Feature","properties":{"full_id":"w1553512858","osm_id":"1553512858","osm_type":"way","highway":"footway","crossing:markings":null,"crossing":null,"footway":"sidewalk","maxheight":null,"oneway:bicycle":null,"bus":null,"wheelchair":null,"source:geometry":null,"operator":null,"motor_vehicle":null,"dog":null,"cycleway:both:lane":null,"parking:lanes:both":null,"maxweight:signed":null,"sidewalk:both:surface":null,"turn:lanes:forward":null,"horse":null,"mtb:scale:imba":null,"wikipedia":null,"wikidata":null,"segregated":null,"tunnel":null,"layer":null,"bridge":null,"foot":null,"turn:lanes:backward":null,"source:hgv:national_network":null,"hgv:national_network":null,"hgv":null,"alt_name":null,"parking:right:orientation":null,"parking:right":null,"parking:left:orientation":null,"parking:left":null,"cycleway:right":null,"sidewalk":null,"cycleway:both":null,"bicycle":null,"tiger:name_direction_suffix":null,"tracktype":null,"source:maxspeed":null,"smoothness":null,"parking:lane:both":null,"lanes:forward":null,"lanes:backward":null,"CDOT_route":null,"lit":null,"sidewalk:right":null,"sidewalk:left":null,"tiger:name_type_1":null,"tiger:name_direction_prefix_1":null,"tiger:name_base_1":null,"railway":null,"old_railway_operator":null,"name_1":null,"maxspeed":null,"cycleway":null,"ref":null,"tiger:name_direction_prefix":null,"parking:both:orientation":null,"parking:both":null,"oneway":null,"access":null,"service":null,"tiger:reviewed":null,"surface":null,"lanes":null,"tiger:name_type":null,"tiger:name_base":null,"tiger:county":null,"tiger:cfcc":null,"name":null,"is_in:state_code":null,"is_in:state":null,"is_in:city":null},"geometry":{"type":"LineString","coordinates":[[-106.8152006,39.1880308],[-106.8152454,39.1880517],[-106.8157244,39.1881588],[-106.8157666,39.1881527],[-106.8161709,39.1882296]]}},
{"type":"Feature","properties":{"full_id":"w1553512859","osm_id":"1553512859","osm_type":"way","highway":"footway","crossing:markings":null,"crossing":null,"footway":"sidewalk","maxheight":null,"oneway:bicycle":null,"bus":null,"wheelchair":null,"source:geometry":null,"operator":null,"motor_vehicle":null,"dog":null,"cycleway:both:lane":null,"parking:lanes:both":null,"maxweight:signed":null,"sidewalk:both:surface":null,"turn:lanes:forward":null,"horse":null,"mtb:scale:imba":null,"wikipedia":null,"wikidata":null,"segregated":null,"tunnel":null,"layer":null,"bridge":null,"foot":null,"turn:lanes:backward":null,"source:hgv:national_network":null,"hgv:national_network":null,"hgv":null,"alt_name":null,"parking:right:orientation":null,"parking:right":null,"parking:left:orientation":null,"parking:left":null,"cycleway:right":null,"sidewalk":null,"cycleway:both":null,"bicycle":null,"tiger:name_direction_suffix":null,"tracktype":null,"source:maxspeed":null,"smoothness":null,"parking:lane:both":null,"lanes:forward":null,"lanes:backward":null,"CDOT_route":null,"lit":null,"sidewalk:right":null,"sidewalk:left":null,"tiger:name_type_1":null,"tiger:name_direction_prefix_1":null,"tiger:name_base_1":null,"railway":null,"old_railway_operator":null,"name_1":null,"maxspeed":null,"cycleway":null,"ref":null,"tiger:name_direction_prefix":null,"parking:both:orientation":null,"parking:both":null,"oneway":null,"access":null,"service":null,"tiger:reviewed":null,"surface":null,"lanes":null,"tiger:name_type":null,"tiger:name_base":null,"tiger:county":null,"tiger:cfcc":null,"name":null,"is_in:state_code":null,"is_in:state":null,"is_in:city":null},"geometry":{"type":"LineString","coordinates":[[-106.8161709,39.1882296],[-106.8161831,39.1881527],[-106.8161901,39.1881186],[-106.8162569,39.187966],[-106.8162749,39.1879391],[-106.8163105,39.1878857],[-106.8163946,39.1876408]]}},
{"type":"Feature","properties":{"full_id":"w1553512860","osm_id":"1553512860","osm_type":"way","highway":"footway","crossing:markings":null,"crossing":null,"footway":"sidewalk","maxheight":null,"oneway:bicycle":null,"bus":null,"wheelchair":null,"source:geometry":null,"operator":null,"motor_vehicle":null,"dog":null,"cycleway:both:lane":null,"parking:lanes:both":null,"maxweight:signed":null,"sidewalk:both:surface":null,"turn:lanes:forward":null,"horse":null,"mtb:scale:imba":null,"wikipedia":null,"wikidata":null,"segregated":null,"tunnel":null,"layer":null,"bridge":null,"foot":null,"turn:lanes:backward":null,"source:hgv:national_network":null,"hgv:national_network":null,"hgv":null,"alt_name":null,"parking:right:orientation":null,"parking:right":null,"parking:left:orientation":null,"parking:left":null,"cycleway:right":null,"sidewalk":null,"cycleway:both":null,"bicycle":null,"tiger:name_direction_suffix":null,"tracktype":null,"source:maxspeed":null,"smoothness":null,"parking:lane:both":null,"lanes:forward":null,"lanes:backward":null,"CDOT_route":null,"lit":null,"sidewalk:right":null,"sidewalk:left":null,"tiger:name_type_1":null,"tiger:name_direction_prefix_1":null,"tiger:name_base_1":null,"railway":null,"old_railway_operator":null,"name_1":null,"maxspeed":null,"cycleway":null,"ref":null,"tiger:name_direction_prefix":null,"parking:both:orientation":null,"parking:both":null,"oneway":null,"access":null,"service":null,"tiger:reviewed":null,"surface":null,"lanes":null,"tiger:name_type":null,"tiger:name_base":null,"tiger:county":null,"tiger:cfcc":null,"name":null,"is_in:state_code":null,"is_in:state":null,"is_in:city":null},"geometry":{"type":"LineString","coordinates":[[-106.8152006,39.1880308],[-106.8153029,39.187737],[-106.8153736,39.1875337]]}},
{"type":"Feature","properties":{"full_id":"w1553512861","osm_id":"1553512861","osm_type":"way","highway":"footway","crossing:markings":null,"crossing":null,"footway":"sidewalk","maxheight":null,"oneway:bicycle":null,"bus":null,"wheelchair":null,"source:geometry":null,"operator":null,"motor_vehicle":null,"dog":null,"cycleway:both:lane":null,"parking:lanes:both":null,"maxweight:signed":null,"sidewalk:both:surface":null,"turn:lanes:forward":null,"horse":null,"mtb:scale:imba":null,"wikipedia":null,"wikidata":null,"segregated":null,"tunnel":null,"layer":null,"bridge":null,"foot":null,"turn:lanes:backward":null,"source:hgv:national_network":null,"hgv:national_network":null,"hgv":null,"alt_name":null,"parking:right:orientation":null,"parking:right":null,"parking:left:orientation":null,"parking:left":null,"cycleway:right":null,"sidewalk":null,"cycleway:both":null,"bicycle":null,"tiger:name_direction_suffix":null,"tracktype":null,"source:maxspeed":null,"smoothness":null,"parking:lane:both":null,"lanes:forward":null,"lanes:backward":null,"CDOT_route":null,"lit":null,"sidewalk:right":null,"sidewalk:left":null,"tiger:name_type_1":null,"tiger:name_direction_prefix_1":null,"tiger:name_base_1":null,"railway":null,"old_railway_operator":null,"name_1":null,"maxspeed":null,"cycleway":null,"ref":null,"tiger:name_direction_prefix":null,"parking:both:orientation":null,"parking:both":null,"oneway":null,"access":null,"service":null,"tiger:reviewed":null,"surface":null,"lanes":null,"tiger:name_type":null,"tiger:name_base":null,"tiger:county":null,"tiger:cfcc":null,"name":null,"is_in:state_code":null,"is_in:state":null,"is_in:city":null},"geometry":{"type":"LineString","coordinates":[[-106.8130226,39.1869432],[-106.8140323,39.1871499],[-106.8140662,39.1871569]]}},
{"type":"Feature","properties":{"full_id":"w1553512862","osm_id":"1553512862","osm_type":"way","highway":"footway","crossing:markings":"yes","crossing":"uncontrolled","footway":"crossing","maxheight":null,"oneway:bicycle":null,"bus":null,"wheelchair":null,"source:geometry":null,"operator":null,"motor_vehicle":null,"dog":null,"cycleway:both:lane":null,"parking:lanes:both":null,"maxweight:signed":null,"sidewalk:both:surface":null,"turn:lanes:forward":null,"horse":null,"mtb:scale:imba":null,"wikipedia":null,"wikidata":null,"segregated":null,"tunnel":null,"layer":null,"bridge":null,"foot":null,"turn:lanes:backward":null,"source:hgv:national_network":null,"hgv:national_network":null,"hgv":null,"alt_name":null,"parking:right:orientation":null,"parking:right":null,"parking:left:orientation":null,"parking:left":null,"cycleway:right":null,"sidewalk":null,"cycleway:both":null,"bicycle":null,"tiger:name_direction_suffix":null,"tracktype":null,"source:maxspeed":null,"smoothness":null,"parking:lane:both":null,"lanes:forward":null,"lanes:backward":null,"CDOT_route":null,"lit":null,"sidewalk:right":null,"sidewalk:left":null,"tiger:name_type_1":null,"tiger:name_direction_prefix_1":null,"tiger:name_base_1":null,"railway":null,"old_railway_operator":null,"name_1":null,"maxspeed":null,"cycleway":null,"ref":null,"tiger:name_direction_prefix":null,"parking:both:orientation":null,"parking:both":null,"oneway":null,"access":null,"service":null,"tiger:reviewed":null,"surface":null,"lanes":null,"tiger:name_type":null,"tiger:name_base":null,"tiger:county":null,"tiger:cfcc":null,"name":null,"is_in:state_code":null,"is_in:state":null,"is_in:city":null},"geometry":{"type":"LineString","coordinates":[[-106.8099894,39.1862843],[-106.8099164,39.1862609],[-106.8098515,39.18624]]}},
{"type":"Feature","properties":{"full_id":"w1553512863","osm_id":"1553512863","osm_type":"way","highway":"footway","crossing:markings":null,"crossing":null,"footway":"sidewalk","maxheight":null,"oneway:bicycle":null,"bus":null,"wheelchair":null,"source:geometry":null,"operator":null,"motor_vehicle":null,"dog":null,"cycleway:both:lane":null,"parking:lanes:both":null,"maxweight:signed":null,"sidewalk:both:surface":null,"turn:lanes:forward":null,"horse":null,"mtb:scale:imba":null,"wikipedia":null,"wikidata":null,"segregated":null,"tunnel":null,"layer":null,"bridge":null,"foot":null,"turn:lanes:backward":null,"source:hgv:national_network":null,"hgv:national_network":null,"hgv":null,"alt_name":null,"parking:right:orientation":null,"parking:right":null,"parking:left:orientation":null,"parking:left":null,"cycleway:right":null,"sidewalk":null,"cycleway:both":null,"bicycle":null,"tiger:name_direction_suffix":null,"tracktype":null,"source:maxspeed":null,"smoothness":null,"parking:lane:both":null,"lanes:forward":null,"lanes:backward":null,"CDOT_route":null,"lit":null,"sidewalk:right":null,"sidewalk:left":null,"tiger:name_type_1":null,"tiger:name_direction_prefix_1":null,"tiger:name_base_1":null,"railway":null,"old_railway_operator":null,"name_1":null,"maxspeed":null,"cycleway":null,"ref":null,"tiger:name_direction_prefix":null,"parking:both:orientation":null,"parking:both":null,"oneway":null,"access":null,"service":null,"tiger:reviewed":null,"surface":null,"lanes":null,"tiger:name_type":null,"tiger:name_base":null,"tiger:county":null,"tiger:cfcc":null,"name":null,"is_in:state_code":null,"is_in:state":null,"is_in:city":null},"geometry":{"type":"LineString","coordinates":[[-106.8098515,39.18624],[-106.8097891,39.186178],[-106.8097302,39.1861365],[-106.8095861,39.1860541],[-106.8093233,39.1859015],[-106.8088901,39.1856434],[-106.8088614,39.1856272]]}},
{"type":"Feature","properties":{"full_id":"w1553512864","osm_id":"1553512864","osm_type":"way","highway":"footway","crossing:markings":null,"crossing":null,"footway":"sidewalk","maxheight":null,"oneway:bicycle":null,"bus":null,"wheelchair":null,"source:geometry":null,"operator":null,"motor_vehicle":null,"dog":null,"cycleway:both:lane":null,"parking:lanes:both":null,"maxweight:signed":null,"sidewalk:both:surface":null,"turn:lanes:forward":null,"horse":null,"mtb:scale:imba":null,"wikipedia":null,"wikidata":null,"segregated":null,"tunnel":null,"layer":null,"bridge":null,"foot":null,"turn:lanes:backward":null,"source:hgv:national_network":null,"hgv:national_network":null,"hgv":null,"alt_name":null,"parking:right:orientation":null,"parking:right":null,"parking:left:orientation":null,"parking:left":null,"cycleway:right":null,"sidewalk":null,"cycleway:both":null,"bicycle":null,"tiger:name_direction_suffix":null,"tracktype":null,"source:maxspeed":null,"smoothness":null,"parking:lane:both":null,"lanes:forward":null,"lanes:backward":null,"CDOT_route":null,"lit":null,"sidewalk:right":null,"sidewalk:left":null,"tiger:name_type_1":null,"tiger:name_direction_prefix_1":null,"tiger:name_base_1":null,"railway":null,"old_railway_operator":null,"name_1":null,"maxspeed":null,"cycleway":null,"ref":null,"tiger:name_direction_prefix":null,"parking:both:orientation":null,"parking:both":null,"oneway":null,"access":null,"service":null,"tiger:reviewed":null,"surface":null,"lanes":null,"tiger:name_type":null,"tiger:name_base":null,"tiger:county":null,"tiger:cfcc":null,"name":null,"is_in:state_code":null,"is_in:state":null,"is_in:city":null},"geometry":{"type":"LineString","coordinates":[[-106.8099894,39.1862843],[-106.8100738,39.1863109],[-106.8101618,39.1863418],[-106.8102346,39.1863674],[-106.8105826,39.1864491],[-106.8106647,39.1864644]]}},
{"type":"Feature","properties":{"full_id":"w1553512865","osm_id":"1553512865","osm_type":"way","highway":"footway","crossing:markings":null,"crossing":null,"footway":"sidewalk","maxheight":null,"oneway:bicycle":null,"bus":null,"wheelchair":null,"source:geometry":null,"operator":null,"motor_vehicle":null,"dog":null,"cycleway:both:lane":null,"parking:lanes:both":null,"maxweight:signed":null,"sidewalk:both:surface":null,"turn:lanes:forward":null,"horse":null,"mtb:scale:imba":null,"wikipedia":null,"wikidata":null,"segregated":null,"tunnel":null,"layer":null,"bridge":null,"foot":null,"turn:lanes:backward":null,"source:hgv:national_network":null,"hgv:national_network":null,"hgv":null,"alt_name":null,"parking:right:orientation":null,"parking:right":null,"parking:left:orientation":null,"parking:left":null,"cycleway:right":null,"sidewalk":null,"cycleway:both":null,"bicycle":null,"tiger:name_direction_suffix":null,"tracktype":null,"source:maxspeed":null,"smoothness":null,"parking:lane:both":null,"lanes:forward":null,"lanes:backward":null,"CDOT_route":null,"lit":null,"sidewalk:right":null,"sidewalk:left":null,"tiger:name_type_1":null,"tiger:name_direction_prefix_1":null,"tiger:name_base_1":null,"railway":null,"old_railway_operator":null,"name_1":null,"maxspeed":null,"cycleway":null,"ref":null,"tiger:name_direction_prefix":null,"parking:both:orientation":null,"parking:both":null,"oneway":null,"access":null,"service":null,"tiger:reviewed":null,"surface":null,"lanes":null,"tiger:name_type":null,"tiger:name_base":null,"tiger:county":null,"tiger:cfcc":null,"name":null,"is_in:state_code":null,"is_in:state":null,"is_in:city":null},"geometry":{"type":"LineString","coordinates":[[-106.8102346,39.1863674],[-106.8102126,39.1864089],[-106.8102082,39.1867829]]}},
{"type":"Feature","properties":{"full_id":"w1553512866","osm_id":"1553512866","osm_type":"way","highway":"footway","crossing:markings":null,"crossing":null,"footway":"sidewalk","maxheight":null,"oneway:bicycle":null,"bus":null,"wheelchair":null,"source:geometry":null,"operator":null,"motor_vehicle":null,"dog":null,"cycleway:both:lane":null,"parking:lanes:both":null,"maxweight:signed":null,"sidewalk:both:surface":null,"turn:lanes:forward":null,"horse":null,"mtb:scale:imba":null,"wikipedia":null,"wikidata":null,"segregated":null,"tunnel":null,"layer":null,"bridge":null,"foot":null,"turn:lanes:backward":null,"source:hgv:national_network":null,"hgv:national_network":null,"hgv":null,"alt_name":null,"parking:right:orientation":null,"parking:right":null,"parking:left:orientation":null,"parking:left":null,"cycleway:right":null,"sidewalk":null,"cycleway:both":null,"bicycle":null,"tiger:name_direction_suffix":null,"tracktype":null,"source:maxspeed":null,"smoothness":null,"parking:lane:both":null,"lanes:forward":null,"lanes:backward":null,"CDOT_route":null,"lit":null,"sidewalk:right":null,"sidewalk:left":null,"tiger:name_type_1":null,"tiger:name_direction_prefix_1":null,"tiger:name_base_1":null,"railway":null,"old_railway_operator":null,"name_1":null,"maxspeed":null,"cycleway":null,"ref":null,"tiger:name_direction_prefix":null,"parking:both:orientation":null,"parking:both":null,"oneway":null,"access":null,"service":null,"tiger:reviewed":null,"surface":null,"lanes":null,"tiger:name_type":null,"tiger:name_base":null,"tiger:county":null,"tiger:cfcc":null,"name":null,"is_in:state_code":null,"is_in:state":null,"is_in:city":null},"geometry":{"type":"LineString","coordinates":[[-106.8098515,39.18624],[-106.8097715,39.1863709],[-106.8095483,39.1867047],[-106.8094296,39.1869124],[-106.809362,39.1869376],[-106.8093075,39.1869928],[-106.8092978,39.1870336],[-106.8092908,39.1871018],[-106.809289,39.1871787],[-106.8092407,39.1872468],[-106.8092302,39.1872598],[-106.8092152,39.1872897],[-106.8092258,39.1873585],[-106.809231,39.1874001],[-106.8092152,39.1874334],[-106.8090035,39.1874212],[-106.8089876,39.187398],[-106.8089477,39.1873987]]}},
{"type":"Feature","properties":{"full_id":"w1553512867","osm_id":"1553512867","osm_type":"way","highway":"footway","crossing:markings":null,"crossing":null,"footway":"sidewalk","maxheight":null,"oneway:bicycle":null,"bus":null,"wheelchair":null,"source:geometry":null,"operator":null,"motor_vehicle":null,"dog":null,"cycleway:both:lane":null,"parking:lanes:both":null,"maxweight:signed":null,"sidewalk:both:surface":null,"turn:lanes:forward":null,"horse":null,"mtb:scale:imba":null,"wikipedia":null,"wikidata":null,"segregated":null,"tunnel":null,"layer":null,"bridge":null,"foot":null,"turn:lanes:backward":null,"source:hgv:national_network":null,"hgv:national_network":null,"hgv":null,"alt_name":null,"parking:right:orientation":null,"parking:right":null,"parking:left:orientation":null,"parking:left":null,"cycleway:right":null,"sidewalk":null,"cycleway:both":null,"bicycle":null,"tiger:name_direction_suffix":null,"tracktype":null,"source:maxspeed":null,"smoothness":null,"parking:lane:both":null,"lanes:forward":null,"lanes:backward":null,"CDOT_route":null,"lit":null,"sidewalk:right":null,"sidewalk:left":null,"tiger:name_type_1":null,"tiger:name_direction_prefix_1":null,"tiger:name_base_1":null,"railway":null,"old_railway_operator":null,"name_1":null,"maxspeed":null,"cycleway":null,"ref":null,"tiger:name_direction_prefix":null,"parking:both:orientation":null,"parking:both":null,"oneway":null,"access":null,"service":null,"tiger:reviewed":null,"surface":null,"lanes":null,"tiger:name_type":null,"tiger:name_base":null,"tiger:county":null,"tiger:cfcc":null,"name":null,"is_in:state_code":null,"is_in:state":null,"is_in:city":null},"geometry":{"type":"LineString","coordinates":[[-106.8092152,39.1874334],[-106.8092143,39.1874683],[-106.8092135,39.1875016],[-106.8092445,39.1875533],[-106.8092354,39.1876412],[-106.8092205,39.1876943],[-106.8092328,39.1877324],[-106.8092671,39.187744]]}},
{"type":"Feature","properties":{"full_id":"w1553512868","osm_id":"1553512868","osm_type":"way","highway":"footway","crossing:markings":"yes","crossing":"uncontrolled","footway":"crossing","maxheight":null,"oneway:bicycle":null,"bus":null,"wheelchair":null,"source:geometry":null,"operator":null,"motor_vehicle":null,"dog":null,"cycleway:both:lane":null,"parking:lanes:both":null,"maxweight:signed":null,"sidewalk:both:surface":null,"turn:lanes:forward":null,"horse":null,"mtb:scale:imba":null,"wikipedia":null,"wikidata":null,"segregated":null,"tunnel":null,"layer":null,"bridge":null,"foot":null,"turn:lanes:backward":null,"source:hgv:national_network":null,"hgv:national_network":null,"hgv":null,"alt_name":null,"parking:right:orientation":null,"parking:right":null,"parking:left:orientation":null,"parking:left":null,"cycleway:right":null,"sidewalk":null,"cycleway:both":null,"bicycle":null,"tiger:name_direction_suffix":null,"tracktype":null,"source:maxspeed":null,"smoothness":null,"parking:lane:both":null,"lanes:forward":null,"lanes:backward":null,"CDOT_route":null,"lit":null,"sidewalk:right":null,"sidewalk:left":null,"tiger:name_type_1":null,"tiger:name_direction_prefix_1":null,"tiger:name_base_1":null,"railway":null,"old_railway_operator":null,"name_1":null,"maxspeed":null,"cycleway":null,"ref":null,"tiger:name_direction_prefix":null,"parking:both:orientation":null,"parking:both":null,"oneway":null,"access":null,"service":null,"tiger:reviewed":null,"surface":null,"lanes":null,"tiger:name_type":null,"tiger:name_base":null,"tiger:county":null,"tiger:cfcc":null,"name":null,"is_in:state_code":null,"is_in:state":null,"is_in:city":null},"geometry":{"type":"LineString","coordinates":[[-106.8092671,39.187744],[-106.8093238,39.1877476],[-106.809376,39.1877508]]}},
{"type":"Feature","properties":{"full_id":"w1553512869","osm_id":"1553512869","osm_type":"way","highway":"footway","crossing:markings":null,"crossing":null,"footway":"sidewalk","maxheight":null,"oneway:bicycle":null,"bus":null,"wheelchair":null,"source:geometry":null,"operator":null,"motor_vehicle":null,"dog":null,"cycleway:both:lane":null,"parking:lanes:both":null,"maxweight:signed":null,"sidewalk:both:surface":null,"turn:lanes:forward":null,"horse":null,"mtb:scale:imba":null,"wikipedia":null,"wikidata":null,"segregated":null,"tunnel":null,"layer":null,"bridge":null,"foot":null,"turn:lanes:backward":null,"source:hgv:national_network":null,"hgv:national_network":null,"hgv":null,"alt_name":null,"parking:right:orientation":null,"parking:right":null,"parking:left:orientation":null,"parking:left":null,"cycleway:right":null,"sidewalk":null,"cycleway:both":null,"bicycle":null,"tiger:name_direction_suffix":null,"tracktype":null,"source:maxspeed":null,"smoothness":null,"parking:lane:both":null,"lanes:forward":null,"lanes:backward":null,"CDOT_route":null,"lit":null,"sidewalk:right":null,"sidewalk:left":null,"tiger:name_type_1":null,"tiger:name_direction_prefix_1":null,"tiger:name_base_1":null,"railway":null,"old_railway_operator":null,"name_1":null,"maxspeed":null,"cycleway":null,"ref":null,"tiger:name_direction_prefix":null,"parking:both:orientation":null,"parking:both":null,"oneway":null,"access":null,"service":null,"tiger:reviewed":null,"surface":null,"lanes":null,"tiger:name_type":null,"tiger:name_base":null,"tiger:county":null,"tiger:cfcc":null,"name":null,"is_in:state_code":null,"is_in:state":null,"is_in:city":null},"geometry":{"type":"LineString","coordinates":[[-106.8127631,39.1872656],[-106.8126444,39.1875349]]}},
{"type":"Feature","properties":{"full_id":"w1553512870","osm_id":"1553512870","osm_type":"way","highway":"footway","crossing:markings":null,"crossing":null,"footway":"sidewalk","maxheight":null,"oneway:bicycle":null,"bus":null,"wheelchair":null,"source:geometry":null,"operator":null,"motor_vehicle":null,"dog":null,"cycleway:both:lane":null,"parking:lanes:both":null,"maxweight:signed":null,"sidewalk:both:surface":null,"turn:lanes:forward":null,"horse":null,"mtb:scale:imba":null,"wikipedia":null,"wikidata":null,"segregated":null,"tunnel":null,"layer":null,"bridge":null,"foot":null,"turn:lanes:backward":null,"source:hgv:national_network":null,"hgv:national_network":null,"hgv":null,"alt_name":null,"parking:right:orientation":null,"parking:right":null,"parking:left:orientation":null,"parking:left":null,"cycleway:right":null,"sidewalk":null,"cycleway:both":null,"bicycle":null,"tiger:name_direction_suffix":null,"tracktype":null,"source:maxspeed":null,"smoothness":null,"parking:lane:both":null,"lanes:forward":null,"lanes:backward":null,"CDOT_route":null,"lit":null,"sidewalk:right":null,"sidewalk:left":null,"tiger:name_type_1":null,"tiger:name_direction_prefix_1":null,"tiger:name_base_1":null,"railway":null,"old_railway_operator":null,"name_1":null,"maxspeed":null,"cycleway":null,"ref":null,"tiger:name_direction_prefix":null,"parking:both:orientation":null,"parking:both":null,"oneway":null,"access":null,"service":null,"tiger:reviewed":null,"surface":null,"lanes":null,"tiger:name_type":null,"tiger:name_base":null,"tiger:county":null,"tiger:cfcc":null,"name":null,"is_in:state_code":null,"is_in:state":null,"is_in:city":null},"geometry":{"type":"LineString","coordinates":[[-106.8115863,39.1882982],[-106.8118627,39.1883489],[-106.8121772,39.1884304],[-106.8122024,39.1884357],[-106.8134389,39.1886981],[-106.813811,39.1887628],[-106.8140154,39.188808],[-106.8146681,39.1889482],[-106.8146802,39.1889508]]}},
{"type":"Feature","properties":{"full_id":"w1553512871","osm_id":"1553512871","osm_type":"way","highway":"footway","crossing:markings":null,"crossing":null,"footway":"sidewalk","maxheight":null,"oneway:bicycle":null,"bus":null,"wheelchair":null,"source:geometry":null,"operator":null,"motor_vehicle":null,"dog":null,"cycleway:both:lane":null,"parking:lanes:both":null,"maxweight:signed":null,"sidewalk:both:surface":null,"turn:lanes:forward":null,"horse":null,"mtb:scale:imba":null,"wikipedia":null,"wikidata":null,"segregated":null,"tunnel":null,"layer":null,"bridge":null,"foot":null,"turn:lanes:backward":null,"source:hgv:national_network":null,"hgv:national_network":null,"hgv":null,"alt_name":null,"parking:right:orientation":null,"parking:right":null,"parking:left:orientation":null,"parking:left":null,"cycleway:right":null,"sidewalk":null,"cycleway:both":null,"bicycle":null,"tiger:name_direction_suffix":null,"tracktype":null,"source:maxspeed":null,"smoothness":null,"parking:lane:both":null,"lanes:forward":null,"lanes:backward":null,"CDOT_route":null,"lit":null,"sidewalk:right":null,"sidewalk:left":null,"tiger:name_type_1":null,"tiger:name_direction_prefix_1":null,"tiger:name_base_1":null,"railway":null,"old_railway_operator":null,"name_1":null,"maxspeed":null,"cycleway":null,"ref":null,"tiger:name_direction_prefix":null,"parking:both:orientation":null,"parking:both":null,"oneway":null,"access":null,"service":null,"tiger:reviewed":null,"surface":null,"lanes":null,"tiger:name_type":null,"tiger:name_base":null,"tiger:county":null,"tiger:cfcc":null,"name":null,"is_in:state_code":null,"is_in:state":null,"is_in:city":null},"geometry":{"type":"LineString","coordinates":[[-106.8146681,39.1889482],[-106.814589,39.1891829],[-106.8145854,39.1892614]]}},
{"type":"Feature","properties":{"full_id":"w1553512872","osm_id":"1553512872","osm_type":"way","highway":"footway","crossing:markings":null,"crossing":null,"footway":"sidewalk","maxheight":null,"oneway:bicycle":null,"bus":null,"wheelchair":null,"source:geometry":null,"operator":null,"motor_vehicle":null,"dog":null,"cycleway:both:lane":null,"parking:lanes:both":null,"maxweight:signed":null,"sidewalk:both:surface":null,"turn:lanes:forward":null,"horse":null,"mtb:scale:imba":null,"wikipedia":null,"wikidata":null,"segregated":null,"tunnel":null,"layer":null,"bridge":null,"foot":null,"turn:lanes:backward":null,"source:hgv:national_network":null,"hgv:national_network":null,"hgv":null,"alt_name":null,"parking:right:orientation":null,"parking:right":null,"parking:left:orientation":null,"parking:left":null,"cycleway:right":null,"sidewalk":null,"cycleway:both":null,"bicycle":null,"tiger:name_direction_suffix":null,"tracktype":null,"source:maxspeed":null,"smoothness":null,"parking:lane:both":null,"lanes:forward":null,"lanes:backward":null,"CDOT_route":null,"lit":null,"sidewalk:right":null,"sidewalk:left":null,"tiger:name_type_1":null,"tiger:name_direction_prefix_1":null,"tiger:name_base_1":null,"railway":null,"old_railway_operator":null,"name_1":null,"maxspeed":null,"cycleway":null,"ref":null,"tiger:name_direction_prefix":null,"parking:both:orientation":null,"parking:both":null,"oneway":null,"access":null,"service":null,"tiger:reviewed":null,"surface":null,"lanes":null,"tiger:name_type":null,"tiger:name_base":null,"tiger:county":null,"tiger:cfcc":null,"name":null,"is_in:state_code":null,"is_in:state":null,"is_in:city":null},"geometry":{"type":"LineString","coordinates":[[-106.8145854,39.1892614],[-106.8145235,39.1892588],[-106.8144508,39.1892476],[-106.814363,39.1892286],[-106.8142601,39.1892091],[-106.8141924,39.1891952],[-106.814124,39.1891818],[-106.8140679,39.1891835],[-106.8140096,39.1891857],[-106.8139924,39.1891901],[-106.8139268,39.1892119]]}},
{"type":"Feature","properties":{"full_id":"w1553512873","osm_id":"1553512873","osm_type":"way","highway":"footway","crossing:markings":null,"crossing":null,"footway":"sidewalk","maxheight":null,"oneway:bicycle":null,"bus":null,"wheelchair":null,"source:geometry":null,"operator":null,"motor_vehicle":null,"dog":null,"cycleway:both:lane":null,"parking:lanes:both":null,"maxweight:signed":null,"sidewalk:both:surface":null,"turn:lanes:forward":null,"horse":null,"mtb:scale:imba":null,"wikipedia":null,"wikidata":null,"segregated":null,"tunnel":null,"layer":null,"bridge":null,"foot":null,"turn:lanes:backward":null,"source:hgv:national_network":null,"hgv:national_network":null,"hgv":null,"alt_name":null,"parking:right:orientation":null,"parking:right":null,"parking:left:orientation":null,"parking:left":null,"cycleway:right":null,"sidewalk":null,"cycleway:both":null,"bicycle":null,"tiger:name_direction_suffix":null,"tracktype":null,"source:maxspeed":null,"smoothness":null,"parking:lane:both":null,"lanes:forward":null,"lanes:backward":null,"CDOT_route":null,"lit":null,"sidewalk:right":null,"sidewalk:left":null,"tiger:name_type_1":null,"tiger:name_direction_prefix_1":null,"tiger:name_base_1":null,"railway":null,"old_railway_operator":null,"name_1":null,"maxspeed":null,"cycleway":null,"ref":null,"tiger:name_direction_prefix":null,"parking:both:orientation":null,"parking:both":null,"oneway":null,"access":null,"service":null,"tiger:reviewed":null,"surface":null,"lanes":null,"tiger:name_type":null,"tiger:name_base":null,"tiger:county":null,"tiger:cfcc":null,"name":null,"is_in:state_code":null,"is_in:state":null,"is_in:city":null},"geometry":{"type":"LineString","coordinates":[[-106.8137534,39.1893062],[-106.8136044,39.1893977],[-106.8134079,39.1895533]]}},
{"type":"Feature","properties":{"full_id":"w1553512874","osm_id":"1553512874","osm_type":"way","highway":"footway","crossing:markings":null,"crossing":null,"footway":"sidewalk","maxheight":null,"oneway:bicycle":null,"bus":null,"wheelchair":null,"source:geometry":null,"operator":null,"motor_vehicle":null,"dog":null,"cycleway:both:lane":null,"parking:lanes:both":null,"maxweight:signed":null,"sidewalk:both:surface":null,"turn:lanes:forward":null,"horse":null,"mtb:scale:imba":null,"wikipedia":null,"wikidata":null,"segregated":null,"tunnel":null,"layer":"1","bridge":"yes","foot":null,"turn:lanes:backward":null,"source:hgv:national_network":null,"hgv:national_network":null,"hgv":null,"alt_name":null,"parking:right:orientation":null,"parking:right":null,"parking:left:orientation":null,"parking:left":null,"cycleway:right":null,"sidewalk":null,"cycleway:both":null,"bicycle":null,"tiger:name_direction_suffix":null,"tracktype":null,"source:maxspeed":null,"smoothness":null,"parking:lane:both":null,"lanes:forward":null,"lanes:backward":null,"CDOT_route":null,"lit":null,"sidewalk:right":null,"sidewalk:left":null,"tiger:name_type_1":null,"tiger:name_direction_prefix_1":null,"tiger:name_base_1":null,"railway":null,"old_railway_operator":null,"name_1":null,"maxspeed":null,"cycleway":null,"ref":null,"tiger:name_direction_prefix":null,"parking:both:orientation":null,"parking:both":null,"oneway":null,"access":null,"service":null,"tiger:reviewed":null,"surface":null,"lanes":null,"tiger:name_type":null,"tiger:name_base":null,"tiger:county":null,"tiger:cfcc":null,"name":null,"is_in:state_code":null,"is_in:state":null,"is_in:city":null},"geometry":{"type":"LineString","coordinates":[[-106.8139268,39.1892119],[-106.8137534,39.1893062]]}},
{"type":"Feature","properties":{"full_id":"w1553512875","osm_id":"1553512875","osm_type":"way","highway":"footway","crossing:markings":"yes","crossing":"uncontrolled","footway":"crossing","maxheight":null,"oneway:bicycle":null,"bus":null,"wheelchair":null,"source:geometry":null,"operator":null,"motor_vehicle":null,"dog":null,"cycleway:both:lane":null,"parking:lanes:both":null,"maxweight:signed":null,"sidewalk:both:surface":null,"turn:lanes:forward":null,"horse":null,"mtb:scale:imba":null,"wikipedia":null,"wikidata":null,"segregated":null,"tunnel":null,"layer":null,"bridge":null,"foot":null,"turn:lanes:backward":null,"source:hgv:national_network":null,"hgv:national_network":null,"hgv":null,"alt_name":null,"parking:right:orientation":null,"parking:right":null,"parking:left:orientation":null,"parking:left":null,"cycleway:right":null,"sidewalk":null,"cycleway:both":null,"bicycle":null,"tiger:name_direction_suffix":null,"tracktype":null,"source:maxspeed":null,"smoothness":null,"parking:lane:both":null,"lanes:forward":null,"lanes:backward":null,"CDOT_route":null,"lit":null,"sidewalk:right":null,"sidewalk:left":null,"tiger:name_type_1":null,"tiger:name_direction_prefix_1":null,"tiger:name_base_1":null,"railway":null,"old_railway_operator":null,"name_1":null,"maxspeed":null,"cycleway":null,"ref":null,"tiger:name_direction_prefix":null,"parking:both:orientation":null,"parking:both":null,"oneway":null,"access":null,"service":null,"tiger:reviewed":null,"surface":"paved","lanes":null,"tiger:name_type":null,"tiger:name_base":null,"tiger:county":null,"tiger:cfcc":null,"name":null,"is_in:state_code":null,"is_in:state":null,"is_in:city":null},"geometry":{"type":"LineString","coordinates":[[-106.8135702,39.1896712],[-106.8134656,39.1895945]]}},
{"type":"Feature","properties":{"full_id":"w1553512876","osm_id":"1553512876","osm_type":"way","highway":"footway","crossing:markings":"yes","crossing":"uncontrolled","footway":"crossing","maxheight":null,"oneway:bicycle":null,"bus":null,"wheelchair":null,"source:geometry":null,"operator":null,"motor_vehicle":null,"dog":null,"cycleway:both:lane":null,"parking:lanes:both":null,"maxweight:signed":null,"sidewalk:both:surface":null,"turn:lanes:forward":null,"horse":null,"mtb:scale:imba":null,"wikipedia":null,"wikidata":null,"segregated":null,"tunnel":null,"layer":null,"bridge":null,"foot":null,"turn:lanes:backward":null,"source:hgv:national_network":null,"hgv:national_network":null,"hgv":null,"alt_name":null,"parking:right:orientation":null,"parking:right":null,"parking:left:orientation":null,"parking:left":null,"cycleway:right":null,"sidewalk":null,"cycleway:both":null,"bicycle":null,"tiger:name_direction_suffix":null,"tracktype":null,"source:maxspeed":null,"smoothness":null,"parking:lane:both":null,"lanes:forward":null,"lanes:backward":null,"CDOT_route":null,"lit":null,"sidewalk:right":null,"sidewalk:left":null,"tiger:name_type_1":null,"tiger:name_direction_prefix_1":null,"tiger:name_base_1":null,"railway":null,"old_railway_operator":null,"name_1":null,"maxspeed":null,"cycleway":null,"ref":null,"tiger:name_direction_prefix":null,"parking:both:orientation":null,"parking:both":null,"oneway":null,"access":null,"service":null,"tiger:reviewed":null,"surface":null,"lanes":null,"tiger:name_type":null,"tiger:name_base":null,"tiger:county":null,"tiger:cfcc":null,"name":null,"is_in:state_code":null,"is_in:state":null,"is_in:city":null},"geometry":{"type":"LineString","coordinates":[[-106.8134079,39.1895533],[-106.8134656,39.1895945]]}},
{"type":"Feature","properties":{"full_id":"w1553512877","osm_id":"1553512877","osm_type":"way","highway":"footway","crossing:markings":null,"crossing":null,"footway":"sidewalk","maxheight":null,"oneway:bicycle":null,"bus":null,"wheelchair":null,"source:geometry":null,"operator":null,"motor_vehicle":null,"dog":null,"cycleway:both:lane":null,"parking:lanes:both":null,"maxweight:signed":null,"sidewalk:both:surface":null,"turn:lanes:forward":null,"horse":null,"mtb:scale:imba":null,"wikipedia":null,"wikidata":null,"segregated":null,"tunnel":null,"layer":null,"bridge":null,"foot":null,"turn:lanes:backward":null,"source:hgv:national_network":null,"hgv:national_network":null,"hgv":null,"alt_name":null,"parking:right:orientation":null,"parking:right":null,"parking:left:orientation":null,"parking:left":null,"cycleway:right":null,"sidewalk":null,"cycleway:both":null,"bicycle":null,"tiger:name_direction_suffix":null,"tracktype":null,"source:maxspeed":null,"smoothness":null,"parking:lane:both":null,"lanes:forward":null,"lanes:backward":null,"CDOT_route":null,"lit":null,"sidewalk:right":null,"sidewalk:left":null,"tiger:name_type_1":null,"tiger:name_direction_prefix_1":null,"tiger:name_base_1":null,"railway":null,"old_railway_operator":null,"name_1":null,"maxspeed":null,"cycleway":null,"ref":null,"tiger:name_direction_prefix":null,"parking:both:orientation":null,"parking:both":null,"oneway":null,"access":null,"service":null,"tiger:reviewed":null,"surface":null,"lanes":null,"tiger:name_type":null,"tiger:name_base":null,"tiger:county":null,"tiger:cfcc":null,"name":null,"is_in:state_code":null,"is_in:state":null,"is_in:city":null},"geometry":{"type":"LineString","coordinates":[[-106.8134079,39.1895533],[-106.8133043,39.189628],[-106.8132632,39.1896627],[-106.8132316,39.1896894]]}},
{"type":"Feature","properties":{"full_id":"w1553512878","osm_id":"1553512878","osm_type":"way","highway":"footway","crossing:markings":null,"crossing":null,"footway":"sidewalk","maxheight":null,"oneway:bicycle":null,"bus":null,"wheelchair":null,"source:geometry":null,"operator":null,"motor_vehicle":null,"dog":null,"cycleway:both:lane":null,"parking:lanes:both":null,"maxweight:signed":null,"sidewalk:both:surface":null,"turn:lanes:forward":null,"horse":null,"mtb:scale:imba":null,"wikipedia":null,"wikidata":null,"segregated":null,"tunnel":null,"layer":null,"bridge":null,"foot":null,"turn:lanes:backward":null,"source:hgv:national_network":null,"hgv:national_network":null,"hgv":null,"alt_name":null,"parking:right:orientation":null,"parking:right":null,"parking:left:orientation":null,"parking:left":null,"cycleway:right":null,"sidewalk":null,"cycleway:both":null,"bicycle":null,"tiger:name_direction_suffix":null,"tracktype":null,"source:maxspeed":null,"smoothness":null,"parking:lane:both":null,"lanes:forward":null,"lanes:backward":null,"CDOT_route":null,"lit":null,"sidewalk:right":null,"sidewalk:left":null,"tiger:name_type_1":null,"tiger:name_direction_prefix_1":null,"tiger:name_base_1":null,"railway":null,"old_railway_operator":null,"name_1":null,"maxspeed":null,"cycleway":null,"ref":null,"tiger:name_direction_prefix":null,"parking:both:orientation":null,"parking:both":null,"oneway":null,"access":null,"service":null,"tiger:reviewed":null,"surface":null,"lanes":null,"tiger:name_type":null,"tiger:name_base":null,"tiger:county":null,"tiger:cfcc":null,"name":null,"is_in:state_code":null,"is_in:state":null,"is_in:city":null},"geometry":{"type":"LineString","coordinates":[[-106.8132316,39.1896894],[-106.8132338,39.1897195],[-106.8132007,39.1897563],[-106.8127422,39.1901948],[-106.8127285,39.1902282],[-106.8126717,39.1903075]]}},
{"type":"Feature","properties":{"full_id":"w1553512879","osm_id":"1553512879","osm_type":"way","highway":"footway","crossing:markings":"yes","crossing":"uncontrolled","footway":"crossing","maxheight":null,"oneway:bicycle":null,"bus":null,"wheelchair":null,"source:geometry":null,"operator":null,"motor_vehicle":null,"dog":null,"cycleway:both:lane":null,"parking:lanes:both":null,"maxweight:signed":null,"sidewalk:both:surface":null,"turn:lanes:forward":null,"horse":null,"mtb:scale:imba":null,"wikipedia":null,"wikidata":null,"segregated":null,"tunnel":null,"layer":null,"bridge":null,"foot":null,"turn:lanes:backward":null,"source:hgv:national_network":null,"hgv:national_network":null,"hgv":null,"alt_name":null,"parking:right:orientation":null,"parking:right":null,"parking:left:orientation":null,"parking:left":null,"cycleway:right":null,"sidewalk":null,"cycleway:both":null,"bicycle":null,"tiger:name_direction_suffix":null,"tracktype":null,"source:maxspeed":null,"smoothness":null,"parking:lane:both":null,"lanes:forward":null,"lanes:backward":null,"CDOT_route":null,"lit":null,"sidewalk:right":null,"sidewalk:left":null,"tiger:name_type_1":null,"tiger:name_direction_prefix_1":null,"tiger:name_base_1":null,"railway":null,"old_railway_operator":null,"name_1":null,"maxspeed":null,"cycleway":null,"ref":null,"tiger:name_direction_prefix":null,"parking:both:orientation":null,"parking:both":null,"oneway":null,"access":null,"service":null,"tiger:reviewed":null,"surface":null,"lanes":null,"tiger:name_type":null,"tiger:name_base":null,"tiger:county":null,"tiger:cfcc":null,"name":null,"is_in:state_code":null,"is_in:state":null,"is_in:city":null},"geometry":{"type":"LineString","coordinates":[[-106.8126717,39.1903075],[-106.8126486,39.190343],[-106.8126256,39.1903783]]}},
{"type":"Feature","properties":{"full_id":"w1553512880","osm_id":"1553512880","osm_type":"way","highway":"footway","crossing:markings":null,"crossing":null,"footway":"sidewalk","maxheight":null,"oneway:bicycle":null,"bus":null,"wheelchair":null,"source:geometry":null,"operator":null,"motor_vehicle":null,"dog":null,"cycleway:both:lane":null,"parking:lanes:both":null,"maxweight:signed":null,"sidewalk:both:surface":null,"turn:lanes:forward":null,"horse":null,"mtb:scale:imba":null,"wikipedia":null,"wikidata":null,"segregated":null,"tunnel":null,"layer":null,"bridge":null,"foot":null,"turn:lanes:backward":null,"source:hgv:national_network":null,"hgv:national_network":null,"hgv":null,"alt_name":null,"parking:right:orientation":null,"parking:right":null,"parking:left:orientation":null,"parking:left":null,"cycleway:right":null,"sidewalk":null,"cycleway:both":null,"bicycle":null,"tiger:name_direction_suffix":null,"tracktype":null,"source:maxspeed":null,"smoothness":null,"parking:lane:both":null,"lanes:forward":null,"lanes:backward":null,"CDOT_route":null,"lit":null,"sidewalk:right":null,"sidewalk:left":null,"tiger:name_type_1":null,"tiger:name_direction_prefix_1":null,"tiger:name_base_1":null,"railway":null,"old_railway_operator":null,"name_1":null,"maxspeed":null,"cycleway":null,"ref":null,"tiger:name_direction_prefix":null,"parking:both:orientation":null,"parking:both":null,"oneway":null,"access":null,"service":null,"tiger:reviewed":null,"surface":null,"lanes":null,"tiger:name_type":null,"tiger:name_base":null,"tiger:county":null,"tiger:cfcc":null,"name":null,"is_in:state_code":null,"is_in:state":null,"is_in:city":null},"geometry":{"type":"LineString","coordinates":[[-106.8126256,39.1903783],[-106.8124471,39.1907621],[-106.8123895,39.1908602],[-106.8123672,39.1908904],[-106.8123392,39.1909032],[-106.8123154,39.1909043]]}},
{"type":"Feature","properties":{"full_id":"w1553512881","osm_id":"1553512881","osm_type":"way","highway":"footway","crossing:markings":null,"crossing":null,"footway":"sidewalk","maxheight":null,"oneway:bicycle":null,"bus":null,"wheelchair":null,"source:geometry":null,"operator":null,"motor_vehicle":null,"dog":null,"cycleway:both:lane":null,"parking:lanes:both":null,"maxweight:signed":null,"sidewalk:both:surface":null,"turn:lanes:forward":null,"horse":null,"mtb:scale:imba":null,"wikipedia":null,"wikidata":null,"segregated":null,"tunnel":null,"layer":null,"bridge":null,"foot":null,"turn:lanes:backward":null,"source:hgv:national_network":null,"hgv:national_network":null,"hgv":null,"alt_name":null,"parking:right:orientation":null,"parking:right":null,"parking:left:orientation":null,"parking:left":null,"cycleway:right":null,"sidewalk":null,"cycleway:both":null,"bicycle":null,"tiger:name_direction_suffix":null,"tracktype":null,"source:maxspeed":null,"smoothness":null,"parking:lane:both":null,"lanes:forward":null,"lanes:backward":null,"CDOT_route":null,"lit":null,"sidewalk:right":null,"sidewalk:left":null,"tiger:name_type_1":null,"tiger:name_direction_prefix_1":null,"tiger:name_base_1":null,"railway":null,"old_railway_operator":null,"name_1":null,"maxspeed":null,"cycleway":null,"ref":null,"tiger:name_direction_prefix":null,"parking:both:orientation":null,"parking:both":null,"oneway":null,"access":null,"service":null,"tiger:reviewed":null,"surface":null,"lanes":null,"tiger:name_type":null,"tiger:name_base":null,"tiger:county":null,"tiger:cfcc":null,"name":null,"is_in:state_code":null,"is_in:state":null,"is_in:city":null},"geometry":{"type":"LineString","coordinates":[[-106.8126256,39.1903783],[-106.8125148,39.1903153],[-106.8123651,39.1902372],[-106.8121614,39.1901462],[-106.8116223,39.1899432],[-106.8112243,39.1898049],[-106.8109638,39.1897123],[-106.8109213,39.1897217]]}},
{"type":"Feature","properties":{"full_id":"w1553512882","osm_id":"1553512882","osm_type":"way","highway":"footway","crossing:markings":null,"crossing":null,"footway":"sidewalk","maxheight":null,"oneway:bicycle":null,"bus":null,"wheelchair":null,"source:geometry":null,"operator":null,"motor_vehicle":null,"dog":null,"cycleway:both:lane":null,"parking:lanes:both":null,"maxweight:signed":null,"sidewalk:both:surface":null,"turn:lanes:forward":null,"horse":null,"mtb:scale:imba":null,"wikipedia":null,"wikidata":null,"segregated":null,"tunnel":null,"layer":null,"bridge":null,"foot":null,"turn:lanes:backward":null,"source:hgv:national_network":null,"hgv:national_network":null,"hgv":null,"alt_name":null,"parking:right:orientation":null,"parking:right":null,"parking:left:orientation":null,"parking:left":null,"cycleway:right":null,"sidewalk":null,"cycleway:both":null,"bicycle":null,"tiger:name_direction_suffix":null,"tracktype":null,"source:maxspeed":null,"smoothness":null,"parking:lane:both":null,"lanes:forward":null,"lanes:backward":null,"CDOT_route":null,"lit":null,"sidewalk:right":null,"sidewalk:left":null,"tiger:name_type_1":null,"tiger:name_direction_prefix_1":null,"tiger:name_base_1":null,"railway":null,"old_railway_operator":null,"name_1":null,"maxspeed":null,"cycleway":null,"ref":null,"tiger:name_direction_prefix":null,"parking:both:orientation":null,"parking:both":null,"oneway":null,"access":null,"service":null,"tiger:reviewed":null,"surface":null,"lanes":null,"tiger:name_type":null,"tiger:name_base":null,"tiger:county":null,"tiger:cfcc":null,"name":null,"is_in:state_code":null,"is_in:state":null,"is_in:city":null},"geometry":{"type":"LineString","coordinates":[[-106.8124386,39.1911123],[-106.8124041,39.1910666],[-106.8123962,39.1910332],[-106.8123962,39.1910067],[-106.8124023,39.1909869],[-106.812463,39.1909277],[-106.8125271,39.1908207],[-106.812637,39.1905967],[-106.8127477,39.1903746],[-106.8128997,39.190173],[-106.8130508,39.1900307],[-106.8130605,39.1900028],[-106.8130965,39.1899667],[-106.813129,39.1899524],[-106.8131739,39.1898945],[-106.8133751,39.189746],[-106.8134155,39.1897195],[-106.8134445,39.1897188],[-106.8134744,39.1897304],[-106.8135078,39.1897208],[-106.8135702,39.1896712],[-106.8138505,39.1894484]]}},
{"type":"Feature","properties":{"full_id":"w1553514399","osm_id":"1553514399","osm_type":"way","highway":"footway","crossing:markings":null,"crossing":null,"footway":"sidewalk","maxheight":null,"oneway:bicycle":null,"bus":null,"wheelchair":null,"source:geometry":null,"operator":null,"motor_vehicle":null,"dog":null,"cycleway:both:lane":null,"parking:lanes:both":null,"maxweight:signed":null,"sidewalk:both:surface":null,"turn:lanes:forward":null,"horse":null,"mtb:scale:imba":null,"wikipedia":null,"wikidata":null,"segregated":null,"tunnel":null,"layer":null,"bridge":null,"foot":null,"turn:lanes:backward":null,"source:hgv:national_network":null,"hgv:national_network":null,"hgv":null,"alt_name":null,"parking:right:orientation":null,"parking:right":null,"parking:left:orientation":null,"parking:left":null,"cycleway:right":null,"sidewalk":null,"cycleway:both":null,"bicycle":null,"tiger:name_direction_suffix":null,"tracktype":null,"source:maxspeed":null,"smoothness":null,"parking:lane:both":null,"lanes:forward":null,"lanes:backward":null,"CDOT_route":null,"lit":null,"sidewalk:right":null,"sidewalk:left":null,"tiger:name_type_1":null,"tiger:name_direction_prefix_1":null,"tiger:name_base_1":null,"railway":null,"old_railway_operator":null,"name_1":null,"maxspeed":null,"cycleway":null,"ref":null,"tiger:name_direction_prefix":null,"parking:both:orientation":null,"parking:both":null,"oneway":null,"access":null,"service":null,"tiger:reviewed":null,"surface":null,"lanes":null,"tiger:name_type":null,"tiger:name_base":null,"tiger:county":null,"tiger:cfcc":null,"name":null,"is_in:state_code":null,"is_in:state":null,"is_in:city":null},"geometry":{"type":"LineString","coordinates":[[-106.8140776,39.1932391],[-106.814011,39.1932206],[-106.8139706,39.1931913],[-106.8138783,39.1930817],[-106.8138054,39.1930292],[-106.8136525,39.1929448],[-106.8134706,39.1928808],[-106.8134152,39.1928692],[-106.813387,39.1928644],[-106.8133159,39.1928522],[-106.8132008,39.1928385],[-106.8128063,39.1928665],[-106.8127733,39.19287],[-106.8126973,39.192878],[-106.8125233,39.1928896],[-106.8123968,39.1929325],[-106.812301,39.1930129],[-106.812266,39.1930769],[-106.8122615,39.1930851],[-106.8122377,39.193254]]}},
{"type":"Feature","properties":{"full_id":"w1553514400","osm_id":"1553514400","osm_type":"way","highway":"footway","crossing:markings":null,"crossing":null,"footway":"sidewalk","maxheight":null,"oneway:bicycle":null,"bus":null,"wheelchair":null,"source:geometry":null,"operator":null,"motor_vehicle":null,"dog":null,"cycleway:both:lane":null,"parking:lanes:both":null,"maxweight:signed":null,"sidewalk:both:surface":null,"turn:lanes:forward":null,"horse":null,"mtb:scale:imba":null,"wikipedia":null,"wikidata":null,"segregated":null,"tunnel":null,"layer":null,"bridge":null,"foot":null,"turn:lanes:backward":null,"source:hgv:national_network":null,"hgv:national_network":null,"hgv":null,"alt_name":null,"parking:right:orientation":null,"parking:right":null,"parking:left:orientation":null,"parking:left":null,"cycleway:right":null,"sidewalk":null,"cycleway:both":null,"bicycle":null,"tiger:name_direction_suffix":null,"tracktype":null,"source:maxspeed":null,"smoothness":null,"parking:lane:both":null,"lanes:forward":null,"lanes:backward":null,"CDOT_route":null,"lit":null,"sidewalk:right":null,"sidewalk:left":null,"tiger:name_type_1":null,"tiger:name_direction_prefix_1":null,"tiger:name_base_1":null,"railway":null,"old_railway_operator":null,"name_1":null,"maxspeed":null,"cycleway":null,"ref":null,"tiger:name_direction_prefix":null,"parking:both:orientation":null,"parking:both":null,"oneway":null,"access":null,"service":null,"tiger:reviewed":null,"surface":null,"lanes":null,"tiger:name_type":null,"tiger:name_base":null,"tiger:county":null,"tiger:cfcc":null,"name":null,"is_in:state_code":null,"is_in:state":null,"is_in:city":null},"geometry":{"type":"LineString","coordinates":[[-106.812266,39.1930769],[-106.812158,39.1931168],[-106.8121095,39.1931348]]}},
{"type":"Feature","properties":{"full_id":"w1553514401","osm_id":"1553514401","osm_type":"way","highway":"footway","crossing:markings":null,"crossing":null,"footway":"sidewalk","maxheight":null,"oneway:bicycle":null,"bus":null,"wheelchair":null,"source:geometry":null,"operator":null,"motor_vehicle":null,"dog":null,"cycleway:both:lane":null,"parking:lanes:both":null,"maxweight:signed":null,"sidewalk:both:surface":null,"turn:lanes:forward":null,"horse":null,"mtb:scale:imba":null,"wikipedia":null,"wikidata":null,"segregated":null,"tunnel":null,"layer":null,"bridge":null,"foot":null,"turn:lanes:backward":null,"source:hgv:national_network":null,"hgv:national_network":null,"hgv":null,"alt_name":null,"parking:right:orientation":null,"parking:right":null,"parking:left:orientation":null,"parking:left":null,"cycleway:right":null,"sidewalk":null,"cycleway:both":null,"bicycle":null,"tiger:name_direction_suffix":null,"tracktype":null,"source:maxspeed":null,"smoothness":null,"parking:lane:both":null,"lanes:forward":null,"lanes:backward":null,"CDOT_route":null,"lit":null,"sidewalk:right":null,"sidewalk:left":null,"tiger:name_type_1":null,"tiger:name_direction_prefix_1":null,"tiger:name_base_1":null,"railway":null,"old_railway_operator":null,"name_1":null,"maxspeed":null,"cycleway":null,"ref":null,"tiger:name_direction_prefix":null,"parking:both:orientation":null,"parking:both":null,"oneway":null,"access":null,"service":null,"tiger:reviewed":null,"surface":null,"lanes":null,"tiger:name_type":null,"tiger:name_base":null,"tiger:county":null,"tiger:cfcc":null,"name":null,"is_in:state_code":null,"is_in:state":null,"is_in:city":null},"geometry":{"type":"LineString","coordinates":[[-106.8121095,39.1931348],[-106.8120682,39.1931096],[-106.8119363,39.1931191],[-106.8116795,39.1931531],[-106.8114021,39.1931675],[-106.8113485,39.19319],[-106.8111798,39.19319],[-106.8111509,39.1931871],[-106.810917,39.1931634],[-106.8108151,39.1931552],[-106.8107852,39.1931566],[-106.8107743,39.193155],[-106.810719,39.1931472],[-106.8106718,39.1931382],[-106.810642,39.1930953],[-106.8104733,39.1930286],[-106.8103151,39.192953],[-106.8100822,39.1927779],[-106.810011,39.1927235],[-106.8099776,39.1927091],[-106.8099495,39.1927023],[-106.8093564,39.1922447]]}},
{"type":"Feature","properties":{"full_id":"w1553514402","osm_id":"1553514402","osm_type":"way","highway":"footway","crossing:markings":"yes","crossing":"uncontrolled","footway":"crossing","maxheight":null,"oneway:bicycle":null,"bus":null,"wheelchair":null,"source:geometry":null,"operator":null,"motor_vehicle":null,"dog":null,"cycleway:both:lane":null,"parking:lanes:both":null,"maxweight:signed":null,"sidewalk:both:surface":null,"turn:lanes:forward":null,"horse":null,"mtb:scale:imba":null,"wikipedia":null,"wikidata":null,"segregated":null,"tunnel":null,"layer":null,"bridge":null,"foot":null,"turn:lanes:backward":null,"source:hgv:national_network":null,"hgv:national_network":null,"hgv":null,"alt_name":null,"parking:right:orientation":null,"parking:right":null,"parking:left:orientation":null,"parking:left":null,"cycleway:right":null,"sidewalk":null,"cycleway:both":null,"bicycle":null,"tiger:name_direction_suffix":null,"tracktype":null,"source:maxspeed":null,"smoothness":null,"parking:lane:both":null,"lanes:forward":null,"lanes:backward":null,"CDOT_route":null,"lit":null,"sidewalk:right":null,"sidewalk:left":null,"tiger:name_type_1":null,"tiger:name_direction_prefix_1":null,"tiger:name_base_1":null,"railway":null,"old_railway_operator":null,"name_1":null,"maxspeed":null,"cycleway":null,"ref":null,"tiger:name_direction_prefix":null,"parking:both:orientation":null,"parking:both":null,"oneway":null,"access":null,"service":null,"tiger:reviewed":null,"surface":null,"lanes":null,"tiger:name_type":null,"tiger:name_base":null,"tiger:county":null,"tiger:cfcc":null,"name":null,"is_in:state_code":null,"is_in:state":null,"is_in:city":null},"geometry":{"type":"LineString","coordinates":[[-106.8093564,39.1922447],[-106.8093184,39.1922116],[-106.8092624,39.192163]]}},
{"type":"Feature","properties":{"full_id":"w1553514403","osm_id":"1553514403","osm_type":"way","highway":"footway","crossing:markings":null,"crossing":null,"footway":"sidewalk","maxheight":null,"oneway:bicycle":null,"bus":null,"wheelchair":null,"source:geometry":null,"operator":null,"motor_vehicle":null,"dog":null,"cycleway:both:lane":null,"parking:lanes:both":null,"maxweight:signed":null,"sidewalk:both:surface":null,"turn:lanes:forward":null,"horse":null,"mtb:scale:imba":null,"wikipedia":null,"wikidata":null,"segregated":null,"tunnel":null,"layer":null,"bridge":null,"foot":null,"turn:lanes:backward":null,"source:hgv:national_network":null,"hgv:national_network":null,"hgv":null,"alt_name":null,"parking:right:orientation":null,"parking:right":null,"parking:left:orientation":null,"parking:left":null,"cycleway:right":null,"sidewalk":null,"cycleway:both":null,"bicycle":null,"tiger:name_direction_suffix":null,"tracktype":null,"source:maxspeed":null,"smoothness":null,"parking:lane:both":null,"lanes:forward":null,"lanes:backward":null,"CDOT_route":null,"lit":null,"sidewalk:right":null,"sidewalk:left":null,"tiger:name_type_1":null,"tiger:name_direction_prefix_1":null,"tiger:name_base_1":null,"railway":null,"old_railway_operator":null,"name_1":null,"maxspeed":null,"cycleway":null,"ref":null,"tiger:name_direction_prefix":null,"parking:both:orientation":null,"parking:both":null,"oneway":null,"access":null,"service":null,"tiger:reviewed":null,"surface":null,"lanes":null,"tiger:name_type":null,"tiger:name_base":null,"tiger:county":null,"tiger:cfcc":null,"name":null,"is_in:state_code":null,"is_in:state":null,"is_in:city":null},"geometry":{"type":"LineString","coordinates":[[-106.8092624,39.192163],[-106.8092184,39.1921309],[-106.8091736,39.1920676],[-106.8088054,39.1917754],[-106.8087017,39.1916658],[-106.8086376,39.1915582],[-106.8086091,39.1914778],[-106.8085928,39.1914315]]}},
{"type":"Feature","properties":{"full_id":"w1553514404","osm_id":"1553514404","osm_type":"way","highway":"footway","crossing:markings":null,"crossing":null,"footway":"sidewalk","maxheight":null,"oneway:bicycle":null,"bus":null,"wheelchair":null,"source:geometry":null,"operator":null,"motor_vehicle":null,"dog":null,"cycleway:both:lane":null,"parking:lanes:both":null,"maxweight:signed":null,"sidewalk:both:surface":null,"turn:lanes:forward":null,"horse":null,"mtb:scale:imba":null,"wikipedia":null,"wikidata":null,"segregated":null,"tunnel":null,"layer":null,"bridge":null,"foot":null,"turn:lanes:backward":null,"source:hgv:national_network":null,"hgv:national_network":null,"hgv":null,"alt_name":null,"parking:right:orientation":null,"parking:right":null,"parking:left:orientation":null,"parking:left":null,"cycleway:right":null,"sidewalk":null,"cycleway:both":null,"bicycle":null,"tiger:name_direction_suffix":null,"tracktype":null,"source:maxspeed":null,"smoothness":null,"parking:lane:both":null,"lanes:forward":null,"lanes:backward":null,"CDOT_route":null,"lit":null,"sidewalk:right":null,"sidewalk:left":null,"tiger:name_type_1":null,"tiger:name_direction_prefix_1":null,"tiger:name_base_1":null,"railway":null,"old_railway_operator":null,"name_1":null,"maxspeed":null,"cycleway":null,"ref":null,"tiger:name_direction_prefix":null,"parking:both:orientation":null,"parking:both":null,"oneway":null,"access":null,"service":null,"tiger:reviewed":null,"surface":null,"lanes":null,"tiger:name_type":null,"tiger:name_base":null,"tiger:county":null,"tiger:cfcc":null,"name":null,"is_in:state_code":null,"is_in:state":null,"is_in:city":null},"geometry":{"type":"LineString","coordinates":[[-106.8086376,39.1915582],[-106.8086103,39.1915541],[-106.8085875,39.1915677],[-106.8085825,39.1915873],[-106.8085761,39.191629],[-106.8085576,39.1917822],[-106.8084952,39.1918912],[-106.8083555,39.1920138],[-106.8082329,39.1921258],[-106.8081833,39.1921847],[-106.8081719,39.1923196],[-106.8082228,39.1924156],[-106.8085119,39.1926077],[-106.8086218,39.1926778],[-106.8086912,39.1927602],[-106.8087255,39.1928706],[-106.8087026,39.1929707],[-106.8086139,39.1930878],[-106.8085436,39.1931784],[-106.8085154,39.1932676]]}},
{"type":"Feature","properties":{"full_id":"w1553514406","osm_id":"1553514406","osm_type":"way","highway":"footway","crossing:markings":null,"crossing":null,"footway":"sidewalk","maxheight":null,"oneway:bicycle":null,"bus":null,"wheelchair":null,"source:geometry":null,"operator":null,"motor_vehicle":null,"dog":null,"cycleway:both:lane":null,"parking:lanes:both":null,"maxweight:signed":null,"sidewalk:both:surface":null,"turn:lanes:forward":null,"horse":null,"mtb:scale:imba":null,"wikipedia":null,"wikidata":null,"segregated":null,"tunnel":null,"layer":null,"bridge":null,"foot":null,"turn:lanes:backward":null,"source:hgv:national_network":null,"hgv:national_network":null,"hgv":null,"alt_name":null,"parking:right:orientation":null,"parking:right":null,"parking:left:orientation":null,"parking:left":null,"cycleway:right":null,"sidewalk":null,"cycleway:both":null,"bicycle":null,"tiger:name_direction_suffix":null,"tracktype":null,"source:maxspeed":null,"smoothness":null,"parking:lane:both":null,"lanes:forward":null,"lanes:backward":null,"CDOT_route":null,"lit":null,"sidewalk:right":null,"sidewalk:left":null,"tiger:name_type_1":null,"tiger:name_direction_prefix_1":null,"tiger:name_base_1":null,"railway":null,"old_railway_operator":null,"name_1":null,"maxspeed":null,"cycleway":null,"ref":null,"tiger:name_direction_prefix":null,"parking:both:orientation":null,"parking:both":null,"oneway":null,"access":null,"service":null,"tiger:reviewed":null,"surface":null,"lanes":null,"tiger:name_type":null,"tiger:name_base":null,"tiger:county":null,"tiger:cfcc":null,"name":null,"is_in:state_code":null,"is_in:state":null,"is_in:city":null},"geometry":{"type":"LineString","coordinates":[[-106.8085863,39.1912826],[-106.8085899,39.1911856],[-106.8086028,39.191108],[-106.8086251,39.1910372],[-106.8086719,39.1909446],[-106.8087619,39.1908208],[-106.8091469,39.1903985],[-106.8091736,39.1903528]]}},
{"type":"Feature","properties":{"full_id":"w1553514407","osm_id":"1553514407","osm_type":"way","highway":"footway","crossing:markings":null,"crossing":null,"footway":"sidewalk","maxheight":null,"oneway:bicycle":null,"bus":null,"wheelchair":null,"source:geometry":null,"operator":null,"motor_vehicle":null,"dog":null,"cycleway:both:lane":null,"parking:lanes:both":null,"maxweight:signed":null,"sidewalk:both:surface":null,"turn:lanes:forward":null,"horse":null,"mtb:scale:imba":null,"wikipedia":null,"wikidata":null,"segregated":null,"tunnel":null,"layer":null,"bridge":null,"foot":null,"turn:lanes:backward":null,"source:hgv:national_network":null,"hgv:national_network":null,"hgv":null,"alt_name":null,"parking:right:orientation":null,"parking:right":null,"parking:left:orientation":null,"parking:left":null,"cycleway:right":null,"sidewalk":null,"cycleway:both":null,"bicycle":null,"tiger:name_direction_suffix":null,"tracktype":null,"source:maxspeed":null,"smoothness":null,"parking:lane:both":null,"lanes:forward":null,"lanes:backward":null,"CDOT_route":null,"lit":null,"sidewalk:right":null,"sidewalk:left":null,"tiger:name_type_1":null,"tiger:name_direction_prefix_1":null,"tiger:name_base_1":null,"railway":null,"old_railway_operator":null,"name_1":null,"maxspeed":null,"cycleway":null,"ref":null,"tiger:name_direction_prefix":null,"parking:both:orientation":null,"parking:both":null,"oneway":null,"access":null,"service":null,"tiger:reviewed":null,"surface":null,"lanes":null,"tiger:name_type":null,"tiger:name_base":null,"tiger:county":null,"tiger:cfcc":null,"name":null,"is_in:state_code":null,"is_in:state":null,"is_in:city":null},"geometry":{"type":"LineString","coordinates":[[-106.8091225,39.1905497],[-106.8091527,39.1905296],[-106.8091872,39.1905285],[-106.8092081,39.190514],[-106.8093607,39.1903048]]}},
{"type":"Feature","properties":{"full_id":"w1553514409","osm_id":"1553514409","osm_type":"way","highway":"footway","crossing:markings":null,"crossing":null,"footway":"sidewalk","maxheight":null,"oneway:bicycle":null,"bus":null,"wheelchair":null,"source:geometry":null,"operator":null,"motor_vehicle":null,"dog":null,"cycleway:both:lane":null,"parking:lanes:both":null,"maxweight:signed":null,"sidewalk:both:surface":null,"turn:lanes:forward":null,"horse":null,"mtb:scale:imba":null,"wikipedia":null,"wikidata":null,"segregated":null,"tunnel":null,"layer":null,"bridge":null,"foot":null,"turn:lanes:backward":null,"source:hgv:national_network":null,"hgv:national_network":null,"hgv":null,"alt_name":null,"parking:right:orientation":null,"parking:right":null,"parking:left:orientation":null,"parking:left":null,"cycleway:right":null,"sidewalk":null,"cycleway:both":null,"bicycle":null,"tiger:name_direction_suffix":null,"tracktype":null,"source:maxspeed":null,"smoothness":null,"parking:lane:both":null,"lanes:forward":null,"lanes:backward":null,"CDOT_route":null,"lit":null,"sidewalk:right":null,"sidewalk:left":null,"tiger:name_type_1":null,"tiger:name_direction_prefix_1":null,"tiger:name_base_1":null,"railway":null,"old_railway_operator":null,"name_1":null,"maxspeed":null,"cycleway":null,"ref":null,"tiger:name_direction_prefix":null,"parking:both:orientation":null,"parking:both":null,"oneway":null,"access":null,"service":null,"tiger:reviewed":null,"surface":null,"lanes":null,"tiger:name_type":null,"tiger:name_base":null,"tiger:county":null,"tiger:cfcc":null,"name":null,"is_in:state_code":null,"is_in:state":null,"is_in:city":null},"geometry":{"type":"LineString","coordinates":[[-106.8122647,39.1940246],[-106.8123087,39.1940022],[-106.8123699,39.1940063],[-106.8124096,39.1940263],[-106.812549,39.1940263],[-106.8125962,39.1940038],[-106.8126853,39.1939972],[-106.8127754,39.1939797],[-106.8132003,39.1939772],[-106.8132121,39.1939523],[-106.8132164,39.1937694],[-106.8132507,39.1937186],[-106.8133011,39.1936679],[-106.8132915,39.1935906],[-106.8132883,39.1935365],[-106.8133097,39.1934243],[-106.8133773,39.193332],[-106.8133859,39.1932895],[-106.813402,39.1932098],[-106.8134152,39.1928692]]}},
{"type":"Feature","properties":{"full_id":"w1553516268","osm_id":"1553516268","osm_type":"way","highway":"footway","crossing:markings":null,"crossing":null,"footway":"sidewalk","maxheight":null,"oneway:bicycle":null,"bus":null,"wheelchair":null,"source:geometry":null,"operator":null,"motor_vehicle":null,"dog":null,"cycleway:both:lane":null,"parking:lanes:both":null,"maxweight:signed":null,"sidewalk:both:surface":null,"turn:lanes:forward":null,"horse":null,"mtb:scale:imba":null,"wikipedia":null,"wikidata":null,"segregated":null,"tunnel":null,"layer":null,"bridge":null,"foot":null,"turn:lanes:backward":null,"source:hgv:national_network":null,"hgv:national_network":null,"hgv":null,"alt_name":null,"parking:right:orientation":null,"parking:right":null,"parking:left:orientation":null,"parking:left":null,"cycleway:right":null,"sidewalk":null,"cycleway:both":null,"bicycle":null,"tiger:name_direction_suffix":null,"tracktype":null,"source:maxspeed":null,"smoothness":null,"parking:lane:both":null,"lanes:forward":null,"lanes:backward":null,"CDOT_route":null,"lit":null,"sidewalk:right":null,"sidewalk:left":null,"tiger:name_type_1":null,"tiger:name_direction_prefix_1":null,"tiger:name_base_1":null,"railway":null,"old_railway_operator":null,"name_1":null,"maxspeed":null,"cycleway":null,"ref":null,"tiger:name_direction_prefix":null,"parking:both:orientation":null,"parking:both":null,"oneway":null,"access":null,"service":null,"tiger:reviewed":null,"surface":null,"lanes":null,"tiger:name_type":null,"tiger:name_base":null,"tiger:county":null,"tiger:cfcc":null,"name":null,"is_in:state_code":null,"is_in:state":null,"is_in:city":null},"geometry":{"type":"LineString","coordinates":[[-106.8180381,39.1933544],[-106.8181784,39.1930293],[-106.8181798,39.1929567],[-106.8182196,39.1928677],[-106.8182914,39.1927347],[-106.8183482,39.1926511],[-106.8185138,39.1922874],[-106.8185116,39.1922612],[-106.8185203,39.1922311],[-106.818503,39.1922121],[-106.8184832,39.1922041],[-106.8184684,39.1921981],[-106.818449,39.1921864],[-106.8184065,39.1921898],[-106.8181128,39.1920273],[-106.8177019,39.1917555],[-106.8176127,39.1916677],[-106.817519,39.1916159]]}},
{"type":"Feature","properties":{"full_id":"w1553516269","osm_id":"1553516269","osm_type":"way","highway":"footway","crossing:markings":null,"crossing":null,"footway":"sidewalk","maxheight":null,"oneway:bicycle":null,"bus":null,"wheelchair":null,"source:geometry":null,"operator":null,"motor_vehicle":null,"dog":null,"cycleway:both:lane":null,"parking:lanes:both":null,"maxweight:signed":null,"sidewalk:both:surface":null,"turn:lanes:forward":null,"horse":null,"mtb:scale:imba":null,"wikipedia":null,"wikidata":null,"segregated":null,"tunnel":null,"layer":null,"bridge":null,"foot":null,"turn:lanes:backward":null,"source:hgv:national_network":null,"hgv:national_network":null,"hgv":null,"alt_name":null,"parking:right:orientation":null,"parking:right":null,"parking:left:orientation":null,"parking:left":null,"cycleway:right":null,"sidewalk":null,"cycleway:both":null,"bicycle":null,"tiger:name_direction_suffix":null,"tracktype":null,"source:maxspeed":null,"smoothness":null,"parking:lane:both":null,"lanes:forward":null,"lanes:backward":null,"CDOT_route":null,"lit":null,"sidewalk:right":null,"sidewalk:left":null,"tiger:name_type_1":null,"tiger:name_direction_prefix_1":null,"tiger:name_base_1":null,"railway":null,"old_railway_operator":null,"name_1":null,"maxspeed":null,"cycleway":null,"ref":null,"tiger:name_direction_prefix":null,"parking:both:orientation":null,"parking:both":null,"oneway":null,"access":null,"service":null,"tiger:reviewed":null,"surface":null,"lanes":null,"tiger:name_type":null,"tiger:name_base":null,"tiger:county":null,"tiger:cfcc":null,"name":null,"is_in:state_code":null,"is_in:state":null,"is_in:city":null},"geometry":{"type":"LineString","coordinates":[[-106.817519,39.1916159],[-106.8174413,39.1916024],[-106.8173174,39.1916044],[-106.8171976,39.1916125],[-106.817125,39.1916194],[-106.8167489,39.1916861],[-106.8166347,39.1916916],[-106.8165776,39.1916875],[-106.8165037,39.191678],[-106.8163614,39.1916541],[-106.8163201,39.191635],[-106.8162819,39.1916218],[-106.8162515,39.1916112],[-106.8160591,39.191537],[-106.8159915,39.1915095],[-106.8159501,39.1914927],[-106.8159157,39.191463]]}},
{"type":"Feature","properties":{"full_id":"w1553516270","osm_id":"1553516270","osm_type":"way","highway":"footway","crossing:markings":"yes","crossing":"uncontrolled","footway":"crossing","maxheight":null,"oneway:bicycle":null,"bus":null,"wheelchair":null,"source:geometry":null,"operator":null,"motor_vehicle":null,"dog":null,"cycleway:both:lane":null,"parking:lanes:both":null,"maxweight:signed":null,"sidewalk:both:surface":null,"turn:lanes:forward":null,"horse":null,"mtb:scale:imba":null,"wikipedia":null,"wikidata":null,"segregated":null,"tunnel":null,"layer":null,"bridge":null,"foot":null,"turn:lanes:backward":null,"source:hgv:national_network":null,"hgv:national_network":null,"hgv":null,"alt_name":null,"parking:right:orientation":null,"parking:right":null,"parking:left:orientation":null,"parking:left":null,"cycleway:right":null,"sidewalk":null,"cycleway:both":null,"bicycle":null,"tiger:name_direction_suffix":null,"tracktype":null,"source:maxspeed":null,"smoothness":null,"parking:lane:both":null,"lanes:forward":null,"lanes:backward":null,"CDOT_route":null,"lit":null,"sidewalk:right":null,"sidewalk:left":null,"tiger:name_type_1":null,"tiger:name_direction_prefix_1":null,"tiger:name_base_1":null,"railway":null,"old_railway_operator":null,"name_1":null,"maxspeed":null,"cycleway":null,"ref":null,"tiger:name_direction_prefix":null,"parking:both:orientation":null,"parking:both":null,"oneway":null,"access":null,"service":null,"tiger:reviewed":null,"surface":null,"lanes":null,"tiger:name_type":null,"tiger:name_base":null,"tiger:county":null,"tiger:cfcc":null,"name":null,"is_in:state_code":null,"is_in:state":null,"is_in:city":null},"geometry":{"type":"LineString","coordinates":[[-106.8184832,39.1922041],[-106.8185256,39.1921043],[-106.8185565,39.1920314]]}},
{"type":"Feature","properties":{"full_id":"w1553516271","osm_id":"1553516271","osm_type":"way","highway":"footway","crossing:markings":null,"crossing":null,"footway":"sidewalk","maxheight":null,"oneway:bicycle":null,"bus":null,"wheelchair":null,"source:geometry":null,"operator":null,"motor_vehicle":null,"dog":null,"cycleway:both:lane":null,"parking:lanes:both":null,"maxweight:signed":null,"sidewalk:both:surface":null,"turn:lanes:forward":null,"horse":null,"mtb:scale:imba":null,"wikipedia":null,"wikidata":null,"segregated":null,"tunnel":null,"layer":null,"bridge":null,"foot":null,"turn:lanes:backward":null,"source:hgv:national_network":null,"hgv:national_network":null,"hgv":null,"alt_name":null,"parking:right:orientation":null,"parking:right":null,"parking:left:orientation":null,"parking:left":null,"cycleway:right":null,"sidewalk":null,"cycleway:both":null,"bicycle":null,"tiger:name_direction_suffix":null,"tracktype":null,"source:maxspeed":null,"smoothness":null,"parking:lane:both":null,"lanes:forward":null,"lanes:backward":null,"CDOT_route":null,"lit":null,"sidewalk:right":null,"sidewalk:left":null,"tiger:name_type_1":null,"tiger:name_direction_prefix_1":null,"tiger:name_base_1":null,"railway":null,"old_railway_operator":null,"name_1":null,"maxspeed":null,"cycleway":null,"ref":null,"tiger:name_direction_prefix":null,"parking:both:orientation":null,"parking:both":null,"oneway":null,"access":null,"service":null,"tiger:reviewed":null,"surface":null,"lanes":null,"tiger:name_type":null,"tiger:name_base":null,"tiger:county":null,"tiger:cfcc":null,"name":null,"is_in:state_code":null,"is_in:state":null,"is_in:city":null},"geometry":{"type":"LineString","coordinates":[[-106.8185565,39.1920314],[-106.8185969,39.192041],[-106.8186355,39.1920341],[-106.8186645,39.1919565],[-106.8188297,39.1915452],[-106.8188322,39.191538],[-106.8188896,39.1913692]]}},
{"type":"Feature","properties":{"full_id":"w1553516272","osm_id":"1553516272","osm_type":"way","highway":"footway","crossing:markings":null,"crossing":null,"footway":"sidewalk","maxheight":null,"oneway:bicycle":null,"bus":null,"wheelchair":null,"source:geometry":null,"operator":null,"motor_vehicle":null,"dog":null,"cycleway:both:lane":null,"parking:lanes:both":null,"maxweight:signed":null,"sidewalk:both:surface":null,"turn:lanes:forward":null,"horse":null,"mtb:scale:imba":null,"wikipedia":null,"wikidata":null,"segregated":null,"tunnel":null,"layer":"-1","bridge":null,"foot":null,"turn:lanes:backward":null,"source:hgv:national_network":null,"hgv:national_network":null,"hgv":null,"alt_name":null,"parking:right:orientation":null,"parking:right":null,"parking:left:orientation":null,"parking:left":null,"cycleway:right":null,"sidewalk":null,"cycleway:both":null,"bicycle":null,"tiger:name_direction_suffix":null,"tracktype":null,"source:maxspeed":null,"smoothness":null,"parking:lane:both":null,"lanes:forward":null,"lanes:backward":null,"CDOT_route":null,"lit":null,"sidewalk:right":null,"sidewalk:left":null,"tiger:name_type_1":null,"tiger:name_direction_prefix_1":null,"tiger:name_base_1":null,"railway":null,"old_railway_operator":null,"name_1":null,"maxspeed":null,"cycleway":null,"ref":null,"tiger:name_direction_prefix":null,"parking:both:orientation":null,"parking:both":null,"oneway":null,"access":null,"service":null,"tiger:reviewed":null,"surface":null,"lanes":null,"tiger:name_type":null,"tiger:name_base":null,"tiger:county":null,"tiger:cfcc":null,"name":null,"is_in:state_code":null,"is_in:state":null,"is_in:city":null},"geometry":{"type":"LineString","coordinates":[[-106.8188896,39.1913692],[-106.818893,39.1913027],[-106.8189282,39.1911399],[-106.8189949,39.1910861],[-106.8190841,39.1907779]]}},
{"type":"Feature","properties":{"full_id":"w1553516295","osm_id":"1553516295","osm_type":"way","highway":"footway","crossing:markings":null,"crossing":null,"footway":"sidewalk","maxheight":null,"oneway:bicycle":null,"bus":null,"wheelchair":null,"source:geometry":null,"operator":null,"motor_vehicle":null,"dog":null,"cycleway:both:lane":null,"parking:lanes:both":null,"maxweight:signed":null,"sidewalk:both:surface":null,"turn:lanes:forward":null,"horse":null,"mtb:scale:imba":null,"wikipedia":null,"wikidata":null,"segregated":null,"tunnel":null,"layer":null,"bridge":null,"foot":null,"turn:lanes:backward":null,"source:hgv:national_network":null,"hgv:national_network":null,"hgv":null,"alt_name":null,"parking:right:orientation":null,"parking:right":null,"parking:left:orientation":null,"parking:left":null,"cycleway:right":null,"sidewalk":null,"cycleway:both":null,"bicycle":null,"tiger:name_direction_suffix":null,"tracktype":null,"source:maxspeed":null,"smoothness":null,"parking:lane:both":null,"lanes:forward":null,"lanes:backward":null,"CDOT_route":null,"lit":null,"sidewalk:right":null,"sidewalk:left":null,"tiger:name_type_1":null,"tiger:name_direction_prefix_1":null,"tiger:name_base_1":null,"railway":null,"old_railway_operator":null,"name_1":null,"maxspeed":null,"cycleway":null,"ref":null,"tiger:name_direction_prefix":null,"parking:both:orientation":null,"parking:both":null,"oneway":null,"access":null,"service":null,"tiger:reviewed":null,"surface":null,"lanes":null,"tiger:name_type":null,"tiger:name_base":null,"tiger:county":null,"tiger:cfcc":null,"name":null,"is_in:state_code":null,"is_in:state":null,"is_in:city":null},"geometry":{"type":"LineString","coordinates":[[-106.8161241,39.1890637],[-106.8161954,39.1887946],[-106.8162024,39.1887748],[-106.8163118,39.1884641]]}},
{"type":"Feature","properties":{"full_id":"w1553516296","osm_id":"1553516296","osm_type":"way","highway":"footway","crossing:markings":null,"crossing":null,"footway":"sidewalk","maxheight":null,"oneway:bicycle":null,"bus":null,"wheelchair":null,"source:geometry":null,"operator":null,"motor_vehicle":null,"dog":null,"cycleway:both:lane":null,"parking:lanes:both":null,"maxweight:signed":null,"sidewalk:both:surface":null,"turn:lanes:forward":null,"horse":null,"mtb:scale:imba":null,"wikipedia":null,"wikidata":null,"segregated":null,"tunnel":null,"layer":"-1","bridge":null,"foot":null,"turn:lanes:backward":null,"source:hgv:national_network":null,"hgv:national_network":null,"hgv":null,"alt_name":null,"parking:right:orientation":null,"parking:right":null,"parking:left:orientation":null,"parking:left":null,"cycleway:right":null,"sidewalk":null,"cycleway:both":null,"bicycle":null,"tiger:name_direction_suffix":null,"tracktype":null,"source:maxspeed":null,"smoothness":null,"parking:lane:both":null,"lanes:forward":null,"lanes:backward":null,"CDOT_route":null,"lit":null,"sidewalk:right":null,"sidewalk:left":null,"tiger:name_type_1":null,"tiger:name_direction_prefix_1":null,"tiger:name_base_1":null,"railway":null,"old_railway_operator":null,"name_1":null,"maxspeed":null,"cycleway":null,"ref":null,"tiger:name_direction_prefix":null,"parking:both:orientation":null,"parking:both":null,"oneway":null,"access":null,"service":null,"tiger:reviewed":null,"surface":null,"lanes":null,"tiger:name_type":null,"tiger:name_base":null,"tiger:county":null,"tiger:cfcc":null,"name":null,"is_in:state_code":null,"is_in:state":null,"is_in:city":null},"geometry":{"type":"LineString","coordinates":[[-106.8161241,39.1890637],[-106.8165155,39.1891473],[-106.8165656,39.1891788],[-106.8170842,39.1892598]]}},
{"type":"Feature","properties":{"full_id":"w1553517877","osm_id":"1553517877","osm_type":"way","highway":"footway","crossing:markings":null,"crossing":null,"footway":"sidewalk","maxheight":null,"oneway:bicycle":null,"bus":null,"wheelchair":null,"source:geometry":null,"operator":null,"motor_vehicle":null,"dog":null,"cycleway:both:lane":null,"parking:lanes:both":null,"maxweight:signed":null,"sidewalk:both:surface":null,"turn:lanes:forward":null,"horse":null,"mtb:scale:imba":null,"wikipedia":null,"wikidata":null,"segregated":null,"tunnel":null,"layer":null,"bridge":null,"foot":null,"turn:lanes:backward":null,"source:hgv:national_network":null,"hgv:national_network":null,"hgv":null,"alt_name":null,"parking:right:orientation":null,"parking:right":null,"parking:left:orientation":null,"parking:left":null,"cycleway:right":null,"sidewalk":null,"cycleway:both":null,"bicycle":null,"tiger:name_direction_suffix":null,"tracktype":null,"source:maxspeed":null,"smoothness":null,"parking:lane:both":null,"lanes:forward":null,"lanes:backward":null,"CDOT_route":null,"lit":null,"sidewalk:right":null,"sidewalk:left":null,"tiger:name_type_1":null,"tiger:name_direction_prefix_1":null,"tiger:name_base_1":null,"railway":null,"old_railway_operator":null,"name_1":null,"maxspeed":null,"cycleway":null,"ref":null,"tiger:name_direction_prefix":null,"parking:both:orientation":null,"parking:both":null,"oneway":null,"access":null,"service":null,"tiger:reviewed":null,"surface":null,"lanes":null,"tiger:name_type":null,"tiger:name_base":null,"tiger:county":null,"tiger:cfcc":null,"name":null,"is_in:state_code":null,"is_in:state":null,"is_in:city":null},"geometry":{"type":"LineString","coordinates":[[-106.8177704,39.1879127],[-106.8187352,39.1881289]]}},
{"type":"Feature","properties":{"full_id":"w1553520217","osm_id":"1553520217","osm_type":"way","highway":"footway","crossing:markings":null,"crossing":null,"footway":"sidewalk","maxheight":null,"oneway:bicycle":null,"bus":null,"wheelchair":null,"source:geometry":null,"operator":null,"motor_vehicle":null,"dog":null,"cycleway:both:lane":null,"parking:lanes:both":null,"maxweight:signed":null,"sidewalk:both:surface":null,"turn:lanes:forward":null,"horse":null,"mtb:scale:imba":null,"wikipedia":null,"wikidata":null,"segregated":null,"tunnel":null,"layer":null,"bridge":null,"foot":null,"turn:lanes:backward":null,"source:hgv:national_network":null,"hgv:national_network":null,"hgv":null,"alt_name":null,"parking:right:orientation":null,"parking:right":null,"parking:left:orientation":null,"parking:left":null,"cycleway:right":null,"sidewalk":null,"cycleway:both":null,"bicycle":null,"tiger:name_direction_suffix":null,"tracktype":null,"source:maxspeed":null,"smoothness":null,"parking:lane:both":null,"lanes:forward":null,"lanes:backward":null,"CDOT_route":null,"lit":null,"sidewalk:right":null,"sidewalk:left":null,"tiger:name_type_1":null,"tiger:name_direction_prefix_1":null,"tiger:name_base_1":null,"railway":null,"old_railway_operator":null,"name_1":null,"maxspeed":null,"cycleway":null,"ref":null,"tiger:name_direction_prefix":null,"parking:both:orientation":null,"parking:both":null,"oneway":null,"access":null,"service":null,"tiger:reviewed":null,"surface":null,"lanes":null,"tiger:name_type":null,"tiger:name_base":null,"tiger:county":null,"tiger:cfcc":null,"name":null,"is_in:state_code":null,"is_in:state":null,"is_in:city":null},"geometry":{"type":"LineString","coordinates":[[-106.8190254,39.1916056],[-106.8189319,39.1918653],[-106.8187876,39.1921681],[-106.8186859,39.1923815],[-106.8185567,39.1926907],[-106.8184056,39.1930264],[-106.8183291,39.1931776],[-106.8183318,39.1932328]]}},
{"type":"Feature","properties":{"full_id":"w1553650832","osm_id":"1553650832","osm_type":"way","highway":"footway","crossing:markings":null,"crossing":null,"footway":"sidewalk","maxheight":null,"oneway:bicycle":null,"bus":null,"wheelchair":null,"source:geometry":null,"operator":null,"motor_vehicle":null,"dog":null,"cycleway:both:lane":null,"parking:lanes:both":null,"maxweight:signed":null,"sidewalk:both:surface":null,"turn:lanes:forward":null,"horse":null,"mtb:scale:imba":null,"wikipedia":null,"wikidata":null,"segregated":null,"tunnel":null,"layer":null,"bridge":null,"foot":null,"turn:lanes:backward":null,"source:hgv:national_network":null,"hgv:national_network":null,"hgv":null,"alt_name":null,"parking:right:orientation":null,"parking:right":null,"parking:left:orientation":null,"parking:left":null,"cycleway:right":null,"sidewalk":null,"cycleway:both":null,"bicycle":null,"tiger:name_direction_suffix":null,"tracktype":null,"source:maxspeed":null,"smoothness":null,"parking:lane:both":null,"lanes:forward":null,"lanes:backward":null,"CDOT_route":null,"lit":null,"sidewalk:right":null,"sidewalk:left":null,"tiger:name_type_1":null,"tiger:name_direction_prefix_1":null,"tiger:name_base_1":null,"railway":null,"old_railway_operator":null,"name_1":null,"maxspeed":null,"cycleway":null,"ref":null,"tiger:name_direction_prefix":null,"parking:both:orientation":null,"parking:both":null,"oneway":null,"access":null,"service":null,"tiger:reviewed":null,"surface":null,"lanes":null,"tiger:name_type":null,"tiger:name_base":null,"tiger:county":null,"tiger:cfcc":null,"name":null,"is_in:state_code":null,"is_in:state":null,"is_in:city":null},"geometry":{"type":"LineString","coordinates":[[-106.8138298,39.1877815],[-106.8138973,39.1876094],[-106.8138809,39.1875713],[-106.8139235,39.1874509],[-106.8139412,39.1874009],[-106.8139566,39.1873709],[-106.8140323,39.1871499]]}},
{"type":"Feature","properties":{"full_id":"w1553650836","osm_id":"1553650836","osm_type":"way","highway":"steps","crossing:markings":null,"crossing":null,"footway":null,"maxheight":null,"oneway:bicycle":null,"bus":null,"wheelchair":null,"source:geometry":null,"operator":null,"motor_vehicle":null,"dog":null,"cycleway:both:lane":null,"parking:lanes:both":null,"maxweight:signed":null,"sidewalk:both:surface":null,"turn:lanes:forward":null,"horse":null,"mtb:scale:imba":null,"wikipedia":null,"wikidata":null,"segregated":null,"tunnel":null,"layer":null,"bridge":null,"foot":null,"turn:lanes:backward":null,"source:hgv:national_network":null,"hgv:national_network":null,"hgv":null,"alt_name":null,"parking:right:orientation":null,"parking:right":null,"parking:left:orientation":null,"parking:left":null,"cycleway:right":null,"sidewalk":null,"cycleway:both":null,"bicycle":null,"tiger:name_direction_suffix":null,"tracktype":null,"source:maxspeed":null,"smoothness":null,"parking:lane:both":null,"lanes:forward":null,"lanes:backward":null,"CDOT_route":null,"lit":null,"sidewalk:right":null,"sidewalk:left":null,"tiger:name_type_1":null,"tiger:name_direction_prefix_1":null,"tiger:name_base_1":null,"railway":null,"old_railway_operator":null,"name_1":null,"maxspeed":null,"cycleway":null,"ref":null,"tiger:name_direction_prefix":null,"parking:both:orientation":null,"parking:both":null,"oneway":null,"access":null,"service":null,"tiger:reviewed":null,"surface":null,"lanes":null,"tiger:name_type":null,"tiger:name_base":null,"tiger:county":null,"tiger:cfcc":null,"name":null,"is_in:state_code":null,"is_in:state":null,"is_in:city":null},"geometry":{"type":"LineString","coordinates":[[-106.8177613,39.1849213],[-106.8177835,39.1849864],[-106.8178376,39.1850448],[-106.817826,39.1851495],[-106.8178231,39.185184],[-106.8177855,39.1851989],[-106.8177463,39.1852069]]}},
{"type":"Feature","properties":{"full_id":"w1553650838","osm_id":"1553650838","osm_type":"way","highway":"service","crossing:markings":null,"crossing":null,"footway":null,"maxheight":null,"oneway:bicycle":null,"bus":null,"wheelchair":null,"source:geometry":null,"operator":null,"motor_vehicle":null,"dog":null,"cycleway:both:lane":null,"parking:lanes:both":null,"maxweight:signed":null,"sidewalk:both:surface":null,"turn:lanes:forward":null,"horse":null,"mtb:scale:imba":null,"wikipedia":null,"wikidata":null,"segregated":null,"tunnel":null,"layer":null,"bridge":null,"foot":null,"turn:lanes:backward":null,"source:hgv:national_network":null,"hgv:national_network":null,"hgv":null,"alt_name":null,"parking:right:orientation":null,"parking:right":null,"parking:left:orientation":null,"parking:left":null,"cycleway:right":null,"sidewalk":null,"cycleway:both":null,"bicycle":null,"tiger:name_direction_suffix":null,"tracktype":null,"source:maxspeed":null,"smoothness":null,"parking:lane:both":null,"lanes:forward":null,"lanes:backward":null,"CDOT_route":null,"lit":null,"sidewalk:right":null,"sidewalk:left":null,"tiger:name_type_1":null,"tiger:name_direction_prefix_1":null,"tiger:name_base_1":null,"railway":null,"old_railway_operator":null,"name_1":null,"maxspeed":null,"cycleway":null,"ref":null,"tiger:name_direction_prefix":null,"parking:both:orientation":null,"parking:both":null,"oneway":null,"access":null,"service":"driveway","tiger:reviewed":null,"surface":null,"lanes":null,"tiger:name_type":null,"tiger:name_base":null,"tiger:county":null,"tiger:cfcc":null,"name":null,"is_in:state_code":null,"is_in:state":null,"is_in:city":null},"geometry":{"type":"LineString","coordinates":[[-106.8143947,39.1832018],[-106.8145141,39.1831518],[-106.8145827,39.1830875],[-106.8146049,39.182928],[-106.8146473,39.182842],[-106.8147767,39.1827529],[-106.8148781,39.1827274],[-106.8150114,39.1827828],[-106.8151713,39.1829097],[-106.8153474,39.1830493],[-106.8153918,39.1829984],[-106.8153938,39.1829161],[-106.8153242,39.1828951],[-106.8151713,39.1829097]]}},
{"type":"Feature","properties":{"full_id":"w1553650841","osm_id":"1553650841","osm_type":"way","highway":"service","crossing:markings":null,"crossing":null,"footway":null,"maxheight":null,"oneway:bicycle":null,"bus":null,"wheelchair":null,"source:geometry":null,"operator":null,"motor_vehicle":null,"dog":null,"cycleway:both:lane":null,"parking:lanes:both":null,"maxweight:signed":null,"sidewalk:both:surface":null,"turn:lanes:forward":null,"horse":null,"mtb:scale:imba":null,"wikipedia":null,"wikidata":null,"segregated":null,"tunnel":null,"layer":null,"bridge":null,"foot":null,"turn:lanes:backward":null,"source:hgv:national_network":null,"hgv:national_network":null,"hgv":null,"alt_name":null,"parking:right:orientation":null,"parking:right":null,"parking:left:orientation":null,"parking:left":null,"cycleway:right":null,"sidewalk":null,"cycleway:both":null,"bicycle":null,"tiger:name_direction_suffix":null,"tracktype":null,"source:maxspeed":null,"smoothness":null,"parking:lane:both":null,"lanes:forward":null,"lanes:backward":null,"CDOT_route":null,"lit":null,"sidewalk:right":null,"sidewalk:left":null,"tiger:name_type_1":null,"tiger:name_direction_prefix_1":null,"tiger:name_base_1":null,"railway":null,"old_railway_operator":null,"name_1":null,"maxspeed":null,"cycleway":null,"ref":null,"tiger:name_direction_prefix":null,"parking:both:orientation":null,"parking:both":null,"oneway":null,"access":null,"service":"driveway","tiger:reviewed":null,"surface":null,"lanes":null,"tiger:name_type":null,"tiger:name_base":null,"tiger:county":null,"tiger:cfcc":null,"name":null,"is_in:state_code":null,"is_in:state":null,"is_in:city":null},"geometry":{"type":"LineString","coordinates":[[-106.8137936,39.183384],[-106.8141774,39.183639]]}},
{"type":"Feature","properties":{"full_id":"w1553650852","osm_id":"1553650852","osm_type":"way","highway":"service","crossing:markings":null,"crossing":null,"footway":null,"maxheight":null,"oneway:bicycle":null,"bus":null,"wheelchair":null,"source:geometry":null,"operator":null,"motor_vehicle":null,"dog":null,"cycleway:both:lane":null,"parking:lanes:both":null,"maxweight:signed":null,"sidewalk:both:surface":null,"turn:lanes:forward":null,"horse":null,"mtb:scale:imba":null,"wikipedia":null,"wikidata":null,"segregated":null,"tunnel":null,"layer":null,"bridge":null,"foot":null,"turn:lanes:backward":null,"source:hgv:national_network":null,"hgv:national_network":null,"hgv":null,"alt_name":null,"parking:right:orientation":null,"parking:right":null,"parking:left:orientation":null,"parking:left":null,"cycleway:right":null,"sidewalk":null,"cycleway:both":null,"bicycle":null,"tiger:name_direction_suffix":null,"tracktype":null,"source:maxspeed":null,"smoothness":null,"parking:lane:both":null,"lanes:forward":null,"lanes:backward":null,"CDOT_route":null,"lit":null,"sidewalk:right":null,"sidewalk:left":null,"tiger:name_type_1":null,"tiger:name_direction_prefix_1":null,"tiger:name_base_1":null,"railway":null,"old_railway_operator":null,"name_1":null,"maxspeed":null,"cycleway":null,"ref":null,"tiger:name_direction_prefix":null,"parking:both:orientation":null,"parking:both":null,"oneway":null,"access":null,"service":"driveway","tiger:reviewed":null,"surface":null,"lanes":null,"tiger:name_type":null,"tiger:name_base":null,"tiger:county":null,"tiger:cfcc":null,"name":null,"is_in:state_code":null,"is_in:state":null,"is_in:city":null},"geometry":{"type":"LineString","coordinates":[[-106.8102014,39.1848384],[-106.8101798,39.1849553],[-106.8101701,39.185067],[-106.8101543,39.1851331],[-106.8101464,39.1852264],[-106.8101719,39.185257],[-106.8102633,39.1852958],[-106.8103687,39.1853483]]}},
{"type":"Feature","properties":{"full_id":"w1553650853","osm_id":"1553650853","osm_type":"way","highway":"service","crossing:markings":null,"crossing":null,"footway":null,"maxheight":null,"oneway:bicycle":null,"bus":null,"wheelchair":null,"source:geometry":null,"operator":null,"motor_vehicle":null,"dog":null,"cycleway:both:lane":null,"parking:lanes:both":null,"maxweight:signed":null,"sidewalk:both:surface":null,"turn:lanes:forward":null,"horse":null,"mtb:scale:imba":null,"wikipedia":null,"wikidata":null,"segregated":null,"tunnel":null,"layer":null,"bridge":null,"foot":null,"turn:lanes:backward":null,"source:hgv:national_network":null,"hgv:national_network":null,"hgv":null,"alt_name":null,"parking:right:orientation":null,"parking:right":null,"parking:left:orientation":null,"parking:left":null,"cycleway:right":null,"sidewalk":null,"cycleway:both":null,"bicycle":null,"tiger:name_direction_suffix":null,"tracktype":null,"source:maxspeed":null,"smoothness":null,"parking:lane:both":null,"lanes:forward":null,"lanes:backward":null,"CDOT_route":null,"lit":null,"sidewalk:right":null,"sidewalk:left":null,"tiger:name_type_1":null,"tiger:name_direction_prefix_1":null,"tiger:name_base_1":null,"railway":null,"old_railway_operator":null,"name_1":null,"maxspeed":null,"cycleway":null,"ref":null,"tiger:name_direction_prefix":null,"parking:both:orientation":null,"parking:both":null,"oneway":null,"access":null,"service":"driveway","tiger:reviewed":null,"surface":null,"lanes":null,"tiger:name_type":null,"tiger:name_base":null,"tiger:county":null,"tiger:cfcc":null,"name":null,"is_in:state_code":null,"is_in:state":null,"is_in:city":null},"geometry":{"type":"LineString","coordinates":[[-106.8085922,39.1840605],[-106.8087007,39.1841278],[-106.8087912,39.1842164],[-106.8088553,39.1843186],[-106.8088369,39.1844085]]}},
{"type":"Feature","properties":{"full_id":"w1553658577","osm_id":"1553658577","osm_type":"way","highway":"footway","crossing:markings":null,"crossing":null,"footway":"sidewalk","maxheight":null,"oneway:bicycle":null,"bus":null,"wheelchair":null,"source:geometry":null,"operator":null,"motor_vehicle":null,"dog":null,"cycleway:both:lane":null,"parking:lanes:both":null,"maxweight:signed":null,"sidewalk:both:surface":null,"turn:lanes:forward":null,"horse":null,"mtb:scale:imba":null,"wikipedia":null,"wikidata":null,"segregated":null,"tunnel":null,"layer":"-1","bridge":null,"foot":null,"turn:lanes:backward":null,"source:hgv:national_network":null,"hgv:national_network":null,"hgv":null,"alt_name":null,"parking:right:orientation":null,"parking:right":null,"parking:left:orientation":null,"parking:left":null,"cycleway:right":null,"sidewalk":null,"cycleway:both":null,"bicycle":null,"tiger:name_direction_suffix":null,"tracktype":null,"source:maxspeed":null,"smoothness":null,"parking:lane:both":null,"lanes:forward":null,"lanes:backward":null,"CDOT_route":null,"lit":null,"sidewalk:right":null,"sidewalk:left":null,"tiger:name_type_1":null,"tiger:name_direction_prefix_1":null,"tiger:name_base_1":null,"railway":null,"old_railway_operator":null,"name_1":null,"maxspeed":null,"cycleway":null,"ref":null,"tiger:name_direction_prefix":null,"parking:both:orientation":null,"parking:both":null,"oneway":null,"access":null,"service":null,"tiger:reviewed":null,"surface":null,"lanes":null,"tiger:name_type":null,"tiger:name_base":null,"tiger:county":null,"tiger:cfcc":null,"name":null,"is_in:state_code":null,"is_in:state":null,"is_in:city":null},"geometry":{"type":"LineString","coordinates":[[-106.8084521,39.1890482],[-106.8083224,39.189035],[-106.8082452,39.1889957],[-106.8081815,39.1889139],[-106.8081385,39.1888705],[-106.8080613,39.188839],[-106.8079664,39.1888216]]}},
{"type":"Feature","properties":{"full_id":"w1553658578","osm_id":"1553658578","osm_type":"way","highway":"service","crossing:markings":null,"crossing":null,"footway":null,"maxheight":null,"oneway:bicycle":null,"bus":null,"wheelchair":null,"source:geometry":null,"operator":null,"motor_vehicle":null,"dog":null,"cycleway:both:lane":null,"parking:lanes:both":null,"maxweight:signed":null,"sidewalk:both:surface":null,"turn:lanes:forward":null,"horse":null,"mtb:scale:imba":null,"wikipedia":null,"wikidata":null,"segregated":null,"tunnel":null,"layer":null,"bridge":null,"foot":null,"turn:lanes:backward":null,"source:hgv:national_network":null,"hgv:national_network":null,"hgv":null,"alt_name":null,"parking:right:orientation":null,"parking:right":null,"parking:left:orientation":null,"parking:left":null,"cycleway:right":null,"sidewalk":null,"cycleway:both":null,"bicycle":null,"tiger:name_direction_suffix":null,"tracktype":null,"source:maxspeed":null,"smoothness":null,"parking:lane:both":null,"lanes:forward":null,"lanes:backward":null,"CDOT_route":null,"lit":null,"sidewalk:right":null,"sidewalk:left":null,"tiger:name_type_1":null,"tiger:name_direction_prefix_1":null,"tiger:name_base_1":null,"railway":null,"old_railway_operator":null,"name_1":null,"maxspeed":null,"cycleway":null,"ref":null,"tiger:name_direction_prefix":null,"parking:both:orientation":null,"parking:both":null,"oneway":null,"access":null,"service":"parking_aisle","tiger:reviewed":null,"surface":null,"lanes":null,"tiger:name_type":null,"tiger:name_base":null,"tiger:county":null,"tiger:cfcc":null,"name":null,"is_in:state_code":null,"is_in:state":null,"is_in:city":null},"geometry":{"type":"LineString","coordinates":[[-106.8084202,39.1891593],[-106.8084521,39.1890482],[-106.8084645,39.1888733]]}},
{"type":"Feature","properties":{"full_id":"w1553658584","osm_id":"1553658584","osm_type":"way","highway":"footway","crossing:markings":"yes","crossing":"uncontrolled","footway":"crossing","maxheight":null,"oneway:bicycle":null,"bus":null,"wheelchair":null,"source:geometry":null,"operator":null,"motor_vehicle":null,"dog":null,"cycleway:both:lane":null,"parking:lanes:both":null,"maxweight:signed":null,"sidewalk:both:surface":null,"turn:lanes:forward":null,"horse":null,"mtb:scale:imba":null,"wikipedia":null,"wikidata":null,"segregated":null,"tunnel":null,"layer":null,"bridge":null,"foot":null,"turn:lanes:backward":null,"source:hgv:national_network":null,"hgv:national_network":null,"hgv":null,"alt_name":null,"parking:right:orientation":null,"parking:right":null,"parking:left:orientation":null,"parking:left":null,"cycleway:right":null,"sidewalk":null,"cycleway:both":null,"bicycle":null,"tiger:name_direction_suffix":null,"tracktype":null,"source:maxspeed":null,"smoothness":null,"parking:lane:both":null,"lanes:forward":null,"lanes:backward":null,"CDOT_route":null,"lit":null,"sidewalk:right":null,"sidewalk:left":null,"tiger:name_type_1":null,"tiger:name_direction_prefix_1":null,"tiger:name_base_1":null,"railway":null,"old_railway_operator":null,"name_1":null,"maxspeed":null,"cycleway":null,"ref":null,"tiger:name_direction_prefix":null,"parking:both:orientation":null,"parking:both":null,"oneway":null,"access":null,"service":null,"tiger:reviewed":null,"surface":null,"lanes":null,"tiger:name_type":null,"tiger:name_base":null,"tiger:county":null,"tiger:cfcc":null,"name":null,"is_in:state_code":null,"is_in:state":null,"is_in:city":null},"geometry":{"type":"LineString","coordinates":[[-106.8123671,39.1928082],[-106.8122925,39.1928286],[-106.8122629,39.1928366],[-106.8122217,39.1928478]]}},
{"type":"Feature","properties":{"full_id":"w1553658585","osm_id":"1553658585","osm_type":"way","highway":"tertiary","crossing:markings":null,"crossing":null,"footway":null,"maxheight":null,"oneway:bicycle":null,"bus":null,"wheelchair":null,"source:geometry":null,"operator":null,"motor_vehicle":null,"dog":null,"cycleway:both:lane":null,"parking:lanes:both":null,"maxweight:signed":null,"sidewalk:both:surface":null,"turn:lanes:forward":null,"horse":null,"mtb:scale:imba":null,"wikipedia":null,"wikidata":null,"segregated":null,"tunnel":null,"layer":null,"bridge":null,"foot":null,"turn:lanes:backward":null,"source:hgv:national_network":null,"hgv:national_network":null,"hgv":null,"alt_name":null,"parking:right:orientation":null,"parking:right":null,"parking:left:orientation":null,"parking:left":null,"cycleway:right":null,"sidewalk":null,"cycleway:both":null,"bicycle":null,"tiger:name_direction_suffix":null,"tracktype":null,"source:maxspeed":null,"smoothness":null,"parking:lane:both":null,"lanes:forward":null,"lanes:backward":null,"CDOT_route":null,"lit":null,"sidewalk:right":null,"sidewalk:left":null,"tiger:name_type_1":null,"tiger:name_direction_prefix_1":null,"tiger:name_base_1":null,"railway":null,"old_railway_operator":null,"name_1":null,"maxspeed":null,"cycleway":null,"ref":null,"tiger:name_direction_prefix":null,"parking:both:orientation":null,"parking:both":null,"oneway":null,"access":null,"service":null,"tiger:reviewed":null,"surface":"asphalt","lanes":null,"tiger:name_type":null,"tiger:name_base":null,"tiger:county":null,"tiger:cfcc":null,"name":"South Avenue","is_in:state_code":"CO","is_in:state":"Colorado","is_in:city":"Aspen"},"geometry":{"type":"LineString","coordinates":[[-106.8123082,39.1928639],[-106.8121269,39.1930505]]}},
{"type":"Feature","properties":{"full_id":"w1553658586","osm_id":"1553658586","osm_type":"way","highway":"footway","crossing:markings":null,"crossing":null,"footway":"sidewalk","maxheight":null,"oneway:bicycle":null,"bus":null,"wheelchair":null,"source:geometry":null,"operator":null,"motor_vehicle":null,"dog":null,"cycleway:both:lane":null,"parking:lanes:both":null,"maxweight:signed":null,"sidewalk:both:surface":null,"turn:lanes:forward":null,"horse":null,"mtb:scale:imba":null,"wikipedia":null,"wikidata":null,"segregated":null,"tunnel":null,"layer":null,"bridge":null,"foot":null,"turn:lanes:backward":null,"source:hgv:national_network":null,"hgv:national_network":null,"hgv":null,"alt_name":null,"parking:right:orientation":null,"parking:right":null,"parking:left:orientation":null,"parking:left":null,"cycleway:right":null,"sidewalk":null,"cycleway:both":null,"bicycle":null,"tiger:name_direction_suffix":null,"tracktype":null,"source:maxspeed":null,"smoothness":null,"parking:lane:both":null,"lanes:forward":null,"lanes:backward":null,"CDOT_route":null,"lit":null,"sidewalk:right":null,"sidewalk:left":null,"tiger:name_type_1":null,"tiger:name_direction_prefix_1":null,"tiger:name_base_1":null,"railway":null,"old_railway_operator":null,"name_1":null,"maxspeed":null,"cycleway":null,"ref":null,"tiger:name_direction_prefix":null,"parking:both:orientation":null,"parking:both":null,"oneway":null,"access":null,"service":null,"tiger:reviewed":null,"surface":null,"lanes":null,"tiger:name_type":null,"tiger:name_base":null,"tiger:county":null,"tiger:cfcc":null,"name":null,"is_in:state_code":null,"is_in:state":null,"is_in:city":null},"geometry":{"type":"LineString","coordinates":[[-106.8122217,39.1928478],[-106.8122282,39.1928835],[-106.8120806,39.1930113]]}},
{"type":"Feature","properties":{"full_id":"w1553658590","osm_id":"1553658590","osm_type":"way","highway":"service","crossing:markings":null,"crossing":null,"footway":null,"maxheight":null,"oneway:bicycle":null,"bus":null,"wheelchair":null,"source:geometry":null,"operator":null,"motor_vehicle":null,"dog":null,"cycleway:both:lane":null,"parking:lanes:both":null,"maxweight:signed":null,"sidewalk:both:surface":null,"turn:lanes:forward":null,"horse":null,"mtb:scale:imba":null,"wikipedia":null,"wikidata":null,"segregated":null,"tunnel":null,"layer":null,"bridge":null,"foot":null,"turn:lanes:backward":null,"source:hgv:national_network":null,"hgv:national_network":null,"hgv":null,"alt_name":null,"parking:right:orientation":null,"parking:right":null,"parking:left:orientation":null,"parking:left":null,"cycleway:right":null,"sidewalk":null,"cycleway:both":null,"bicycle":null,"tiger:name_direction_suffix":null,"tracktype":null,"source:maxspeed":null,"smoothness":null,"parking:lane:both":null,"lanes:forward":null,"lanes:backward":null,"CDOT_route":null,"lit":null,"sidewalk:right":null,"sidewalk:left":null,"tiger:name_type_1":null,"tiger:name_direction_prefix_1":null,"tiger:name_base_1":null,"railway":null,"old_railway_operator":null,"name_1":null,"maxspeed":null,"cycleway":null,"ref":null,"tiger:name_direction_prefix":null,"parking:both:orientation":null,"parking:both":null,"oneway":null,"access":null,"service":"driveway","tiger:reviewed":null,"surface":null,"lanes":null,"tiger:name_type":null,"tiger:name_base":null,"tiger:county":null,"tiger:cfcc":null,"name":null,"is_in:state_code":null,"is_in:state":null,"is_in:city":null},"geometry":{"type":"LineString","coordinates":[[-106.8116785,39.1931036],[-106.8116795,39.1931531],[-106.8116801,39.1931828]]}},
{"type":"Feature","properties":{"full_id":"w1553670637","osm_id":"1553670637","osm_type":"way","highway":"footway","crossing:markings":null,"crossing":null,"footway":null,"maxheight":null,"oneway:bicycle":null,"bus":null,"wheelchair":null,"source:geometry":null,"operator":null,"motor_vehicle":null,"dog":null,"cycleway:both:lane":null,"parking:lanes:both":null,"maxweight:signed":null,"sidewalk:both:surface":null,"turn:lanes:forward":null,"horse":null,"mtb:scale:imba":null,"wikipedia":null,"wikidata":null,"segregated":null,"tunnel":null,"layer":null,"bridge":null,"foot":null,"turn:lanes:backward":null,"source:hgv:national_network":null,"hgv:national_network":null,"hgv":null,"alt_name":null,"parking:right:orientation":null,"parking:right":null,"parking:left:orientation":null,"parking:left":null,"cycleway:right":null,"sidewalk":null,"cycleway:both":null,"bicycle":null,"tiger:name_direction_suffix":null,"tracktype":null,"source:maxspeed":null,"smoothness":null,"parking:lane:both":null,"lanes:forward":null,"lanes:backward":null,"CDOT_route":null,"lit":null,"sidewalk:right":null,"sidewalk:left":null,"tiger:name_type_1":null,"tiger:name_direction_prefix_1":null,"tiger:name_base_1":null,"railway":null,"old_railway_operator":null,"name_1":null,"maxspeed":null,"cycleway":null,"ref":null,"tiger:name_direction_prefix":null,"parking:both:orientation":null,"parking:both":null,"oneway":null,"access":null,"service":null,"tiger:reviewed":null,"surface":null,"lanes":null,"tiger:name_type":null,"tiger:name_base":null,"tiger:county":null,"tiger:cfcc":null,"name":null,"is_in:state_code":null,"is_in:state":null,"is_in:city":null},"geometry":{"type":"LineString","coordinates":[[-106.8170487,39.192759],[-106.816989,39.1928253],[-106.8169523,39.1929107],[-106.8169242,39.1929402],[-106.8168594,39.1929637],[-106.8167738,39.1929704],[-106.8166924,39.1929592],[-106.8166212,39.1929313],[-106.8165427,39.1929129],[-106.8164679,39.1928878],[-106.8164024,39.1928744],[-106.816324,39.1928666],[-106.8162757,39.1928705]]}},
{"type":"Feature","properties":{"full_id":"w1553670638","osm_id":"1553670638","osm_type":"way","highway":"footway","crossing:markings":null,"crossing":null,"footway":null,"maxheight":null,"oneway:bicycle":null,"bus":null,"wheelchair":null,"source:geometry":null,"operator":null,"motor_vehicle":null,"dog":null,"cycleway:both:lane":null,"parking:lanes:both":null,"maxweight:signed":null,"sidewalk:both:surface":null,"turn:lanes:forward":null,"horse":null,"mtb:scale:imba":null,"wikipedia":null,"wikidata":null,"segregated":null,"tunnel":null,"layer":null,"bridge":null,"foot":null,"turn:lanes:backward":null,"source:hgv:national_network":null,"hgv:national_network":null,"hgv":null,"alt_name":null,"parking:right:orientation":null,"parking:right":null,"parking:left:orientation":null,"parking:left":null,"cycleway:right":null,"sidewalk":null,"cycleway:both":null,"bicycle":null,"tiger:name_direction_suffix":null,"tracktype":null,"source:maxspeed":null,"smoothness":null,"parking:lane:both":null,"lanes:forward":null,"lanes:backward":null,"CDOT_route":null,"lit":null,"sidewalk:right":null,"sidewalk:left":null,"tiger:name_type_1":null,"tiger:name_direction_prefix_1":null,"tiger:name_base_1":null,"railway":null,"old_railway_operator":null,"name_1":null,"maxspeed":null,"cycleway":null,"ref":null,"tiger:name_direction_prefix":null,"parking:both:orientation":null,"parking:both":null,"oneway":null,"access":null,"service":null,"tiger:reviewed":null,"surface":null,"lanes":null,"tiger:name_type":null,"tiger:name_base":null,"tiger:county":null,"tiger:cfcc":null,"name":null,"is_in:state_code":null,"is_in:state":null,"is_in:city":null},"geometry":{"type":"LineString","coordinates":[[-106.8163966,39.1922196],[-106.8163319,39.1922229],[-106.8162621,39.1922207],[-106.816198,39.1922603],[-106.8161519,39.1922714],[-106.8161181,39.1922921],[-106.8161095,39.1923211],[-106.8161383,39.1923579],[-106.8161814,39.1923651],[-106.8162016,39.1923858],[-106.8162196,39.192436],[-106.8162505,39.1924633],[-106.8162814,39.1924751]]}},
{"type":"Feature","properties":{"full_id":"w1553670639","osm_id":"1553670639","osm_type":"way","highway":"footway","crossing:markings":null,"crossing":null,"footway":null,"maxheight":null,"oneway:bicycle":null,"bus":null,"wheelchair":null,"source:geometry":null,"operator":null,"motor_vehicle":null,"dog":null,"cycleway:both:lane":null,"parking:lanes:both":null,"maxweight:signed":null,"sidewalk:both:surface":null,"turn:lanes:forward":null,"horse":null,"mtb:scale:imba":null,"wikipedia":null,"wikidata":null,"segregated":null,"tunnel":null,"layer":null,"bridge":null,"foot":null,"turn:lanes:backward":null,"source:hgv:national_network":null,"hgv:national_network":null,"hgv":null,"alt_name":null,"parking:right:orientation":null,"parking:right":null,"parking:left:orientation":null,"parking:left":null,"cycleway:right":null,"sidewalk":null,"cycleway:both":null,"bicycle":null,"tiger:name_direction_suffix":null,"tracktype":null,"source:maxspeed":null,"smoothness":null,"parking:lane:both":null,"lanes:forward":null,"lanes:backward":null,"CDOT_route":null,"lit":null,"sidewalk:right":null,"sidewalk:left":null,"tiger:name_type_1":null,"tiger:name_direction_prefix_1":null,"tiger:name_base_1":null,"railway":null,"old_railway_operator":null,"name_1":null,"maxspeed":null,"cycleway":null,"ref":null,"tiger:name_direction_prefix":null,"parking:both:orientation":null,"parking:both":null,"oneway":null,"access":null,"service":null,"tiger:reviewed":null,"surface":null,"lanes":null,"tiger:name_type":null,"tiger:name_base":null,"tiger:county":null,"tiger:cfcc":null,"name":null,"is_in:state_code":null,"is_in:state":null,"is_in:city":null},"geometry":{"type":"LineString","coordinates":[[-106.8173058,39.1928022],[-106.817325,39.192833],[-106.8173575,39.1928649],[-106.8173439,39.1928846],[-106.8173363,39.1929052],[-106.8173333,39.1929134],[-106.8173474,39.192949],[-106.817394,39.1929426],[-106.8174406,39.192959],[-106.8174848,39.1929705],[-106.8175968,39.1929481],[-106.8176268,39.1929257],[-106.8176864,39.1928955],[-106.8177677,39.19288],[-106.8178078,39.1928681],[-106.8180242,39.1928503],[-106.8180565,39.1928205]]}},
{"type":"Feature","properties":{"full_id":"w1553670661","osm_id":"1553670661","osm_type":"way","highway":"footway","crossing:markings":null,"crossing":null,"footway":"sidewalk","maxheight":null,"oneway:bicycle":null,"bus":null,"wheelchair":null,"source:geometry":null,"operator":null,"motor_vehicle":null,"dog":null,"cycleway:both:lane":null,"parking:lanes:both":null,"maxweight:signed":null,"sidewalk:both:surface":null,"turn:lanes:forward":null,"horse":null,"mtb:scale:imba":null,"wikipedia":null,"wikidata":null,"segregated":null,"tunnel":null,"layer":null,"bridge":null,"foot":null,"turn:lanes:backward":null,"source:hgv:national_network":null,"hgv:national_network":null,"hgv":null,"alt_name":null,"parking:right:orientation":null,"parking:right":null,"parking:left:orientation":null,"parking:left":null,"cycleway:right":null,"sidewalk":null,"cycleway:both":null,"bicycle":null,"tiger:name_direction_suffix":null,"tracktype":null,"source:maxspeed":null,"smoothness":null,"parking:lane:both":null,"lanes:forward":null,"lanes:backward":null,"CDOT_route":null,"lit":null,"sidewalk:right":null,"sidewalk:left":null,"tiger:name_type_1":null,"tiger:name_direction_prefix_1":null,"tiger:name_base_1":null,"railway":null,"old_railway_operator":null,"name_1":null,"maxspeed":null,"cycleway":null,"ref":null,"tiger:name_direction_prefix":null,"parking:both:orientation":null,"parking:both":null,"oneway":null,"access":null,"service":null,"tiger:reviewed":null,"surface":null,"lanes":null,"tiger:name_type":null,"tiger:name_base":null,"tiger:county":null,"tiger:cfcc":null,"name":null,"is_in:state_code":null,"is_in:state":null,"is_in:city":null},"geometry":{"type":"LineString","coordinates":[[-106.8097192,39.1879199],[-106.8100234,39.1879724],[-106.8100464,39.1880062],[-106.8100871,39.1880204],[-106.810156,39.1880254],[-106.8102109,39.1880451],[-106.8102238,39.1880053]]}},
{"type":"Feature","properties":{"full_id":"w1553670662","osm_id":"1553670662","osm_type":"way","highway":"footway","crossing:markings":"yes","crossing":"uncontrolled","footway":"crossing","maxheight":null,"oneway:bicycle":null,"bus":null,"wheelchair":null,"source:geometry":null,"operator":null,"motor_vehicle":null,"dog":null,"cycleway:both:lane":null,"parking:lanes:both":null,"maxweight:signed":null,"sidewalk:both:surface":null,"turn:lanes:forward":null,"horse":null,"mtb:scale:imba":null,"wikipedia":null,"wikidata":null,"segregated":null,"tunnel":null,"layer":null,"bridge":null,"foot":null,"turn:lanes:backward":null,"source:hgv:national_network":null,"hgv:national_network":null,"hgv":null,"alt_name":null,"parking:right:orientation":null,"parking:right":null,"parking:left:orientation":null,"parking:left":null,"cycleway:right":null,"sidewalk":null,"cycleway:both":null,"bicycle":null,"tiger:name_direction_suffix":null,"tracktype":null,"source:maxspeed":null,"smoothness":null,"parking:lane:both":null,"lanes:forward":null,"lanes:backward":null,"CDOT_route":null,"lit":null,"sidewalk:right":null,"sidewalk:left":null,"tiger:name_type_1":null,"tiger:name_direction_prefix_1":null,"tiger:name_base_1":null,"railway":null,"old_railway_operator":null,"name_1":null,"maxspeed":null,"cycleway":null,"ref":null,"tiger:name_direction_prefix":null,"parking:both:orientation":null,"parking:both":null,"oneway":null,"access":null,"service":null,"tiger:reviewed":null,"surface":null,"lanes":null,"tiger:name_type":null,"tiger:name_base":null,"tiger:county":null,"tiger:cfcc":null,"name":null,"is_in:state_code":null,"is_in:state":null,"is_in:city":null},"geometry":{"type":"LineString","coordinates":[[-106.8102238,39.1880053],[-106.8102901,39.1880008],[-106.8103639,39.1879958]]}},
{"type":"Feature","properties":{"full_id":"w1553673766","osm_id":"1553673766","osm_type":"way","highway":"footway","crossing:markings":null,"crossing":null,"footway":"sidewalk","maxheight":null,"oneway:bicycle":null,"bus":null,"wheelchair":null,"source:geometry":null,"operator":null,"motor_vehicle":null,"dog":null,"cycleway:both:lane":null,"parking:lanes:both":null,"maxweight:signed":null,"sidewalk:both:surface":null,"turn:lanes:forward":null,"horse":null,"mtb:scale:imba":null,"wikipedia":null,"wikidata":null,"segregated":null,"tunnel":null,"layer":null,"bridge":null,"foot":null,"turn:lanes:backward":null,"source:hgv:national_network":null,"hgv:national_network":null,"hgv":null,"alt_name":null,"parking:right:orientation":null,"parking:right":null,"parking:left:orientation":null,"parking:left":null,"cycleway:right":null,"sidewalk":null,"cycleway:both":null,"bicycle":null,"tiger:name_direction_suffix":null,"tracktype":null,"source:maxspeed":null,"smoothness":null,"parking:lane:both":null,"lanes:forward":null,"lanes:backward":null,"CDOT_route":null,"lit":null,"sidewalk:right":null,"sidewalk:left":null,"tiger:name_type_1":null,"tiger:name_direction_prefix_1":null,"tiger:name_base_1":null,"railway":null,"old_railway_operator":null,"name_1":null,"maxspeed":null,"cycleway":null,"ref":null,"tiger:name_direction_prefix":null,"parking:both:orientation":null,"parking:both":null,"oneway":null,"access":null,"service":null,"tiger:reviewed":null,"surface":null,"lanes":null,"tiger:name_type":null,"tiger:name_base":null,"tiger:county":null,"tiger:cfcc":null,"name":null,"is_in:state_code":null,"is_in:state":null,"is_in:city":null},"geometry":{"type":"LineString","coordinates":[[-106.817301,39.1893157],[-106.8182573,39.189511]]}},
{"type":"Feature","properties":{"full_id":"w1553673767","osm_id":"1553673767","osm_type":"way","highway":"footway","crossing:markings":null,"crossing":null,"footway":"sidewalk","maxheight":null,"oneway:bicycle":null,"bus":null,"wheelchair":null,"source:geometry":null,"operator":null,"motor_vehicle":null,"dog":null,"cycleway:both:lane":null,"parking:lanes:both":null,"maxweight:signed":null,"sidewalk:both:surface":null,"turn:lanes:forward":null,"horse":null,"mtb:scale:imba":null,"wikipedia":null,"wikidata":null,"segregated":null,"tunnel":null,"layer":null,"bridge":null,"foot":null,"turn:lanes:backward":null,"source:hgv:national_network":null,"hgv:national_network":null,"hgv":null,"alt_name":null,"parking:right:orientation":null,"parking:right":null,"parking:left:orientation":null,"parking:left":null,"cycleway:right":null,"sidewalk":null,"cycleway:both":null,"bicycle":null,"tiger:name_direction_suffix":null,"tracktype":null,"source:maxspeed":null,"smoothness":null,"parking:lane:both":null,"lanes:forward":null,"lanes:backward":null,"CDOT_route":null,"lit":null,"sidewalk:right":null,"sidewalk:left":null,"tiger:name_type_1":null,"tiger:name_direction_prefix_1":null,"tiger:name_base_1":null,"railway":null,"old_railway_operator":null,"name_1":null,"maxspeed":null,"cycleway":null,"ref":null,"tiger:name_direction_prefix":null,"parking:both:orientation":null,"parking:both":null,"oneway":null,"access":null,"service":null,"tiger:reviewed":null,"surface":null,"lanes":null,"tiger:name_type":null,"tiger:name_base":null,"tiger:county":null,"tiger:cfcc":null,"name":null,"is_in:state_code":null,"is_in:state":null,"is_in:city":null},"geometry":{"type":"LineString","coordinates":[[-106.8178255,39.1877393],[-106.8185577,39.187886],[-106.8185695,39.1878975],[-106.8187805,39.1879418],[-106.818773,39.1879768]]}},
{"type":"Feature","properties":{"full_id":"w1553721409","osm_id":"1553721409","osm_type":"way","highway":"footway","crossing:markings":null,"crossing":null,"footway":"sidewalk","maxheight":null,"oneway:bicycle":null,"bus":null,"wheelchair":null,"source:geometry":null,"operator":null,"motor_vehicle":null,"dog":null,"cycleway:both:lane":null,"parking:lanes:both":null,"maxweight:signed":null,"sidewalk:both:surface":null,"turn:lanes:forward":null,"horse":null,"mtb:scale:imba":null,"wikipedia":null,"wikidata":null,"segregated":null,"tunnel":null,"layer":null,"bridge":null,"foot":null,"turn:lanes:backward":null,"source:hgv:national_network":null,"hgv:national_network":null,"hgv":null,"alt_name":null,"parking:right:orientation":null,"parking:right":null,"parking:left:orientation":null,"parking:left":null,"cycleway:right":null,"sidewalk":null,"cycleway:both":null,"bicycle":null,"tiger:name_direction_suffix":null,"tracktype":null,"source:maxspeed":null,"smoothness":null,"parking:lane:both":null,"lanes:forward":null,"lanes:backward":null,"CDOT_route":null,"lit":null,"sidewalk:right":null,"sidewalk:left":null,"tiger:name_type_1":null,"tiger:name_direction_prefix_1":null,"tiger:name_base_1":null,"railway":null,"old_railway_operator":null,"name_1":null,"maxspeed":null,"cycleway":null,"ref":null,"tiger:name_direction_prefix":null,"parking:both:orientation":null,"parking:both":null,"oneway":null,"access":null,"service":null,"tiger:reviewed":null,"surface":null,"lanes":null,"tiger:name_type":null,"tiger:name_base":null,"tiger:county":null,"tiger:cfcc":null,"name":null,"is_in:state_code":null,"is_in:state":null,"is_in:city":null},"geometry":{"type":"LineString","coordinates":[[-106.8076972,39.1820055],[-106.80773,39.1819599],[-106.8077851,39.1819176],[-106.807843,39.1818906],[-106.8078976,39.1818828],[-106.8079758,39.1818936],[-106.8080318,39.1819116],[-106.8080815,39.1819086],[-106.8081308,39.1818828],[-106.8082104,39.1819018],[-106.80825,39.1819284],[-106.8083108,39.1819217],[-106.8083606,39.1819105],[-106.8084562,39.1819378],[-106.8085629,39.1819801],[-106.8086531,39.1820388]]}},
{"type":"Feature","properties":{"full_id":"w1553734615","osm_id":"1553734615","osm_type":"way","highway":"steps","crossing:markings":null,"crossing":null,"footway":null,"maxheight":null,"oneway:bicycle":null,"bus":null,"wheelchair":null,"source:geometry":null,"operator":null,"motor_vehicle":null,"dog":null,"cycleway:both:lane":null,"parking:lanes:both":null,"maxweight:signed":null,"sidewalk:both:surface":null,"turn:lanes:forward":null,"horse":null,"mtb:scale:imba":null,"wikipedia":null,"wikidata":null,"segregated":null,"tunnel":null,"layer":null,"bridge":null,"foot":null,"turn:lanes:backward":null,"source:hgv:national_network":null,"hgv:national_network":null,"hgv":null,"alt_name":null,"parking:right:orientation":null,"parking:right":null,"parking:left:orientation":null,"parking:left":null,"cycleway:right":null,"sidewalk":null,"cycleway:both":null,"bicycle":null,"tiger:name_direction_suffix":null,"tracktype":null,"source:maxspeed":null,"smoothness":null,"parking:lane:both":null,"lanes:forward":null,"lanes:backward":null,"CDOT_route":null,"lit":null,"sidewalk:right":null,"sidewalk:left":null,"tiger:name_type_1":null,"tiger:name_direction_prefix_1":null,"tiger:name_base_1":null,"railway":null,"old_railway_operator":null,"name_1":null,"maxspeed":null,"cycleway":null,"ref":null,"tiger:name_direction_prefix":null,"parking:both:orientation":null,"parking:both":null,"oneway":null,"access":null,"service":null,"tiger:reviewed":null,"surface":null,"lanes":null,"tiger:name_type":null,"tiger:name_base":null,"tiger:county":null,"tiger:cfcc":null,"name":null,"is_in:state_code":null,"is_in:state":null,"is_in:city":null},"geometry":{"type":"LineString","coordinates":[[-106.8165017,39.1906802],[-106.8165929,39.1906311]]}},
{"type":"Feature","properties":{"full_id":"w1553734616","osm_id":"1553734616","osm_type":"way","highway":"footway","crossing:markings":null,"crossing":null,"footway":"sidewalk","maxheight":null,"oneway:bicycle":null,"bus":null,"wheelchair":null,"source:geometry":null,"operator":null,"motor_vehicle":null,"dog":null,"cycleway:both:lane":null,"parking:lanes:both":null,"maxweight:signed":null,"sidewalk:both:surface":null,"turn:lanes:forward":null,"horse":null,"mtb:scale:imba":null,"wikipedia":null,"wikidata":null,"segregated":null,"tunnel":null,"layer":null,"bridge":null,"foot":null,"turn:lanes:backward":null,"source:hgv:national_network":null,"hgv:national_network":null,"hgv":null,"alt_name":null,"parking:right:orientation":null,"parking:right":null,"parking:left:orientation":null,"parking:left":null,"cycleway:right":null,"sidewalk":null,"cycleway:both":null,"bicycle":null,"tiger:name_direction_suffix":null,"tracktype":null,"source:maxspeed":null,"smoothness":null,"parking:lane:both":null,"lanes:forward":null,"lanes:backward":null,"CDOT_route":null,"lit":null,"sidewalk:right":null,"sidewalk:left":null,"tiger:name_type_1":null,"tiger:name_direction_prefix_1":null,"tiger:name_base_1":null,"railway":null,"old_railway_operator":null,"name_1":null,"maxspeed":null,"cycleway":null,"ref":null,"tiger:name_direction_prefix":null,"parking:both:orientation":null,"parking:both":null,"oneway":null,"access":null,"service":null,"tiger:reviewed":null,"surface":null,"lanes":null,"tiger:name_type":null,"tiger:name_base":null,"tiger:county":null,"tiger:cfcc":null,"name":null,"is_in:state_code":null,"is_in:state":null,"is_in:city":null},"geometry":{"type":"LineString","coordinates":[[-106.8166454,39.1905803],[-106.8166219,39.1906031],[-106.8165929,39.1906311]]}},
{"type":"Feature","properties":{"full_id":"w1553734621","osm_id":"1553734621","osm_type":"way","highway":"service","crossing:markings":null,"crossing":null,"footway":null,"maxheight":null,"oneway:bicycle":null,"bus":null,"wheelchair":null,"source:geometry":null,"operator":null,"motor_vehicle":null,"dog":null,"cycleway:both:lane":null,"parking:lanes:both":null,"maxweight:signed":null,"sidewalk:both:surface":null,"turn:lanes:forward":null,"horse":null,"mtb:scale:imba":null,"wikipedia":null,"wikidata":null,"segregated":null,"tunnel":null,"layer":null,"bridge":null,"foot":null,"turn:lanes:backward":null,"source:hgv:national_network":null,"hgv:national_network":null,"hgv":null,"alt_name":null,"parking:right:orientation":null,"parking:right":null,"parking:left:orientation":null,"parking:left":null,"cycleway:right":null,"sidewalk":null,"cycleway:both":null,"bicycle":null,"tiger:name_direction_suffix":null,"tracktype":null,"source:maxspeed":null,"smoothness":null,"parking:lane:both":null,"lanes:forward":null,"lanes:backward":null,"CDOT_route":null,"lit":null,"sidewalk:right":null,"sidewalk:left":null,"tiger:name_type_1":null,"tiger:name_direction_prefix_1":null,"tiger:name_base_1":null,"railway":null,"old_railway_operator":null,"name_1":null,"maxspeed":null,"cycleway":null,"ref":null,"tiger:name_direction_prefix":null,"parking:both:orientation":null,"parking:both":null,"oneway":null,"access":null,"service":"alley","tiger:reviewed":null,"surface":null,"lanes":null,"tiger:name_type":null,"tiger:name_base":null,"tiger:county":null,"tiger:cfcc":null,"name":null,"is_in:state_code":null,"is_in:state":null,"is_in:city":null},"geometry":{"type":"LineString","coordinates":[[-106.8156366,39.1903875],[-106.8165061,39.1905691],[-106.816489,39.1906569]]}},
{"type":"Feature","properties":{"full_id":"w1553734622","osm_id":"1553734622","osm_type":"way","highway":"footway","crossing:markings":null,"crossing":null,"footway":"sidewalk","maxheight":null,"oneway:bicycle":null,"bus":null,"wheelchair":null,"source:geometry":null,"operator":null,"motor_vehicle":null,"dog":null,"cycleway:both:lane":null,"parking:lanes:both":null,"maxweight:signed":null,"sidewalk:both:surface":null,"turn:lanes:forward":null,"horse":null,"mtb:scale:imba":null,"wikipedia":null,"wikidata":null,"segregated":null,"tunnel":null,"layer":null,"bridge":null,"foot":null,"turn:lanes:backward":null,"source:hgv:national_network":null,"hgv:national_network":null,"hgv":null,"alt_name":null,"parking:right:orientation":null,"parking:right":null,"parking:left:orientation":null,"parking:left":null,"cycleway:right":null,"sidewalk":null,"cycleway:both":null,"bicycle":null,"tiger:name_direction_suffix":null,"tracktype":null,"source:maxspeed":null,"smoothness":null,"parking:lane:both":null,"lanes:forward":null,"lanes:backward":null,"CDOT_route":null,"lit":null,"sidewalk:right":null,"sidewalk:left":null,"tiger:name_type_1":null,"tiger:name_direction_prefix_1":null,"tiger:name_base_1":null,"railway":null,"old_railway_operator":null,"name_1":null,"maxspeed":null,"cycleway":null,"ref":null,"tiger:name_direction_prefix":null,"parking:both:orientation":null,"parking:both":null,"oneway":null,"access":null,"service":null,"tiger:reviewed":null,"surface":null,"lanes":null,"tiger:name_type":null,"tiger:name_base":null,"tiger:county":null,"tiger:cfcc":null,"name":null,"is_in:state_code":null,"is_in:state":null,"is_in:city":null},"geometry":{"type":"LineString","coordinates":[[-106.8166219,39.1906031],[-106.8166271,39.1906657],[-106.8166535,39.1907213],[-106.8167106,39.1907474],[-106.816858,39.1907766],[-106.8168737,39.1907307]]}}
]
}
